data,prosmotry,laiki,kommentarii,dlitelnost,ssylka,opisanie,transkript
2023-08-28,2142545,118685,2729,65.5,https://www.instagram.com/p/CwfMcI7I7Si/,"Когда в жизни вы встречаете в вышей степени вежливого, открытого и расположенного к общению человека, никогда не забывайте, что у таких людей есть своя обратная, теневая сторона не менее сильная, чем их добрая и светлая сторона. 
Просто пройдя через всевозможные кризисы, сложнейшие жизненные ситуации, переломы, перевалы, теряя,  встречая людей, пройдя все, это привело их к этой точке. 
Они осознанно выбрали быть добрыми, открытыми и расположенными людьми.
У таких людей очень высокий уровень самоконтроля и одна из их сильных сторон - это контроль над слабостями.
Помните, что их обратная, их теневая сторона, она не исчезла, не умерла, она просто спит. 
Поэтому, никогда нельзя по потребительски относиться к их доброте, открытости и расположенности, так как это может очень дорого вам обойтись. 
Такие люди  могут сделать вам очень больно, и поэтому «не нужно будить зверя».

Консультирование и обучение - переходите по ссылке в шапке профиля","И знаете, что никогда нельзя забывать, когда вы встречаетесь в высшей степени доброго, открытого и расположенного к общению человека. Никогда не забывайте, что у таких людей есть и обратная сторона, причём не менее сильная, чем их добрая и светлая. Просто эти люди осознанно выбирают стоять на светлой стороне, потому что, проходя через различные жизненные кризисы, сложные ситуации, переломы, перевалы, теряя людей, встречая людей, они пришли до этой точки. Они осознанно выбирают быть добрыми, открытыми и расположенными к общению. У таких людей очень высокий уровень самоконтроля, и одна из их сильных сторон— это контроль над слабостями. И помните, их обратная, синевая сторона, она никуда не исчезла, она не умерла, она просто спит. И поэтому никогда не нужно потребительски относиться к их доброте, открытости и расположенности, потому что это может вам очень дорого обойтись. Такие люди могут вам сделать очень больно и поэтому не надо будить в них зверя."
2024-05-06,981223,35676,532,58.13333511,https://www.instagram.com/p/C6n2jwKiaOo/,"Знаете, когда вас начинают не замечать и ни во что не ставить? Когда вы слишком на многое закрываете глаза, слишком много прощайте, ставите запятые там, где нужно было поставить точку. 
Когда вы пытаетесь  понять и объяснить себе то, что понимать и объяснять себе не нужно. И 
со временем вас начинают не ценить и не во что не ставить. Это неизбежность. 
Это правило в отношениях нужно заучить как 2 × 2 - нужно установить и удерживать равновесие, баланс между тем, что вы даете тем, что вы получаете.
Только таким образом у вас не будет проблем с самооценкой, вы будете ощущать собственную ценность и не потеряете ценность в жизни партнера. 

✔️Консультирование и обучение violamaro.com - переходите по ссылке в шапке профиля

 ✔️Подписывайся на @viola.maro.psy 
И узнай больше о психологии отношений, самореализации, мотивации","А знаете, когда вас начинают не замечать, ни во что не ставить? Когда вы слишком много начинаете прощать. Когда вы на слишком многое начинаете закрывать глаза. Когда вы ставите слишком много... запятых, когда нужно поставить одну жирную точку, когда вы постоянно пытаетесь понять, объяснить себе то, что понимать и объяснять вообще не нужно. И таким образом со временем вас начинают ни во что не ставить, принимать как само собой разумеющейся, и это неизбежно. И вот это вот правило необходимо заучить буквально как дважды два. Необходимо установить и удерживать равновесие, баланс в отношениях. между тем, что вы даёте, и тем, что вы получаете. Только так у вас исчезнут проблемы с самооценкой, вы будете ощущать собственную ценность и останетесь ценностью для партнёра."
2025-01-14,15113,642,9,122.76667,https://www.instagram.com/p/DEzVpsNCjh0/,"Закон притяжения, аффирмации, вибрации, реализация желаемого — все это широко обсуждаемая тема. Но почему часто говорим о психологии? Да, это работа с психикой, но не стоит путать — на самом деле, речь идет о физике. Мы все, с самого рождения, притягиваем в свою жизнь реальность, которую находим вокруг себя. И здесь нет необходимости учиться этому — вы уже притягиваете, даже если не осознаете этого.

Но что, если вы хотите изменить свою реальность, выйти из текущей ситуации, которую не устраивает? Вот тут и включается психология. Если визуализации, аффирмации и вибрации не дают результата, это означает, что внутри вас существуют ограничивающие или блокирующие установки на уровне подсознания. И вот здесь психология становится ключом к решению.

Для того чтобы закон притяжения работал в полной мере, необходимо убрать эти ограничивающие программы. И именно психология помогает вам в этом!

Если вам интересно, как все это работает, и вы хотите научиться управлять своей реальностью, приходите на мастер-класс 31 января. Это уникальная возможность лучше понять скрытые механизмы вашего внутреннего мира и заставить закон притяжения работать на вас а не против вас!

✔️Консультирование и терапия 
🔥Мастер-Класс «Как работает Закон Притяжения - с научной и практической точки зрения» 30 января 🔗 для записи и участия переходите по ссылке в шапке профиля
🔥 Углубленный курс по саморазвитию и Практической Эмпатии 2.0
🔗violamaro.com - переходите по ссылке в шапке профиля",
2025-01-15,61698,2602,77,299,https://www.instagram.com/p/DE2DeDwigZK/,"Простить – это значит отпустить и больше не ждать от людей и ситуаций того, что они обещали или, по вашему мнению, должны были дать. Обида – это тяжелый груз, который в первую очередь давит на обиженного, а не на тех, кто, как кажется, остался в долгу. Обида – это психологическая упертость, это упорное ожидание, стиснув зубы, что вам вернут то, что вы считаете вам причитается по праву: любовь, понимание, доверие, деньги, или что-то другое, чего вы ждали от людей, банка, родителей. 

Почему вы этого ждете? Потому что считаете это правильным. Потому что вы верили, доверяли, были честными. Но ваше ожидание не оправдалось. Время прошло, и то, что вы ждете, вам никто не вернет. Более того, вы рискуете остаться в этой внутренней пустыне состояния ожидания навсегда.

Чтобы освободиться, нужно сознательно «закопать меч войны», кем бы или чем бы ни был ваш «враг». Нужно повторять себе, словно мантру: «Я больше не жду, что ты, что вы мне что-то вернете, дадите то, чего я так ждал, на что надеялся и во что верил. Я прощаю вас за этот долг передо мной, я прощаю вам эту обиду». 

Простите также и себя – за ошибки, за неверные шаги, за неудачные вложения. Только простив всех и вся, вы сможете освободиться внутри от тягостных негативных эмоций. Но это вовсе не значит, что вы должны после этого любить тех, кто вас обидел. Нет. 

Любовь не вырастает, как хвостик у ящурки , после прощения. Максимум, чего можно добиться, – это ровного отношения к человеку. Уважение, вежливость – да, но не любовь. Психика не сможет полюбить тех, кто предал ее доверие, кто забрал, но ничего не дал взамен, кто пользовался, но не возвращал. Психика никогда не прощает до конца. Не заставляйте себя любить обидчиков – это невозможно. Но научиться относиться к ним ровно – это уже очень и очень много.
И вот здесь, психология и психотерапия вам в помощь!

✔️Консультирование и терапия 
🔥Мастер-Класс «Как работает Закон Притяжения - с научной и практической точки зрения» 30 января 🔗 для записи и участия переходите по ссылке в шапке профиля
🔥 Углубленный курс по саморазвитию и Практической Эмпатии 2.0
🔗violamaro.com - переходите по ссылке в шапке профиля","Простить обиду. Простить обиды – это жизненно необходимо для каждого человека. Потому что простить – это значит отпустить и больше не ждать. Не ждать возврата, не ждать обещанного от людей, от ситуации. Не ждать того, что они должны были бы дать, но не дали. Того, что вы не получили, и это ожидание осталось у вас внутри. И вот обида – это тяжелейший груз прежде всего для обиженного человека, а не для тех, не для того, кто остался в долгу. Обида – это такое состояние психологической упёртости, это ожидание буквально со стиснутыми зубами того, что вам должны, обязаны вернуть. Вернуть любовь, вернуть понимание, вернуть доверие, вернуть деньги, вернуть непрожитую жизнь, вернуть что-то, что вы ждали от людей с ситуацией банков, но так и не получили. И почему мы вот так Упёрто стоим на своём. Почему мы держим обиду? Потому что мы верим, что это правильно. Мы верили, надеялись, мы любили, мы были открытыми, мы были честными. И нас обманули, нас предали, нам сделали больно, когда мы этого не ожидали, когда мы были открыты, когда мы доверяли. Но, к сожалению, наше ожидание не оправдалось, и мы находимся в ситуации, Разочарование. Время прошло, время идёт, обещанного нам уже никто не вернёт, мы сами это понимаем, но остаёмся ждать в этой внутренней пустыне, настойчиво стоим на своём и можем ждать обещанного вечно. Именно поэтому обиду отпустить так сложно. И что с этим делать? Нужно осознанно закопать меч этой войны. Нужно осознанно выйти из этого ожидания, выйти из этой битвы для того, чтобы освободиться внутри. Нужно буквально повторять как мантру «Я больше не буду ждать, я больше не жду того, что вы мне вернёте». вернёте то, на что я так надеялся, во что я так верил и что я так ждал. Я прощаю вам эту обиду, я прощаю вам этот долг передо мной. Но помимо прощения других людей и ситуации, нужно простить и себя за неправильные шаги, за ошибки, за потерянное время, за неправильно принятые решения. Только так Просив всё и всем, вы сможете освободиться внутри себя от негативных эмоций. Но это вовсе не означает, что после этого придёт любовь. Прощение не предполагает, что за ним придёт любовь, что после этого, простив человека, вы его полюбите. Нет, любовь не нарастает после прощения, как хвостик у ящерки. Простив человека, максимум, чего вы можете добиться, это некого равного, нейтрального к нему или же к ней отношения. То есть, если вы хотите отпустить обиды на родителей, которые остались внутри вас ещё с детства, после прощения любовь не нарастает. Прощение не трансформируется в любовь. Оно трансформируется, скорее, в такое спокойствие. Уважение – да. Вежливость – да. Любовь – нет. Даже когда вы проходите процесс терапии внутри себя, когда вы прощаете себя за ошибки, потом вам нужно научиться любить себя. Психика, на самом деле, никогда не прощает. Психика никогда не прощает обидчика, тех, кто предал её доверие, предал её любовь и открытость. Психика также не прощает тех, брал и ничего не давал взамен. Тех, кто пользовался её верой, доверием и любовью, пользовался, но не платил той же монетой. Психика никогда не прощает, поэтому не заставляйте любить себя тех, кто когда-то вас обидел, кто когда-то сделал вам больно. У вас это не получится. Не обманывайте себя. Но вы можете научиться относиться к ним ровно. Вы можете найти покой внутри себя, а это уже очень и очень много. И вот здесь психология и психотерапия вам в помощь."
2025-01-16,41206,1849,51,176.566666,https://www.instagram.com/p/DE47PAKCCAP/,"✔️Консультирование и терапия 
🔥Мастер-Класс «Как работает Закон Притяжения - с научной и практической точки зрения» 30 января 🔗 для записи и участия переходите по ссылке в шапке профиля
🔥 Углубленный курс по саморазвитию и Практической Эмпатии 2.0
🔗violamaro.com - переходите по ссылке в шапке профиля","Вот три вещи, о которых вам нужно знать, когда вы хотите изменить свою жизнь к лучшему, изменить свои отношения, изменить свою работу. Что-то поменять, потому что по-старому вы уже не можете, но, возможно, по-новому вы ещё не знаете как. Во-первых, настоящие изменения, к сожалению, происходят только тогда, когда вы достаточно настрадались. На самом деле человек по-настоящему готов изменить свою жизнь, измениться внутри, после того, когда он или же она испробовали всё, пытались проверить все гипотезы, которые позволят им существовать по-старому. в тех отношениях с тем человеком. И вот только тогда, когда перестаёт получаться по всем фронтам, когда мы, наконец, буквально упираемся в стену, буквально падаем на самое дно, только после того, когда вам достаточно сделали больно или после того, когда вы себя мучили достаточно, вы готовы действительно измениться. К сожалению, но это факт. И знаете что? Подавляющее большинство людей, если не сказать 99%, Готовы измениться не потому, что они хотят лучшего для себя, а потому, что им уже надоело находиться в худшем. Первичным побудителем к изменениям становится тот факт, что человек просто устал страдать. Во-вторых, не ждите, что ваши близкие, окружающие примут ваши изменения, что они будут буквально аплодировать стоя в процессе ваших изменений. Более того, весь парадокс заключен в том, что чаще всего близкие сначала стимулируют вам, они говорят, Тебе нужно что-то изменить, выходи из этих отношений, бросай этого человека, начинай что-то новое. Ты такой умный, такой гениальный. Они пытаются всячески вас стимулировать, вытащить вас из ямы. Но когда вы начинаете двигаться, когда вы начинаете меняться, они начинают проявлять себя по-другому. Говорят, нет, ты знаешь, ты стал другим, с тобой что-то не так. Говорят, что вы изменились, и причем не в лучшую сторону с их точки зрения. И как ни странно, очень много людей, которые побуждали вас выйти из болезненного и депрессивного состояния, в дальнейшем не готовы принять новую, лучшую версию вас самих. И в-третьих, не пытайтесь их переубеждать. На самом деле мы нуждаемся в препятствиях для того, чтобы выработать в себе более устойкую привычку к изменениям. Нам необходимо сопротивляться от чего-то, отталкиваться для того, чтобы более ритмично идти вперёд. То есть научитесь использовать энергию внутреннего сопротивления относительно тех, кто вас не принимает, не понимает для того, чтобы пройти самый сложный первичный этап изменений."
2025-01-29,38536,1847,49,240.03334,https://www.instagram.com/p/DFa3LK8CCYy/,"5 вещей, которые иногда нужно напоминать себе особенно мы проходим кризисы, разочарования или перекрестки нашей жизни:
 1 То, что больно — не значит, что ты принял неправильное решение. Правильные решения всегда сопровождаются болью роста.
 2 Твоя жизнь не так уж и плоха. Это не жизнь давит на тебя — это ты сам загоняешь себя в рамки перфекционизма. Позволь себе быть несовершенным, и твоя душа обретёт больше свободы.
 3 Никто не может удерживать тебя сильнее, чем та часть тебя, которая боится перемен. Осознанность — это понимание того, что самая большая битва идёт внутри тебя, а не с окружающими.
 4 Как бы высоко ты ни поднялся, если твой разум не обретёт покой, никакой успех не принесёт тебе удовлетворения.
 5 Ты не сможешь войти в новые двери возможностей, если продолжаешь тащить за собой прошлое.Оставь его позади, закрой ту дверь и посмотри, как далеко ты сможешь вырасти.

🔥Мастер-Класс «Как работает Закон Притяжения - с научной и практической точки зрения» 🔗 для записи и участия переходите по ссылке в шапке профиля
🔥 Углубленный курс по саморазвитию и Практической Эмпатии 2.0
✔️Консультирование и терапия
🔗violamaro.com - переходите по ссылке в шапке профиля","Вот пять вещей, которые нужно порой напоминать себе, когда мы проходим какие-то кризисные моменты, когда мы сталкиваемся с разочарованием или же просто проходим какие-то перекрёстки в нашей собственной жизни. Во-первых, иногда бывает больно. Боль – это не всегда показатель или же результат неправильно принятых нами решений. Очень многие этапы жизни, этапы роста связаны с болью. Даже рождение проходит через этап боли. Во-вторых, Нужно научиться относиться к жизни просто, здраво и трезво. Чаще всего это не жизнь плоха, и не стоит на неё сетовать. Чаще всего это мы сами загоняем себя в какие-то рамки. Это мы сами являемся заложниками и рабами, нашего перфекционизма, нашему внутреннему желанию соответствовать какому-то образу, который мы сами себе придумали или же который был нам навязан. Хотите быть более свободным? Прекратите быть сами себе абьюзерами и рабовладельцами. Не ограничивайте себя какими-то узкими и тесными вам жизненными ролями, И примите тот факт, что вы постоянно меняетесь, не существует вашего фиксированного образа. Вы 10 лет назад, 20 лет назад, неделю назад— это другой вы. Всё в жизни течёт и изменяется, и в том числе вы сами. В-третьих, никто, абсолютно никто не может вам препятствовать, не может вам помешать больше, чем вы сами, чем та часть вас самих, которая боится перемен. И поэтому осознанность— это понимание, что все проблемы, все сражения ведутся не вовне, врагов нужно искать не вовне. Все сражения, все противостояния происходят внутри вас. И только вы можете остановить эту внутреннюю битву и выбрать другой путь— путь развития, а не борьбы. В-четвёртых, как бы высоко вы ни поднимались, каких бы результатов и успехов вы ни достигали, если вы не обретёте покой вот здесь, если вы не обретёте внутреннее равновесие, внутренний баланс, никакая победа, никакой успех не принесёт вам удовлетворения. В-пятых, вы никогда не сможете увидеть, распознать новые возможности, открыть новые двери, до тех пор, пока вы тащите за собой своё прошлое, пока вы копаетесь в прошлом. И оставить прошлое позади— это означает не просто закрыть дверь, это буквально означает изменить ваш взгляд на мир, на вашу жизнь. Нужно перестать смотреть в зеркальце заднего вида, нужно перестать смотреть назад и начать смотреть вперёд. Даже если вы ещё не видите ваши невероятные горизонты и высоты, Достаточно смотреть себе под ноги. Даже если ещё впереди туман и неясость, вы видите, куда поставить ногу, вы видите, куда сделать ваш следующий шаг. Это уже много. Внутри себя достаточно знать хотя бы приблизительный ориентир вашего движения. Я двигаюсь туда, где мне хорошо, тепло, светло, радостно, где мне безопасно и я счастлив. Вот это ваш ориентир. И даже если вы не видите конечного пункта назначения, ваши ноги будут идти в правильном направлении. Достаточно, если вы просто будете видеть следующий шаг."
2025-01-30,14583,824,19,87.433334,https://www.instagram.com/p/DFczMUpCx8w/,"🔥Мастер-Класс «Как работает Закон Притяжения - с научной и практической точки зрения» 🔗 для записи и участия переходите по ссылке в шапке профиля

Иногда кажется, что желания сбываются слишком долго. Но знаете что? Это значит, что грядёт нечто по-настоящему значимое!

Всё ценное в жизни требует времени, энергии и веры. Великие перемены не случаются за один день, но они всегда приходят вовремя.

Ожидание — самый сложный этап. Но именно в этот момент вы становитесь тем человеком, который будет готов принять то, о чём мечтал.

Чем масштабнее цель, тем больше подготовки она требует. И это нормально! Ведь потрясающие вещи требуют потрясающего терпения.

Всему своё время, и когда ваше время настанет — каждая минута ожидания окажется оправданной. Хотите узнать, как ускорить этот процесс? Присоединяйтесь к нашему мастер-классу и узнайте, как работает закон притяжения!

🔥Мастер-Класс «Как работает Закон Притяжения - с научной и практической точки зрения» 🔗 для записи и участия переходите по ссылке в шапке профиля
🔥 Углубленный курс по саморазвитию и Практической Эмпатии 2.0
✔️Консультирование и терапия
🔗violamaro.com - переходите по ссылке в шапке профиля",
2025-01-30,22865,795,40,90.033333,https://www.instagram.com/p/DFdbt8GizLM/,"Есть одна очень извращённая психологическая модель поведения: когда рядом с вами человек, в присутствии которого вы постоянно чувствуете себя так, словно находитесь под микроскопом. Как будто вас непрерывно оценивают, осуждают, критикуют — даже если на лице такого человека всегда фальшиво-вежливая улыбка.

Вы чувствуете себя не на своём месте, неуверенно, неадекватно. В таких ситуациях невозможно чувствовать себя свободным, счастливым, спокойным — вы просто пытаетесь не ошибиться, не оступиться.

Важно осознать это и внутри себя выйти из этого уголка, в который вас загоняют. Это психологическая ловушка, несовместимая с жизнью, а лишь с выживанием.

В подобных обстоятельствах ваша реакция неизбежно будет уходить либо в агрессию, либо в депрессию.

Помните: в здоровой коммуникации  и отношениях, среди адекватных людей вы ведёте себя естественно и спонтанно. Если же вы постоянно ощущаете себя «под прицелом», то рано или поздно это приведёт к стрессу, неврозу и различным психосоматическим заболеваниям.

🔥Мастер-Класс «Как работает Закон Притяжения - с научной и практической точки зрения» 🔗 для записи и участия переходите по ссылке в шапке профиля
🔥 Углубленный курс по саморазвитию и Практической Эмпатии 2.0
✔️Консультирование и терапия
🔗violamaro.com - переходите по ссылке в шапке профиля",
2025-01-31,40442,1536,74,90.033333,https://www.instagram.com/p/DFffwo9ikPz/,"Если вы определяете себя как человека чувствительного, с повышенной чувствительностью, скорее всего, в прошлом вы не единожды ощущали себя другим, странным, отличающимся от окружающих. Ваше видение мира, ваше ощущение вещей, ваши чувства, ваши сопереживания они отличаются по качеству и глубине. 
Эти отличия, эти странности развили в вас особое внимание к собственному состоянию, к состоянию других людей. Вы — как живой радар, который настроен на состояние, эмоции других людей, вы за Гмечаете даже мельчайшие изменения.

Самая большая ошибка в отношении других людей, с которой сталкиваются такие чувствительные и эмпатичные натуры, — это ожидание встретить человека, точно такого же, как вы. 
Это очень сложно. 
Если у вас будет такое ожидание, с очень большой вероятностью вы или сталкиваетесь с чередой разочарований в людях. 
Максимально допустимое ожидание, которое может у вас быть, — это желание и ожидание встретить человека, который принимает, признаёт вашу чувствительность и уважает ваши особенности. 
И, знаете, это уже очень и очень немало.

🔥Мастер-Класс «Как работает Закон Притяжения - с научной и практической точки зрения» 🔗 для записи и участия переходите по ссылке в шапке профиля
🔥 Углубленный курс по саморазвитию и Практической Эмпатии 2.0
✔️Консультирование и терапия
🔗violamaro.com - переходите по ссылке в шапке профиля",
2025-02-01,34385,1554,37,43.933334,https://www.instagram.com/p/DFh_9k_Cnjw/,"🔥Мастер-Класс «Как работает Закон Притяжения - с научной и практической точки зрения» 🔗 для записи и участия переходите по ссылке в шапке профиля
🔥 Углубленный курс по саморазвитию и Практической Эмпатии 2.0
✔️Консультирование и терапия
🔗violamaro.com - переходите по ссылке в шапке профиля",
2025-02-01,22805,1231,39,70.433334,https://www.instagram.com/p/DFjIZ42iGGv/,"🔥Мастер-Класс «Как работает Закон Притяжения - с научной и практической точки зрения» 🔗 для записи и участия переходите по ссылке в шапке профиля
🔥 Углубленный курс по саморазвитию и Практической Эмпатии 2.0
✔️Консультирование и терапия
🔗violamaro.com - переходите по ссылке в шапке профиля",
2025-02-04,12155,361,9,112.406349,https://www.instagram.com/p/DFpRJ2ci3n4/,"🔥Мастер-Класс «Как работает Закон Притяжения - с научной и практической точки зрения» 🔗 для записи и участия переходите по ссылке в шапке профиля
🔥 Углубленный курс по саморазвитию и Практической Эмпатии 2.0
✔️Консультирование и терапия
🔗violamaro.com - переходите по ссылке в шапке профиля",
2025-02-04,305684,6502,179,86.866669,https://www.instagram.com/p/DFpmFDbCZLL/,"🔥Мастер-Класс «Как работает Закон Притяжения - с научной и практической точки зрения» 🔗 для записи и участия переходите по ссылке в шапке профиля
🔥 Углубленный курс по саморазвитию и Практической Эмпатии 2.0
✔️Консультирование и терапия
🔗violamaro.com - переходите по ссылке в шапке профиля","Когда вы теряете эмоциональную связь с человеком, когда эта связь разрывается, вот тогда человек, даже которого вы очень любили, который был или же была для вас абсолютно всем в жизни, вот этот человек для вас становится обычным, просто человеком. И вот эта эмоциональная связь может разрушиться или же из-за какого-то предательства огромного, или же череды маленьких предательств, или же вот эта эмоциональная связь может быть разрушена вами специально, намеренно. А когда это можно? или даже нужно сделать, когда, к сожалению, отношение закончено. Возможно, ваш партнёр ушёл из отношений, вышел из отношений окончательно и безвозвратно, но они оставили за собой токсичный след. Вы до сих пор связаны с ними, но их уже там нет. И вот в этой ситуации для того, чтобы разорвать эту токсичную связь, для того, чтобы освободиться внутри, можно и нужно разрушить эмоциональную связь с человеком, разрушить образ этого человека, которого даже вы очень любили. Этот образ необходимо разрушить внутри себя для того, чтобы освободиться."
2025-02-05,8479,372,7,103.838188,https://www.instagram.com/p/DFsqzNTimxg/,"Мастер-класс «Закон притяжения: от мудрости к действиям». Этот уникальный формат поможет вам не только понять, но и освоить практические инструменты работы с подсознанием, которые лежат в основе закона притяжения.

Речь пойдет о том, как активировать собственные ресурсы, как влияют ваши внутренние процессы на то чтобы проживаете в реальной жизни. Как можно влиять изнутри на внешние процессы чтобы создавать реальность, которая соответствует вашим мечтам. Это не просто психология — это конкретные техники, которые помогут вам направить свою энергию в нужное русло.

На мастер-классе вы узнаете:
- Как работают законы подсознания и как их использовать на практике.
- Как создать нужное состояние и как отформатировать вашу психику, чтобы ваша мечта стала реальностью.
- Как гармонизировать свои мысли, чувства и действия для достижения успеха.

Сделайте шаг к своей мечте уже 13 февраля! 🎯 Записаться можно по ссылке в нашем профиле.",
2025-02-06,56596,2661,111,86.466667,https://www.instagram.com/p/DFvnEopi9tb/,"Не относитесь к себе слишком строго, особенно после расставания. 
🔥Мастер-Класс «Как работает Закон Притяжения - с научной и практической точки зрения» 🔗 для записи и участия переходите по ссылке в шапке профиля
🔥 Углубленный курс по саморазвитию и Практической Эмпатии 2.0
✔️Консультирование и терапия
🔗violamaro.com - переходите по ссылке в шапке профиля","когда вы чувствуете, что вы дали всё, всё, что могли, то и дали, боролись до последнего, проверяли все гипотезы, когда вы прошли по пути любой надежды, проверяя её до донышка, до последней капли. Но вопреки всем вашим усилиям и стараниям всё сложилось так, как сложилось. что-то закончилось, что-то ушло. Но вы знаете, самое главное здесь не накручивать себя постфактум, не упрекать за то, что, возможно, вы поступали глупо, потому что это не так. Просто вы человек, который прежде чем сдаться, прежде чем отпустить от себя что-то очень очень для вас важное, прежде чем разойтись, прежде чем разорвать какую-то связь, вы на 360 градусов попытались проверить все гипотезы для того, чтобы удержать и спасти что-то ценное для вас. И поэтому сейчас у вас не осталось никаких сожалений. И знайте, что если у вас хватило смелости протестировать все гипотезы спасения, но при всём этом в итоге вам всё-таки придётся отпустить, принять расставание, принять то, что чего-то очень ценного больше не будет физически в вашей жизни, знайте, что в таком случае в сердце у вас останется покой. А это уже очень и очень много."
2025-02-10,13261,521,8,138.737778,https://www.instagram.com/p/DF5MSjkCQuU/,"Закон притяжения — это концепция, согласно которой мысли и эмоции человека могут влиять на его жизнь и привлекать к нему определённые события, людей и обстоятельства. 
Это не психология, это экзистенциальная практика. Она работает? Да, работает. 
Но есть один момент: если вы не поймёте, как это происходит, внутри вас всегда будет элемент недоверия к этим процессам. 
А законам притяжения подчиняется тысячелетний принцип — «по вере вашей да будет вам». 

Просто так поверить сложно, наш мозг всегда будет сопротивляться безосновательным утверждениям или тем, которые он сам не пережил на практике. 
Поэтому давайте поможем нашему мозгу — давайте посмотрим, какие простые понятные психологические процессы стоят за этим. Чтобы легче было поверить, нужно понять, понять на пальцах, как это работает. 
А вот это и есть психология. И вот этим мы займёмся на нашем мастер-классе 13 февраля.

*да, запись будет
* бонус для участников - рабочая методичка мастер-класса

🔥Мастер-Класс «Как работает Закон Притяжения - с научной и практической точки зрения» 🔗 для записи и участия переходите по ссылке в шапке профиля
🔥 Углубленный курс по саморазвитию и Практической Эмпатии 2.0
✔️Консультирование и терапия
🔗violamaro.com - переходите по ссылке в шапке профиля",
2025-02-10,24771,871,34,67.133331,https://www.instagram.com/p/DF5hlxLC9-Q/,"🔥 Углубленный курс по саморазвитию и Практической Эмпатии 2.0
✔️Консультирование и терапия
🔗violamaro.com - переходите по ссылке в шапке профиля",
2025-02-12,13936,629,23,355.5,https://www.instagram.com/p/DF90-Jiixqg/,"Вот подумайте, сколько неправильных решений вы принимали в жизни из-за своей неуверенности в себе. От скольких возможностей, от скольких перспектив, от скольких интересных и нужных встреч вы отказались только потому, что внутри вас что-то тормозило? Вас никто не держал — это вы сами останавливали себя.
О чем это говорит? Это говорит о том, что ваше прошлое обладает настолько сильной властью, что оно влияет на ваше сегодня, на ваше настоящее. Но эта власть скрыта. Наше прошлое — это серый кардинал нашей жизни.
А как это происходит? Это происходит через память, через те воспоминания, о которых мы сами уже забыли, но которые продолжают существовать в нас. Эти воспоминания, в тишине и как бы из-за кулис, управляют происходящим в нашей жизни.
И вот 8 показателей того, что в вашей жизни хозяйничает серый кардинал.

🔥Мастер-Класс «Как работает Закон Притяжения - с научной и практической точки зрения» 🔗 для записи и участия переходите по ссылке в шапке профиля
🔥 Углубленный курс по саморазвитию и Практической Эмпатии 2.0
✔️Консультирование и терапия
🔗violamaro.com - переходите по ссылке в шапке профиля",
2025-02-20,24894,1264,50,310.868744,https://www.instagram.com/p/DGS1WMZokd9/,"То, что вызывает в тебе бурю, стремится освободить тебя.
Триггер — не враг, а проводник к исцелению. Он подобен вестнику, пришедшему из глубин твоего бессознательного, чтобы указать на место, где всё ещё есть узлы боли, где что-то внутри остаётся сжатым, не давая жизни течь свободно. Эти внутренние потрясения не случайны. Они — двери, ведущие к освобождению, если ты осмелишься заглянуть за порог.
Когда что-то задевает тебя, это не просто раздражение или случайный дискомфорт. Это отголосок прошлого, напоминание о ране, которая ещё не исцелена. Или же это проблеск страха перед будущим, перед тем, чего ещё не случилось, но что уже сковывает тебя своей тенью. Так незаметно ты оказываешься оторванным от единственного момента, в котором действительно существует жизнь — от настоящего.
Но вот в чём суть: если ты не станешь убегать от этих чувств, не станешь бороться с ними или пытаться подавить их, а просто позволишь им быть — они начнут растворяться. Триггеры подобны волнам, разбивающимся о берег. Они приходят и уходят. И если ты останешься неподвижным, просто наблюдателем, без привязанности и отторжения, ты увидишь, что буря никогда не была частью тебя. Она лишь проходила сквозь.
Именно эго, почувствовав угрозу, сжимается в страхе. Оно отвечает на страх гневом, стремится защищаться, бороться, доказать свою правоту. Но ты — не оно. В тебе есть нечто большее, чем страх, чем боль, чем мгновенная эмоциональная реакция. В тебе есть глубинное сознание — то, которое не судит, не реагирует, а просто видит.
И потому, когда в тебе поднимается шторм, не беги, не сопротивляйся. Просто сиди. Просто смотри. Просто позволь всему быть. И тогда случится самое главное: то, что раньше властвовало над тобой, теперь освободит тебя.

🔥 Углубленный курс по саморазвитию и Практической Эмпатии 2.0
❣️Консультирование и терапия 🔗violamaro.com - переходите по ссылке в шапке профиля",
2025-02-21,28161,1622,67,414.870941,https://www.instagram.com/p/DGVyDhLi8bl/,"Почему нарциссы выбирают Эмпатов

1. К людям, которые не обладают эмпатией, относятся нарциссы, социопаты и психопаты. Мы говорим о ярко выраженных проявлениях, относящихся к психиатрии, и о среднестатистических проявлениях психологического насилия. Это случаи, когда люди не испытывают сожаления, жалости, стыда и вины, когда нарушают чужие границы или проявляют формы психологического насилия. Речь идёт о манипуляции, когда человек ставит свои интересы превыше всего и навязывает свои цели другим. Нарциссы живут ради восхищения и готовы на всё, чтобы переключить внимание на себя. Социопаты не признают социальных норм, их провокационное поведение разрушает жизни окружающих. Психопаты — люди с множеством лиц, внутри которых абсолютная пустота. Они могут показаться милыми, но за ними тянется шлейф разбитых жизней и поломанных судеб. Эти люди играют в эмоции и отношения.

2. Эмпаты — люди с повышенной чувствительностью, обладающие внутренним радаром, способным воспринимать информацию других и понимать подлинные намерения. Проблема эмпатичных людей в том, что они не могут не отзываться на боль и проблемы ближних. Они включаются на помощь даже без просьбы. Эмпаты ценны; они могут быть верными друзьями, умеют слушать и слышать. Но, не умея выключать свои эмпатические радары, часто исчерпывают внутренний ресурс, раздают себя по кусочкам и не успевают восстановиться. Они могут выгореть и разочароваться в процессе помощи, забывая о балансе «брать-давать». Со временем они растрачивают внутренние силы и здоровье. Людям с повышенной чувствительностью необходимо научиться рационально подходить к своим способностям, управлять ими и избегать стресса.

3. В современном мире 30–40% людей склонны к нарциссизму, психопатии или социопатии, пусть даже в лёгком спектре проявлений. Но этого достаточно, поэтому важно научиться различать таких людей и не подпускать их ближе к своим границам. Нет смысла организовывать крестовый поход против нарциссов; нужно учиться управлять собственными эмоциями и чувствами. Так вы сможете защитить себя от манипуляций, обманов и эмоционального насилия. 

🔥 Углубленный курс по саморазвитию «Практической Эмпатии 2.0» - переходите по 🔗 в шапке профиля","Знаете, наиболее полезный психологический навык, который вам просто необходим в современном мире, это умение различать людей, у которых есть эмпатический спектр, то есть людей, способных на эмпатию, и тех, у которых его нет. А что это такое и зачем это нужно? Во-первых, к людям, которые не обладают эмпатией, относятся прежде всего всевозможные нарциссы, социопаты и психопаты. Причем здесь мы говорим не только о ярко выраженных проявлениях, которые относятся исключительно к психиатрическому спектру, но и к бытовому. среднестатистическому проявлению различных форм психологического насилия. То есть мы говорим о всех тех случаях, когда люди не испытывают сожалений, жалости, понимания, стыда, вины, когда они нарушают чьи-то личные границы. Проявляют специально или же неосознанно различные формы психологического и не только насилия. Речь идёт о различных форм манипуляции, когда человек ставит свои интересы не просто превыше всех, превыше других. Он или же она навязывают свои интересы, цели, потребности другим людям. Мы говорим о всех тех случаях, когда кто-то готов самоутверждаться за счёт других, готов безвозмездно жить за счёт других. И вот у таких людей свои интересы не просто стоят в приоритете, они реализуют за счёт защищают других свои людей. интересы в ущерб ваших. Так нарциссы живут ради восхищения и готовы абсолютно на всё для того, чтобы переключить и завязать внимание других людей, ваше внимание только на себя. Социопаты не признают социальных общепринятых норм и стандартов. И их провокационные формы поведения разрушают не только их собственную жизнь, но и жизнь всех людей, которые их окружают. Это те люди, которые всеми силами будут пытаться втянуть вас в маленькую или большую войну, в сражение за что-то. Они навязывают другим людям борьбу и наслаждаются создаваемым вокруг них хаосом. Психопаты— это люди с множеством лиц, но с абсолютной пустотой внутри. И при поверхностном наблюдении, при поверхностном общении они могут показаться даже милыми и очаровательными людьми. Но если вы посмотрите на их жизнь, за ними тянется шлейф разбитых жизней и поломанных судеб. Такие люди играют в эмоции. играют в чувства, но люди им сами по себе не интересны. И вот в противовес, противоположностью людей, склонных к манипуляции, являются люди, способные на эмпатию. Все те, кто обладают более или же менее выраженным эмпатическим спектром. Это люди с повышенной чувствительностью, с повышенной эмоциональностью, способные воспринимать, исчитывать информацию, эмоции других людей. Такие люди обладают внутренним радаром, который настроен на окружающих, на окружающий мир. Именно поэтому они способны чувствовать боль, чувствовать переживание, они способны сопереживать. То есть они способны переживать вместе с тобой, вместе с человеком, который рядом с ним, его боль, эмоции и переживания. Они чувствуют чужие эмоции как свои. Именно поэтому у них более развитая интуиция. они умеют считывать состояние других людей, они умеют считывать эмоции, а это означает, что они потенциально умеют увидеть человека без маски, умеют понять его или же её настоящие подлинные намерения. Настоящая проблема эмпатичных людей заключается в том, что они не умеют управлять вот этим внутренним радаром, Вот этим внутренним даром они не умеют не супереживать, не настраиваться на проблемы, боль и переживания других людей. Они не умеют выключить свой радар, они не умеют не включаться на помощь и участие, даже тогда, когда их об этом не просят. Но люди с эмпатическим спектром несут внутри себя огромную человеческую ценность. Они могут быть потрясающими верными друзьями, умеют сопереживать, умеют быть рядом, когда это действительно нужно, умеют слушать и слышать. Но именно потому, что периодически они не умеют выключать свой внутренний эмпатический радар, очень часто со временем они просто исчерпывают свой внутренний ресурс. Раздают себя по кусочкам, но сами не успевают восстановиться. Очень часто такие люди выгорают и исчерпывают себя в процессе своей помощи людям, помощи миру. Потому что давая, забывают или же не умеют. удерживать баланс, брать-давать. И со временем раздают, растрачивают все свои внутренние силы, энтузиазм, а порой и здоровье. Именно людям с повышенной чувствительностью необходимо научиться бережно. иррационально подходить к себе, к своим способностям, к своему потенциалу, научиться давать, а не растрачивать, научиться дарить, а не разбазаривать, научиться управлять своими способностями, возможностями, научиться использовать свои ресурсы, силу своего сердца, а не доводить себя до стресса и выгорания. И всё это очень важно, сегодня как никогда, потому что в современном мире порядка 30-40% людей склонны к нарциссизму, социопатии, психопатии, пусть даже в лёгком спектре их проявлений. Но поверьте, и этого уже достаточно, и поэтому очень важно научиться различать, узнавать таких людей и останавливать их на подступах. не ближе своих личных границ. И нет никакого смысла организовывать крестовый поход против нарциссов. Гораздо важнее научиться управлять собственными эмоциями и чувствами. Научиться управлять своей эмпатией и понимать свою интуицию. То есть, прежде всего, людям с повышенной чувствительностью. и с внутренней эмпатией нужно научиться быть умными. Только так вы сможете защитить себя от всевозможных форм манипуляций, обманов или же эмоционального насилия. И вот здесь психология вам в помощь."
2025-02-27,24008,1388,59,391.742401,https://www.instagram.com/p/DGkmrGuC0YO/,"Каждый из нас в определённый момент сталкивается с тем, что отношения, которые раньше приносили радость, начинают вызывать разочарование. Это естественно. Мы часто цепляемся за то, что не работает, из-за страха остаться одними или надежды на изменения. Важно помнить, что мы не в силах изменить других — это не наша ответственность.

В таких ситуациях мы учимся принимать себя и окружающих такими, какие они есть. Некоторые люди приходят в нашу жизнь на короткий срок, а другие остаются надолго. Умение отпускать тех, с кем мы больше не на одной волне, открывает путь для новых встреч с теми, кто действительно подходит нам.

Слушать своё сердце и интуицию — значит позволить себе быть открытыми к новым возможностям. Иногда лучше быть одному, чем оставаться в отношениях, которые не приносят счастья. Принятие этого факта даёт шанс встретить людей, которые будут ценить и любить нас такими, какие мы есть.

Прошлые отношения — это не ошибки, а важные уроки, которые помогают понять, что нам действительно нужно. Умение отпускать тех, кто не подходит, — ключ к нашему внутреннему счастью.

Что можно сделать? Найдите то, что действительно ваше, что соответствует вашим потребностям.
Счастье — это не только отношения, но и способность принимать себя, свои ценности и потребности. Это умение видеть людей такими, какие они есть, без фильтров ожиданий. Сложно ли это? Всё зависит от вашего желания быть счастливым и готовности открыться новому. 

🔥 Углубленный курс по саморазвитию и Практической Эмпатии 2.0
❣️Консультирование и терапия 🔗violamaro.com - переходите по ссылке в шапке профиля",
2025-03-03,19251,1025,56,459.766663,https://www.instagram.com/p/DGvUSVXCb7j/,"Голос интуиции, наш внутренний я, отличается от фантазий. Люди часто задаются вопросом, как понять, что это интуиция, а не вы сами себе что-то напридумывали. Когда речь идет об интуиции, этот голос может идти вразрез с вашими убеждениями и желаниями. Порой он занимает противоречивую позицию, и даже если вы не прислушаетесь к нему, он не изменит своего мнения.

Например, вы решаете начать серьезные отношения с кем-то, и ваша интуиция подсказывает, что есть много несовпадений, говорит «нет» вашему выбору. Но вы игнорируете интуицию, и вначале отношения могут складываться неплохо, опираясь на ваши ожидания. Но когда эти ожидания иссякнут, отношения могут стать токсичными. Вы будете чувствовать себя несчастным и непонятым, и в такие моменты ваша интуиция может снова напомнить о себе: «Я ведь тебе говорила».

Интуиция обладает природным ясновидением. Она, как радар, может понять, подходят ли вам человек и отношения. Она не говорит, кто плохой или хороший, а просто указывает: «это не для тебя». Её голос авторитетен и не поддается сомнению.

В отличие от интуиции, фантазия создает иллюзии и сюжеты, погружая нас в туман ожиданий. Интуиция – антиконформист в нашей психике, она не боится выражать неудобные мнения. Многие предпочитают оставаться в мире фантазий, где всё удобно и приятно. Интуиция может заставить нас чувствовать себя неудобно, но её голос требует трудных решений.

Чтобы следовать интуиции, нужна смелость, а для жизни в фантазиях смелость не требуется. Когда вы делаете выбор на основе интуиции, внутри вас распаковывается новая сила и ресурс для реализации этого выбора. Это происходит, когда вы начинаете прислушиваться к интуиции, и её голос усиливается, призывая вас к действию.

Если вы основываете свои действия на фантазиях, вам трудно, и вы можете чувствовать, что мир против вас. Если вы столкнулись с такой ситуацией, остановитесь и разберитесь, что ведёт вас вперёд – фантазии или интуиция. Возможно, вы упустили важные сигналы и указания на другой путь. Не бойтесь вернуться к своей интуиции, которая всегда рядом, готовая направить и помочь в сложных ситуациях.

🔥 Бесплатный семинар по ЭМПАТИ - три живых вебинара ✅ записывайтесь по ссылке в профиле",
2025-03-04,36458,1775,68,203.433334,https://www.instagram.com/p/DGx0qDbiTx8/,"Главная проблема чувствительных и эмпатичных людей — когда они начинают испытывать к кому-то интерес, когда привязываются, они начинают зависеть от реакций, поведения и проявлений других людей. Они сонастраиваются с объектом своего интереса и буквально попадают в зависимость: каждое слово, каждое действие они анализируют и внимательно изучают, распаковывая все смыслы. Любая мелочь вдруг приобретает огромное значение: они замечают паузы между фразами, тон голоса, выражение глаз, едва различимые взгляды — и это загоняет их всё глубже внутрь себя.

Внутри них существует буквально «лаборатория смыслов». Но, к сожалению, чувствительные люди чаще всего — большие идеалисты, и когда кто-то не ведёт себя так, как им хотелось бы, они начинают принимать это на свой счёт, сомневаться в себе и замыкаться.

Такие люди привыкли привязывать своё состояние к чужому настроению. Через эмпатию они сонастраиваются с другим человеком, и их счастье, покой, эмоции, внутреннее состояние становятся зависимыми от него.

Эта зависимость отражается на их жизни и поведении: чтобы чувствовать себя хорошо, им нужны постоянные подтверждения. Такие люди нуждаются в сообщениях, звонках, словах — и если они не получают их в нужный момент, начинают тревожиться, грустить, испытывать страх. Они постоянно ждут подтверждения того, что всё в порядке.

Но проблема в том, что когда мы завязываем своё внутреннее состояние и эмоции на другого человека, мы теряем ощущение контроля над собой и своей жизнью.

Именно чувствительным людям нельзя жить, как живая антенна, постоянно настроенная на чужие состояния. Нужно научиться управлять своими чувствами, создать опору прежде всего внутри себя — и тогда никто другой не сможет лишить вас покоя и счастья.

Как это сделать, какие ещё особенности есть у чувствительных и эмпатичных людей, мы обсудим на серии бесплатных вебинаров. 
✅Успейте записаться — ссылка в шапке профиля!","Главная проблема чувствительных и эмпатичных людей, когда они начинают проявлять интерес к кому-то, когда они начинает привязываться к какому-то человеку, они становятся зависимыми от реакции, от поведения, от проявлений объекта их интереса. Они буквально сонастраиваются с другим человеком. Они начинают анализировать каждое слово, каждый взгляд. анализируют мимику, молчание, действие. Вот буквально распаковывают все смыслы. И вот здесь буквально каждая мелочь приобретает особый вес и особое значение. Они замечают паузы между словами, тон голоса, выражение глаз. Они анализируют буквально едва заметные оттенки. И все это загоняет их все глубже и глубже внутрь себя. И вот внутри них буквально существует целая лаборатория смыслов. Но, к сожалению, чувствительные люди чаще всего невероятные идеалисты. И когда что-то идёт не так, как им хотелось бы, когда кто-то ведёт себя не в соответствии с их ожиданиями, они начинают принимать всё на свой счёт. Они начинают сомневаться в себе и замыкаться в себе. Такие люди привыкают привязывать своё состояние к чужому настроению. То есть через эмпатию они сонастраиваются с другим человеком и таким образом. Их покой, их счастье, их эмоции, их внутреннее состояние становится зависимым от него или же от неё. И, конечно же, такая зависимость не может не сказываться на их поведении, но и в целом на всей их жизни. Такие люди нуждаются в постоянных подтверждениях для того, чтобы чувствовать себя хорошо. Они нуждаются в словах, в тактильности, в звонках, в сообщениях. И если они не получают это в нужном количестве и в нужный момент, они начинают тревожиться, начинают грустить, начинают испытывать страх. Они постоянно ждут подтверждения от кого-то другого, что всё в порядке. Но проблема в том, что когда мы завязываем наши внутренние состояния, наши эмоции на другого человека, мы теряем ощущение контроля над собой и над собственной жизнью. Именно чувствительным и эмпатичным людям нельзя жить, как живая антенна, постоянно настроенная на чужие состояния. Нужно научиться управлять своими чувствами, своими эмоциями и выстраивать опору внутри себя. Только тогда никто другой не сможет лишить вас ощущение покоя и счастья. Как это сделать? Какие ещё есть особенности у чувствительных и эмпатичных людей? Все эти вопросы мы обсудим на серии бесплатных вебинаров. Успейте записаться в шапке профиля."
2025-03-06,18538,939,20,128.846085,https://www.instagram.com/p/DG2uG_OizDy/,"Универсальная проблема для чувствительных и эмпатичных людей — выход из зависимых отношений и изменение внутреннего состояния, освобождение от позиции жертвы. В ранние годы жизни, когда человек особенно доверчив и открыт, более чувствительные личности часто попадают в ситуации, которые закрывают их внутренний мир надолго. Это могут быть отношения с партнёрами, выбор неправильного партнёра, построение отношений, где они постоянно обслуживают чужие нужды, а также выбор профессии под чужую указку: «так нужно», «так правильно». 

Все это приводит к тому, что после 35 лет и далее люди сталкиваются с ощущением, что проживают не свою жизнь. Возникает желание вырваться, освободиться, что-то изменить. Но то, что выстроено вначале, нужно не сломать, а изменить свою внутреннюю позицию. Это проходит через выход из позиции жертвы. Когда вы перестаёте ставить чужие интересы выше своих, а ставите свои интересы, потребности на первое место в своей жизни — для себя. 

Это требует деликатности, вежливости, мудрости и невероятного терпения.

С чего начать путь этой внутренней трансформации мы обсудим на серии бесплатных вебинаров по теме  Практическая Эмпатия ✅
🔥Не пропустите! Для участия переходите 🔗 в шапке профиля",
2025-03-08,47362,1278,26,172.100006,https://www.instagram.com/p/DG8nWEZieE0/,"Знаете, очень часто, когда женщина сталкивается с разочарованием в своих ожиданиях от жизни, брака или профессии, первым, кого она начинает винить, оказывается её мужчина, её партнёр. Чаще всего она перекладывает на него свою ответственность за ощущение не прожитой жизни и свои разочарования. Когда женщина начинает винить партнёра, она наносит себе двойной удар.

Во-первых, мужчины очень плохо переносят навязанное им чувство вины; они могут какое-то время терпеть, но потом будут пытаться избавиться или от неё, или от вас. Он или уйдёт, или же заболеет. Во-вторых, смещая вину на других, она сама не берёт ответственность за свою жизнь. Это порождает в ней злость, апатию, депрессию, безвыходность и грусть.

Поэтому, если вам не нравится ваше состояние, если вы ощущаете внутренний тупик, не нужно никого винить и ничего разрушать. Нужно начинать движение внутри себя, проводить «расхламление» своих систем убеждений и стереотипов. Необходимо начать строить опоры внутри себя, а не винить других за то, что те опоры, которые они вам предоставляют, вам недостаточны, ведь это путь в никуда.

С психологической точки зрения это проблемы ЭГО. Само по себе Эго не такая плохая вещь — это желание подтвердить свою важность, значимость, ценность. Когда человек не получает подтверждения собственной значимости, значимости своей жизни, значимости своего жизненного пути, чаще всего человек стремится подавить своё ЭГО и «жить ради других». Но когда человек подавляет своё Эго, он/она начинают видеть проявление эго — эгоизма в других людях. То, что они подавляют в себе, они видят в других — это механизм проекции. 

Чаще всего женщины, которые подавляют в себе своё эго, начинают жить «ради других» и видят своего партнёра как эгоиста. Что с этим делать? Необходимо начать внутренний путь саморазвития. Спокойно, по-взрослому и с улыбкой на лице. Это не так сложно, и это единственный путь наладить отношения с собой, с близкими, любимыми и с миром.

Если вы не знаете с чего начать подобную внутреннюю работу, не пропустите серию бесплатных вебинаров которые стартуют уже в четверг 13 марта! ✅",
2025-03-09,16278,561,6,46.099998,https://www.instagram.com/p/DG-zj35Cbpi/,"✅Серия бесплатных вебинаров по теме Практическая ЭМПАТИЯ

🔥 Вебинар «Я - Эмпат» состоится 13 марта 2025 в 19:00 по Москве
Что узнаете: 
✅ Как осознать, что вы эмпат 
✅ Чем эмпаты отличаются от других 
✅ Как использовать свою эмпатию на благо 

🔥 Вебинар «Эмпат и Окружающие» состоится 20 марта 2025 в 19:00 по Москве 
Что узнаете: 
✅ Как выстраивать гармоничные отношения 
✅ Почему эмпаты попадают в абьюзивные и манипуляторные связи 
✅ Почему манипуляторы выбирают именно вас 

🔥 Вебинар «Эмпат и Деньги» состоится 3 апреля 2025 в 19:00 по Москве 
Что узнаете: 
✅ Как развивать карьеру и творчество 
✅ Как зарабатывать, оставаясь собой 
✅ 5 опор личности Эмпата, необходимые для успешного развития и роста 

Для записи участия переходите по 🔗 в профиле

НЕ ПРОПУСТИТЕ БУДЕТ ОЧЕНЬ ОЧЕНЬ ИНТЕРЕСНО ❣️

P.s
Во время вебинаров Виола презентует программу и откроет набор на курс «Эмпатия 2.0», который стартует в апреле 2025 года.",
2025-03-11,14063,731,20,61.972607,https://www.instagram.com/p/DHDop1Ii2sM/,"✅Серия бесплатных вебинаров по теме Практическая ЭМПАТИЯ 
Переходите по 🔗 в профиле 

❣️Углубленный курс по саморазвитию и Практической Эмпатии 2.0
https://violamaro.com/practiheskaya_empatia10

🚀Консультирование и Психотерапия
https://violamaro.com/",
2025-03-11,13103,376,5,58.433334,https://www.instagram.com/p/DHED-mZifJM/,"✅Серия бесплатных вебинаров по теме Практическая ЭМПАТИЯ

🔥 Вебинар «Я - Эмпат» состоится 13 марта 2025 в 19:00 по Москве
Что узнаете: 
✅ Как осознать, что вы эмпат 
✅ Чем эмпаты отличаются от других 
✅ Как использовать свою эмпатию на благо 

🔥 Вебинар «Эмпат и Окружающие» состоится 20 марта 2025 в 19:00 по Москве 
Что узнаете: 
✅ Как выстраивать гармоничные отношения 
✅ Почему эмпаты попадают в абьюзивные и манипуляторные связи 
✅ Почему манипуляторы выбирают именно вас 

🔥 Вебинар «Эмпат и Деньги» состоится 3 апреля 2025 в 19:00 по Москве 
Что узнаете: 
✅ Как развивать карьеру и творчество 
✅ Как зарабатывать, оставаясь собой 
✅ 5 опор личности Эмпата, необходимые для успешного развития и роста 

Для записи участия переходите по 🔗 в профиле

НЕ ПРОПУСТИТЕ БУДЕТ ОЧЕНЬ ОЧЕНЬ ИНТЕРЕСНО ❣️",
2025-03-12,14473,668,18,131.800003,https://www.instagram.com/p/DHGILUzClr5/,"Никогда нельзя обесценивать и недооценивать то состояние равновесия, в котором вы находитесь сейчас. 
То, что вы создали на данный момент, и то, что для вас является нормой — эта работа, эти отношения, эти друзья, эта рутина. 
Конечно, есть моменты, которые нужно корректировать, моменты, которые хочется изменить, но никогда не обесценивайте ваше достигнутое равновесие, потому что оно вам не бесплатно досталось. 
Вы дошли до этой точки более или менее сложным путем, более того, это равновесие является вашей заслугой. 
Были масса моментов, в которых вы могли все разрушить, могли бы проявить худшую версию себя, могли пойти на поводу ваших эмоций или же прислушаться к чужому мнению. Поэтому нужно научиться с благодарностью относиться к тому равновесию, внутреннему и внешнему, которое вы создали сами. 
Конечно, всё можно улучшать, всё можно менять и трансформировать, но точка, на которой вы стоите сегодня, какая бы она ни была, — это ваша заслуга, заслуга вашей выносливости и устойчивости. Никто, кроме вас, не знает, за какие моменты в жизни вы должны быть себе благодарны. Это осознание нужно прежде всего вам, для того чтобы выстроить сильный внутренний фундамент для роста.

✅Серия бесплатных вебинаров по теме Практическая ЭМПАТИЯ
🔥 Углубленный курс по саморазвитию и Практической Эмпатии 2.0
❣️Консультирование и терапия 🔗violamaro.com - переходите по ссылке в шапке профиля",
2025-03-13,15857,770,13,82.708031,https://www.instagram.com/p/DHJCEQ_C4C7/,"Чем дольше вы находитесь в поезде, который идёт не в том направлении, тем сложнее и дороже будет возвращаться домой. Самая высокая цена — не стоимость билета, а потраченное время, упущенные возможности и те версии вас самих, которыми вы так и не стали.
Иногда ошибка заключается не в том, что вы сели не в тот поезд, а в том, что продолжаете убеждать себя: «Слишком поздно сойти». Но на самом деле неважно, как далеко вы уехали в неправильном направлении. Главное — ваше решение. Важно сделать первый шаг: остановиться, признать, что двигались не туда, и изменить это.
Настоящая боль от непрожитой жизни возникает не в момент осознания ошибки, а в отказе что-либо менять.

До встречи на вебинаре по  Эмпатии ❣️
Для записи участия переходите по 🔗 в профиле",
2025-03-18,9052,357,10,61.099998,https://www.instagram.com/p/DHVaaGJihHF/,"✅Серия бесплатных вебинаров по теме Практическая ЭМПАТИЯ

🔥 Вебинар «Я - Эмпат» состоится 13 марта - уже доступен в записи
Что узнаете: 
✅ Как осознать, что вы эмпат 
✅ Чем эмпаты отличаются от других 
✅ Как использовать свою эмпатию на благо 

🔥 Вебинар «Эмпат и Окружающие» состоится 20 марта 2025 в 19:00 по Москве 
Что узнаете: 
✅ Как выстраивать гармоничные отношения 
✅ Почему эмпаты попадают в абьюзивные и манипуляторные связи 
✅ Почему манипуляторы выбирают именно вас 

🔥 Вебинар «Эмпат и Деньги» состоится 3 апреля 2025 в 19:00 по Москве 
Что узнаете: 
✅ Как развивать карьеру и творчество 
✅ Как зарабатывать, оставаясь собой 
✅ 5 опор личности Эмпата, необходимые для успешного развития и роста

Для записи участия переходите по 🔗 в профиле

НЕ ПРОПУСТИТЕ БУДЕТ ОЧЕНЬ ОЧЕНЬ ИНТЕРЕСНО ❣️",
2025-03-19,139052,3501,69,71,https://www.instagram.com/p/DHYZnzYClVP/,"🔥 Углубленный курс по саморазвитию и Практической Эмпатии 2.0
❣️Консультирование и терапия 🔗violamaro.com - переходите по ссылке в шапке профиля","А знаете, почему некоторые люди в начале знакомства проявляют к вам невероятный интерес? Кажется, что они в вас безумно влюблены, но потом внезапно они остывают и проявляют полное безразличие. Чаще всего это происходит потому, что эти люди ищут не любовь, а своего спасателя, кого-то, кто может их спасти, решить их проблемы, решить их жизнь, кто может заполнить их внутреннюю пустоту. И вот когда они встречают кого-то, кто им нравится, кто им как бы подходит, они проецируют на него или же на неё вот эту свою огромную внутреннюю потребность. Они говорят высокопарные слова, проявляют сильные эмоции, совершают сумасшедшие поступки. Но проблема в том, что их внутренние ожидания настолько завышены, что Практически всегда они испытывают разочарование и остывают. Но главное, нужно понять, что это не ваша проблема и уж точно не ваша вина. По-своему, это непонятые люди. Но понять и разобраться с собой должны только они сами."
2025-03-19,14108,683,21,72.666664,https://www.instagram.com/p/DHYw0zpi9ld/,"Цель развития эмпата — выйти на такой уровень развития своей личности, когда человек может помогать другим, помогать миру, давать, совершать практическое добро, но без вреда для себя. Нужно научиться оставаться непробиваемым и незапятнанным даже когда они помогают «из болота тащить бегемота».

Как это сделать? 
✅Приходите на 3-х месячный Курс Практическая Эмпатия 2.0 начнется 8 апреля и закончится 24 июня. 

Вся информация и программа курса - переходите по ссылке в профиле

🔥При приобретении 3-х месячного курса Эмпатия 2.0 до 20 марта вы получаете бонусом 🎁сразу:
- 3-х часовой мастер-класс по Эмпатии
- уникальный гайд по отношениям",
2025-03-21,30207,1329,39,115.866669,https://www.instagram.com/p/DHdpN8Pi2id/,"Есть разница между человеком, находящимся в затруднительном положении, и жертвой, человеком в позиции жертвы. Человек, который находится в позиции жертвы, — манипулятор, который манипулирует вами своим состоянием жертвы. Когда у человека действительно есть проблемы, он или она хотят единственное — решить их. Такой человек не любит свою проблему, он хочет побыстрее от неё избавиться. Такой человек сделает всё, чтобы быстрее решить проблему. 

Человек в позиции жертвы любит свою проблему, он или она притворяются, делая вид, что хотят её решить, но на самом деле извлекают из своего положения прямые или вторичные выгоды. Вы можете безошибочно распознать таких людей, когда предлагаете им какое-то решение, и в ответ слышите миллион доводов, почему это не получится, и что они уже пытались, но ничего не получилось. Даже если вы начинаете включаться, пытаетесь мотивировать человека и подтолкнуть его к решению проблемы, говоря: «Давай попробуем, у тебя получится», — вы понимаете, что из здоровой позиции у любой проблемы есть решение. 

Если человек не находит решения проблемы, значит, у него есть какие-то прямые или вторичные выгоды, и ему нравится получать эти выгоды, отказываться от них он или она не собирается. 
Поэтому не тратьте свои силы на профессиональных жертв!

🔥Приглашаем вас на курс по Практической Эмпатия 2.0 от Виолы Маро, который длится 3 месяца!
✅ информация и участие - переходите по 🔗 в профиле",
2025-03-25,44043,2043,92,309.520538,https://www.instagram.com/p/DHn6geyi5rJ/,"🔥Углубленный курс по саморазвитию и Практической Эмпатии 2.0 /старт 8 апреля.

Чаще всего люди, которые больше всего дают любви, сами её не получали и не чувствовали. А так как это основная глубокая потребность, они начинают её проявлять, давая любовь, порой безвозмездно и в избытке. Такие умеют любить других, а себя — нет. Потому что они сами никогда не получали этой любви.

У них есть ощущение, что они были обузой для людей, которые их растили. Они стараются не показывать своих чувств, не проявлять своих желаний, быть в тени, не навязываться, чтобы не быть обузой. Поэтому они не дают в избытке свою любовь в надежде, что им отплатят тем же. То есть они дают много, как бы давая понять, что им нужно что-то взамен. Но, естественно, чаще всего этого не происходит.

Такие люди прячутся от мира, всю жизнь стараясь не быть ни для кого обузой. Проблема в том, что они никогда не показывают себя целиком; даже если вы живёте с ними годами, на самом деле вы не знаете большой части этих людей. Они до конца никогда не рассказывают свою историю, то, что они чувствуют, то, чего они хотят. И они практически всегда скрывают свою боль. Они всегда уходят подальше от людей, чтобы залечивать свои раны, но по взгляду можно понять, что за этой нейтральностью скрывается очень большая, ноющая глубина.

Сами они ничего не скажут, чтобы не разочаровать и не отяготить людей, которые их окружают. Они не хотят никого обременять. В жизни у них становится всё больше внутренних шрамов и переломов, но они никогда об этом не скажут. Самое тяжёлое сознание, которое они переживают внутри, — это то, что они не получали и не получают любовь, даже если старались давать её всем.

Они стараются быть всегда рядом, помогать всеми силами всем, кто просит и не просит, но при этом у них есть ощущение, что они всегда на скамейке запасных; их никто никогда не выбирает, чтобы любить. Поэтому они начинают чувствовать себя бесполезными. Это очень тяжёлое ощущение, когда они постоянно разочаровываются в любви, практически от всех: не только от партнёров, но и от родителей, детей, друзей.

Таким людям нужно научиться, прежде всего, заботиться о самих себе, потому что через заботу придёт любовь к самим себе.","Чаще всего люди, которые больше всего дают Любви в своей собственной жизни, её не получали, её не чувствовали. А так как это основная и глубинная потребность человека, они начинают проявлять её вовне, давать Любовь. чаще всего безвозмездно и с избытком. Такие люди не умеют любить себя, они умеют любить других, но не себя. Не получая любовь, они чувствовали себя обузой для людей, с которыми они росли. И поэтому дальше по жизни они стараются не показывать своих чувств, не проявлять своих желаний, чтобы не стать обузой, они предпочитают постоянно оставаться в тенёчке, в уголочке. Не желая быть обузой, они дают свою любовь в избытке, надеясь, что им отплатят тем же. То есть они дают много, подразумевая, надеяясь, что их поняли, что они ждут того же взамен. То есть они считают, что если они дают любовь, то это как бы понятно, что именно в этом они нуждаются. Но это абсолютно не очевидно. И именно поэтому взамен чаще всего они ничего не получают. Такие люди прячутся от мира, стараясь всю жизнь не быть ни для кого грузом. И вот настоящая проблема в том, что, прячась от мира, такие люди никогда не показывают себя целиком. Вы можете жить годами с ними, по-настоящему их не узнав. Они всегда прячут огромную часть своей личности. Огромная часть их «я» остаётся в тени. Они никогда до конца не рассказывают свою историю, то, о чём они по-настоящему думают, то, чего они хотят. И когда им больно, практически всегда они скрывают свою боль. Они склонны уходить подальше от людей, подальше от чужих глаз для того, чтобы собраться, самим залезать в свои раны. Но по их взгляду всегда можно понять, что вот за этим фасадом спокойствия и нейтральности скрывается что-то. скрывается какая-то ноющая глубина, но сами они никогда и ничего говорить не будут. Почему? Чтобы не отягощать, чтобы не быть обузой, чтобы не перекладывать свои проблемы на людей, которые их окружают, на их близких, родных. они не хотят никого обременять. И конечно же, идя по жизни таким образом, внутри у них накапливается огромное количество внутренних шрамов, ран, переломов, о которых при этом они никогда и никому не скажут. Это останется их персональной тайной и самое тяжелое осознание ощущение которые они переживают внутри это то что они не получали и не получают любовь при том что они так много ищут и ею делятся со всеми. Их горечь и разочарование, вот в ощущении этого дисбаланса, я так много давал, давала, но в ответ я не получил того же. Меня не поняли, меня не увидели. При этом они стараются всегда быть рядом, помогать всеми силами. Всем, кто просит, так и тем, кто не просит. Но при этом они всегда с горечью осознают, что сколько бы они ни давали, они всегда остаются на скамье запасных. Они никогда не являются первым выбором. Их никогда не выбирают, чтобы любить. И поэтому со временем они начинают чувствовать себя бесполезными. И это очень тягостное ощущение, то, что они постоянно разочаровываются в любви. Причём не только от партнёра, от всех. От родителей, друзей, детей. От всех тех, с кем они делились. И вот таким людям нужно научиться заботиться о самих себе, потому что именно через заботу придёт Любовь, Любовь к себе. А именно это очень важно. Такие люди умеют любить всех, но не умеют любить себя. Они буквально не понимают, ну как? Как можно любить себя? Что это означает? Как это сделать? нужно идти по пути заботы, начать заботиться, заботиться о себе, заботиться о своих чувствах, эмоциях, состоянии, позаботиться о своей психике, позаботиться о своём сердце, о своей душе, потому что вы этого заслуживаете больше, чем кто бы то ни был."
2025-03-26,27003,1217,41,176.400543,https://www.instagram.com/p/DHqtX4NiOG9/,"🔥3-х месячный углублённый Курс по саморазвитию Практическая Эмпатия 2.0 начнется 8 апреля 🔗 violamaro.com

Если в вас поселилось тягостное ощущение, что вы чуть хуже других – будь то конкретный человек или окружающие в целом, если вы привыкли видеть себя в «минусе» по сравнению с кем бы то ни было...
Знайте: какими бы успехами вы ни блистали, как бы ни восхищались вами окружающие, сколь бы впечатляющими ни были ваши достижения – вы всё равно будете смотреть на себя через искажённую призму этого внутреннего кривого зеркала. Вы будете замечать лишь несовершенства, будете внутренне опускать голову, даже когда для этого нет ни малейшего повода.
Достаточно мельчайшей детали, которая покажется вам недочётом, чужого холодного взгляда, который вы интерпретируете как неодобрение, недостаточно тёплого объятия или несвоевременного звонка – и ваша уверенность рассыплется. Вы остаётесь уязвимыми, хрупкими перед лицом собственных побед: если вас не похвалят, не пожмут руку – вам может казаться, что всё, чего вы достигли, не имеет ценности.
Глубоко внутри таких людей живёт убеждение: «Всё, что я делаю, недостаточно хорошо. Я мог бы лучше. Как бы ни старался – до идеала мне не дотянуть».
Что с этим делать? Как освободиться от этого состояния?
Вам необходимо бросить вызов своему внутреннему критику, этому чувству хронической «недостаточности». И начинать нужно с малого.
Выбирайте небольшие, посильные задачи и, завершая их, сознательно отказывайтесь от самокритики. Не позволяйте себе обесценивать даже самые скромные результаты. Учитесь замечать сделанное, а не осуждать себя за неидеальность.
Важно осознать: ваша эмоциональная хрупкость – не приговор. Её можно исцелить, но только через принятие и бережное отношение к себе. Каждый раз, когда вы поощряете себя, отмечаете свои успехи (пусть даже крошечные), вы прямо влияете на укрепление самооценки.
Способность поддерживать себя, позитивно оценивать свои действия – это основа здоровой мотивации, фундамент, на котором строится психологическая устойчивость.

✅ Углубленный курс по саморазвитию и Практической Эмпатии 2.0
❣️Консультирование и терапия 🔗violamaro.com - переходите по ссылке в шапке профиля",
2025-03-27,23704,1140,41,165.03334,https://www.instagram.com/p/DHtTpOKCKm0/,"🔥3-х месячный Курс Практическая Эмпатия 2.0 начнется 8 апреля❣️

Эмпатия — это способность увидеть, понять и почувствовать человека. Увидеть внутреннюю силу, ощутить внутренний покой или же понять, что человек что-то скрывает от вас. 

Потому что эмпатия — это способность в моменте буквально прожить человека, считать его на уровне подсознания, на невербальном уровне. Эмпатия обходит рациональный уровень понимания; это способность понять, что скрывается за фасадом.

Это чуйка, схожая с чуйкой собак, которые могут буквально почувствовать человеческое состояние на уровне базисных эмоций — страх, радость, спокойствие, скрытые намерения. Собака не говорит на человеческом языке, но она смотрит, наблюдает и чувствует.

У нас также есть подобный уровень восприятия — эмпатическое восприятие людей. Вы с точностью можете определить: этот человек что-то скрывает, он мне лжет. Что именно он скрывает и о чем лжет, я не знаю, но ваша эмпатия чувствует странные вибрации, которые безошибочно определяет как небезопасные для вас. Интуиция зажигает красный сигнал светофора, включает стоп-сигналы; вы чувствуете, что по непонятным причинам внутри у вас сформировался блок, и начинаете анализировать человека. Ваша внутренняя система фиксирует опасность, несоответствие между тем, что человек говорит, и тем, что вы чувствуете.

Это эмпатия, эти способности можно и нужно развивать. Точно так же, вы сами транслируете определённую информацию, ваше состояние и ваш внутренний заряд определяют отношение окружающих к вам.

Если вам интересна тема эмпатии и вы хотите развивать у себя эти внутренние способности и  навыки, приглашаю вас на 3-х месячный Курс Практическая Эмпатия 2.0 начнется 8 апреля. 
✅ программа и вся информация в шапке профиля",
2025-03-29,1443081,35208,1026,47.970974,https://www.instagram.com/p/DHxzzLxCMks/,"🔥Углубленный курс по саморазвитию Практическая Эмпатия 2.0
https://violamaro.com/practiheskaya_empatia10

✅Консультирование и Психотерапия
https://violamaro.com/","Знаете, что когда человек вас игнорирует, прям сознательно игнорируют, это определённая форма наказания, это проявление пассивной агрессии. И с такими людьми абсолютно бесполезно договариваться. Все ваши благие намерения прояснить, разъяснить, о чём-то договориться абсолютно бесполезны. Потому что те, кто манипулирует игнором, они не хотят с вами ни о чём договариваться. Их цель – сделать вам больно и внушить вам чувство вины. Это очень трусливая форма манипуляции, но при этом очень болезненная. И самый лучший способ для того, чтобы не быть жертвой подобной манипуляции – начать зеркалить манипулятора. Вот буквально отворачиваться от них, не фокусироваться на них, не смотреть и не обращать внимания."
2025-03-30,31603,1511,33,72.909203,https://www.instagram.com/p/DH0cQsmgUIX/,"Отношения - это всегда не просто, это экзамен. Дети, семья, отношения с партнером - это всегда испытание. Легко быть мудрым, святым, уравновешенным, целеустремленным, когда ты один.
Тебе может показаться, что ты все понял, все познал и можешь даже учить или поучать других.

Но когда появляется кто-то, с кем ты разделяешь свою жизнь, партнер, семья, дети - вот это становится настоящей лакмусовой бумажкой для твоей личности, зрелости, эго, твоей терпимости, доброты, силы, любви и т.д.
Именно отношения поднимают на поверхность скрытые тени: ревность, жадность, злость, нетерпимость и многое другое.

Именно поэтому только через зеркало отношений с другим человеком мы можем по-настоящему понять себя, себя целиком.

🔥Углубленный курс по саморазвитию и Практической Эмпатии 2.0 - старт 8 апреля
Вся информация в профиле 👌🏻

✅Консультирование и Психотерапия - violamaro.com/",
2025-03-30,17568,835,22,165.733337,https://www.instagram.com/p/DH08OK4ITsj/,"💚 Эмпаты прячутся в жизни под эмоциональным ковром. Они прячут под этим ковром свои эмоции, свое видение, свое понимание.
Нас не учат жить с нашей повышенной чувствительностью, которая с возрастом становится эмпатией. Итог - вечное состояние жертвы в отношениях, с друзьями, с родными, в бизнесе. Мы становимся жертвами своих собственных травм, своих воспоминаний. 
Эмоции привязывают нас к прошлому, но мы не умеем развязываться и освобождаться.
Практическая эмпатия - это выход из позиции жертвы.

✅Практическая эмпатия - это трехмесячный образовательный курс, построенный на выборке самых продуктивных и гуманных психологических подходов и практик с целью 📍восстановить внутренний стержень, 📍оздоровить внутреннюю структуру личности, 📍стабилизировать самооценку человека - эмпата. 📍Предложить систему баланса в построении отношений, 📍научиться пользоваться своими внутренними системами восприятия - эмпатическими радарами, 📍установить крепкие стабильные дружеские отношения доверия и взаимопонимания с Жизнью!
📍Сформировать навык понимать и любить себя.

💚 Мне 50, я прошла путь мечтателя, друга, любимой, отшельника, путешественника, ученого, бизнесмена, 
Борца за права человека, матери, художника. Я всегда была эмпатом и в итоге стала психологом. Мой стаж в профессии больше 25 лет. Я знаю, о чем я говорю, из глубин как человека, так и профессионала.

✅ Образовательный курс Практическая Эмпатия 2.0 - это сборник наиболее эффективных подходов и практик, которые проверены как мною, так и моими клиентами.

Если вы эмпат, рано или поздно вы к этому придете. Можете идти сами - мне для этого понадобилось 20 лет, можете пойти по короткому пути и получить за 3 месяца. Поэтому, кому это интересно, - увидимся в этом году или в следующем.
✅ вся информация на violamaro.com  и в шапке профиля",
2025-03-31,19050,1282,22,62,https://www.instagram.com/p/DH2zPhRCA_L/,"🔥Углубленный курс по саморазвитию и Практической Эмпатии 2.0 - старт 8 апреля - вся информация в профиле

✅Консультирование и Психотерапия - violamaro.com/",
2025-04-01,27290,979,34,69.472656,https://www.instagram.com/p/DH5qBcDit3F/,"🔥Углубленный курс по саморазвитию и Практической Эмпатии 2.0 - старт 8 апреля - вся информация в профиле

✅Консультирование и Психотерапия - violamaro.com",
2025-04-01,22402,744,16,93.599998,https://www.instagram.com/p/DH6Tu-LimOi/,"Есть люди, которые могут быть очень счастливы, будучи несчастными. Проблема не в том, что переживать негативные состояния, депрессивные и грустные эмоции — это в принципе может быть абсолютно естественно, и с этим может сталкиваться каждый человек. Просто вопрос в том, как долго вы будете находиться в этом состоянии. Будете ли вы убиваться этим депрессивным состоянием и состоянием грусти? Есть люди, которые привыкают к этим тёмным состояниям и удобно усаживаются с позиции профессиональной жертвы.

Проблема в том, что когда вы оказываетесь в трудной ситуации, когда вам грустно или вы злитесь, какова будет ваша реакция? Вы будете стремиться выйти оттуда или же привыкнете к этому состоянию? Смиритесь с ним и сделаете его своим домом? 

Поэтому, как ни парадоксально есть люди, которые формируют свою зону комфорта в депрессивных и токсичных состояниях. Им комфортно быть несчастными.

🔥Углубленный курс по саморазвитию и Практической Эмпатии 2.0 - информация и программа в профиля

✅Консультирование и Психотерапия - violamaro.com",
2025-04-03,50883,1734,36,75.666664,https://www.instagram.com/p/DH-u2LrCTrQ/,"🔥Углубленный курс по саморазвитию и Практической Эмпатии 2.0 - вся информация в профиле

✅Консультирование и Психотерапия - violamaro.com","Если в отношениях с людьми вы часто сталкиваетесь с разочарованием, и причём мы здесь говорим о разного типа отношениях, любви, дружбы, контактов по работе, просто приятельские взаимоотношения, скорее всего, у вас есть склонность дорисовывать людей, подгонять их образ под ваши внутренние ожидания. Естественно, чем человек нам интереснее, тем больше его образ мы улучшаем, форматируем, приукрашиваем. А это прямая дорога к разочарованиям. Почему? Да потому что реальный человек не столько далёк от наших ожиданий, он просто другой. Так вот, чтобы не попадать в эту ловушку, ваших собственных ожиданий, попробуйте поменять у себя в голове одну маленькую установочку. Когда вы встречаетесь с новым человеком или же общаетесь уже известным вам персонажем, дайте себе установку узнавать человека, а не придумывать. Смотреть, изучать, узнавать, а не искать подтверждения вашим внутренним ожиданиям."
2025-04-04,45384,1576,33,146.96666,https://www.instagram.com/p/DIB9vCPCmqm/,"Человек, который вышел из отношений, может вернуться, когда у него или у нее начинают срабатывать определенные сенсорные воспоминания.

Существуют определенные сенсорные воспоминания, которые могут побудить человека вернуться к вам и дать ему возможность осознать, что он или она до сих пор испытывают к вам чувства, возможно, и любовь. Это те случаи, когда расставание дает возможность понять ценность отношений.

1. Ощущение, когда с вами нет необходимости всё объяснять, потому что вы понимаете друг друга без слов. Отдаляясь и, возможно, сравнивая отношения с другими, человек понимает, что есть этот глубинный уровень взаимопонимания и эмпатии.

2. Спонтанное проявление эмоций, когда вы обнимали или как-то физически поддерживали в тот момент, когда это было действительно необходимо. Когда все были слепы, а вы увидели и почувствовали.

3. Спокойное проживание молчания. Когда молчание с человеком не в тягость, когда ваш партнер может находиться с вами в молчании и ощущать себя как дома.

4. И ещё важнейшее сенсорное ощущение — запах человека. Когда ушедший понимает, что запах партнера был наиболее близким и соответствующим ему или ей. Запах человека — это его идентичность, его уникальность, и сенсорные воспоминания о запахе являются одним из самых сильных моментов осознания близости с человеком и желания сблизиться.

Эти четыре момента связаны с эмпатией, поэтому, если вы хотите укрепить отношения и внутреннюю связь с партнером, развивайте свою эмпатию!

🔥 Углубленный курс по саморазвитию и Практической Эмпатии 2.0
❣️Консультирование и терапия 🔗violamaro.com - переходите по ссылке в шапке профиля","могут ли бывшие вернуться, может ли человек, вышедший из отношений, вернуться. Да, в особенности, если у него начинают срабатывать определённого рода сенсорные воспоминания. И вот четыре наиболее показательных сенсорных воспоминания, которые могут побудить человека вернуться. которые могут помочь ему или же ей осознать, что они до сих пор испытывают чувство или же любовь. Это те самые редкие случаи, когда расставание даёт возможность человеку осознать ценность отношений. Первое— это ощущение, что с вами не нужно было всё объяснять, всё доносить, всё разжевывать. Вы и так всё понимали без слов. когда человек, отдаляясь и выходя из отношений, возможно, пытаясь общаться с кем-то другим, понимает, что именно с вами было вот это глубинное ощущение, глубинное взаимопонимание, была эмпатия. Во-вторых, когда было спонтанное проявление эмоций именно в тот момент, когда это было необходимо, когда вы могли обнять, проявить какую-то физическую близость, именно тогда, когда человек в этом по-настоящему нуждался. когда все были слепы, но вы увидели, вы почувствовали. Третье – это спокойное проживание молчания, когда молчать с вами не в тягости, когда человек мог проводить с вами в молчании без множества слов длительное время, когда молчание с вами давало человеку ощущение, что он или она как дома. И четвёртое важнейшее сенсорное ощущение, сенсорное воспоминание— это запах, запах близкого человека. Когда человек, ушедший, понимает, что запах партнёра был наиболее ему или же ей близок, наиболее идентичен, Потому что запах человека уникален, и это является наиболее сильным сенсорным ощущением и сенсорным воспоминанием. Это наиболее сильный момент— осознание близости с кем-то и желание вернуть потерянную близость. И все эти четыре момента— это всё про эмпатию. Поэтому хотите укрепить отношения— развивайте свою эмпатию."
2025-04-05,168097,5670,207,411.333344,https://www.instagram.com/p/DIEZCptiYIf/,"Скрытые абьюзеры часто используют наше доверие, чтобы манипулировать и контролировать. Понимание их тактик — это первый шаг к защите себя и своих близких. Давайте рассмотрим ключевые признаки, которые помогут вам распознать такие токсичные отношения и сохранить свое эмоциональное благополучие.

Вот несколько ключевых признаков, на которые стоит обратить внимание:

1. Очаровательная Внешность
 - Они могут казаться чрезмерно дружелюбными или привлекательными, но это обманчивое очарование.

2. Невозможность Принять Ответственность
 - Они часто перекладывают вину на других, избегая ответственности за свои действия.

3. Эмоциональная Манипуляция
 - Они используют ваши уязвимости, чтобы контролировать ваши эмоции и решения.

4. Пассивная Агрессия
 - Они могут использовать сарказм или тонкие намеки, чтобы выразить недовольство, избегая прямого конфликта.

5. Контроль и Изоляция
 - Они могут пытаться изолировать вас от друзей и семьи, чтобы усилить свое влияние.

6. Игнорирование Чувств
 - Они часто отвергают или умаляют ваши эмоции, ставя свои потребности на первое место.

7. Внушение Вины
 - Они могут заставлять вас чувствовать вину за ваши действия или решения, манипулируя вашим чувством самоуважения.

8. Постоянная Критика
 - Они постоянно критикуют или уничижают вас, стремясь понизить вашу самооценку.

9. Мастер Лжи
 - Они искусно скрывают свои истинные намерения, часто лгут, чтобы сохранить контроль.

10. Непредсказуемость
 - Их поведение может быть непостоянным, создавая атмосферу страха и неопределенности.

Эти признаки помогут вам распознать скрытого абьюзера, после чего вам нужно действовать спокойно и мудро. В начале проработать вашу позицию жертвы, для того чтобы освободиться от зависимости внутри и не испытывать страх. После чего вы спокойно сможете принять решение что и как вам делать в дальней.

🔥 Углубленный курс по саморазвитию и Практической Эмпатии 2.0
❣️Консультирование и терапия 🔗violamaro.com - переходите по ссылке в шапке профиля","Скрытые абьюзеры— это люди, которые используют ваше доверие для того, чтобы контролировать и манипулировать вами. И вот понимание их тактик— это первый шаг к защите себя и своих близких. И вот 10 тактик, которые помогут вам распознать подобных токсичных людей и сохранить не просто ваше эмоциональное благополучие, это сохранит действительно годы вашей жизни. Первый признак скрытого обидера – такие люди на вид, в общении могут действительно быть очень очаровательными. Именно их обаятельность и привлекательность затмевают вам глаза и помогают им избежать подозрений. Однако их харизма отличается такой стереотипностью. Они, скорее всего, имитируют обаяние, имитируют человеческую привлекательность, копируя какого-то конкретного персонажа. И, обладая навыками эмпатии, вы без труда взглядите в волково-вечьей шкуре. Второй признак— отказ признавать вину. Такие люди никогда не берут ответственность за свои действия, всегда находя виновных в окружении. Такие люди никогда не извиняются, вообще делают это в исключительно редких случаях, когда их уже буквально зажимают в угол. Третий признак – это эмоциональная манипуляция. Такие люди ищут эмоционально уязвимых, слабых людей для того, чтобы установить контроль. Скрытые абьюзеры практически всегда тёмные эмпаты. Они досконально изучают слабые моменты, уязвимые стороны человека, которого они хотят подчинить своей власти. Четвёртый признак – это наличие пассивной агрессии. Они виртуозно используют скрытые намёки, сарказм. чтобы выразить своё неудовольство, при этом не проявляясь, не открываясь напрямую. Абьюзеры чаще всего прячутся под маской великодушия, терпимости. Они вообще стараются сами не провоцировать открытый конфликт, а наоборот, они заставляют взрываться и агрессивно проявляться свои жертв. Для чего? для того, чтобы не быть виноватыми. Пятый признак – контроль и изоляция. Скрытые абьюзеры стараются изолировать своих партнёров от друзей, от семьи, чтобы усилить свою власть, для того, чтобы жертва абьюзера была по максимуму с ним связана. Боялась уйти, боялась поменять свою жизнь. Для абьюзера невероятно важно быть единственным авторитетом как в голове, так и в жизни своей жертвы. Шестой признак – игнорирование чувств. Чаще всего такие люди пренебрегают чувствами и эмоциями других людей, не считая их важными. Абьюзеры вообще эго-зависимые люди, и поэтому они считают, что их состояние, их положение, их мысли и чувства важнее и ценнее, чем кого бы то ни было. И они всецело уверены в своей правоте и в правильности своей позиции. Седьмой признак – это манипулирование чувством вины. Чувство вины – это вообще их основной рычаг, их основной инструмент контроля. Такие люди никогда не упустят возможности напомнить вам о ваших прошлых ошибках, слабостях, потерях или же о грехах. И они всегда будут пытаться подсветить вам как события прошлого, так и события настоящего с позиции вашей виновности, виноватости. Восьмой признак – это хроническая критика. Они буквально по капле ежедневно капают на вас критикой в больших вещах, так и в мелочах. И вот эта хроническая критика приводит к тому, что жертва абьюза начинает сомневаться как в себе лично, так и в своих силах и способностях. Скрытые абьюзеры всегда подтачивают и разъедают вашу самооценку критикой, обесцениванием и всевозможным газлайтингом. И какой бы сильный человек внутри вы не были, если у вас есть зависимые, со-зависимые отношения с абьюзером, рано или поздно он или же она пробьют вашу оборону. Критика, она как ржавчина, разъедает медленно, но верно. Девятый признак – высочайшая квалификация, наивысшая экспертность во лжи. Такие люди становятся мастерами вранья, умело скрывая свои истинные намерения. Во лжи абьюзера обыграть нельзя, даже не пытайтесь. Они в этом настоящие виртуозы и оттачивают свои навыки ещё с детских лет. Досконально выявить их ложь практически невозможно, но если вы в этом нуждаетесь, если вам это необходимо, вам понадобится долговременное сопоставление фактов и ваша практическая эмпатия. Десятый признак – это их непредсказуемость. Поведение таких людей очень нестабильно. Оно может в один момент полностью измениться. И вот подобные резкие изменения настроения, поведения создают атмосферу страха и неопределенности. У абьюзеров есть такая особенность. У них внезапно может упасть маска. Они могут внезапно стать агрессивными. Иногда вы можете увидеть, как будто бы их лицо меняется и становится холодным и злым, что, естественно, у здорового нормального человека вызывает страх и тревогу. И вот все эти признаки вам помогут распознать скрытого абьюзера, но этого недостаточно. Когда вы поняли, кто перед вами, после этого вам нужно действовать спокойно и мудро. Во-первых, вам нужно проработать ваше собственное состояние жертвы, ваш собственный скрытый внутри комплекс жертвы, который и держал вас внутри этих токсичных отношений. Когда вы избавитесь от состояния жертвы, с её тухлыми установками, вы избавитесь от зависимости от абьюзера и перестанете испытывать страх. А когда вы перестанете его или же её бояться, тогда вы сможете спокойно понять и принять решение, что и как вам делать дальше. И вот здесь психология вам в помощь."
2025-04-09,32240,926,36,144.600006,https://www.instagram.com/p/DIOw1M3iRPF/,"Единственный ребенок растет в мире тишины. У него нет братьев и сестер, с которыми можно было бы поделиться своими переживаниями, нет никого, кто мог бы разделить груз его ожиданий. Каждое достижение кажется непропорционально значимым, а каждая ошибка — особенно тяжелой. Их хвалили за независимость, но эта независимость никогда не была выбором — она была необходимостью.

Они научились развлекать себя, решать свои проблемы и скрывать свои эмоции. Они стали своими собственными лучшими друзьями и своими худшими критиками. Выросли в доме, который одновременно казался безопасным и изолирующим.

Теперь, став взрослыми, они все еще ощущают эту тишину. Им трудно впускать людей в свою жизнь, просить о помощи, признавать, что им тяжело. Они так привыкли нести все на своих плечах, что мысль о том, чтобы опереться на кого-то, кажется им непривычной.

Но правда в том, что им не нужно справляться со всем в одиночку. Сила заключается не только в самодостаточности — она также в умении разделять свою жизнь и доверять другим.

🔥 Углубленный курс по саморазвитию и Практической Эмпатии 2.0
❣️Консультирование и терапия 🔗violamaro.com - переходите по ссылке в шапке профиля",
2025-04-10,42947,2152,44,62.266666,https://www.instagram.com/p/DIRqhfRiXeC/,"Хотите знать главный секрет, чтобы в вашу жизнь стали приходить правильные люди? 

Вы начинаете встречать правильных людей, когда внутри себя вы помирились с прошлым и находитесь в состоянии покоя относительно него. 

Когда у вас не осталось незакрытых вопросов и сожалений, когда вы больше не хотите вернуть тех, кто вас оставил, и спокойно принимаете этот факт, вы находите покой внутри себя. Это состояние вы транслируете в мир, и окружающие ощущают вашу открытость к будущему, желание и готовность строить его, а не заниматься разборками прошлого. 

Состояние покоя внутри себя и открытость будущему — это основной секрет.

🧩 Углубленный курс по саморазвитию и Практической Эмпатии 2.0
❣️Консультирование и терапия 🔗violamaro.com - переходите по ссылке в шапке профиля","Хотите узнать главный секрет, чтобы в вашу жизнь начали приходить правильные люди? Так вот, вы начинаете встречать правильных людей, когда внутри себя вы примирились, помирились с прошлым, когда внутри вас не осталось больше незакрытых вопросов и сожалений. когда вы больше не хотите вернуть тех, кто вас оставил, когда вы нашли покой внутри себя. И вот это состояние вы и транслируете в мир, и окружающие его улавливают, его чувствуют, они воспринимают вашу открытость относительно будущего. Они чувствуют вашу готовность, ваше желание строить будущее, а не заниматься раскопками прошлого. И вот основной секрет в этом состоянии— состояние внутреннего покоя и открытости к будущему."
2025-04-15,15527,692,29,204.833328,https://www.instagram.com/p/DId5h-rCAH6/,"Не теряй себя, стремясь стать тем, кто им может понравиться больше.

Каждый человек стремится стать лучше. Почти все в какой-то момент своей жизни хотят перемен — стать продуктивнее, дисциплинированнее, «правильнее». Мы мечтаем изменить себя, свою жизнь, своё будущее. Но почему так часто эти стремления остаются всего лишь мечтами? Почему образ «лучшей версии себя» растворяется по мере приближения? Почему она остаётся такой недостижимой?

Многие тратят годы, пытаясь стать тем, кем нужно быть — более правильным, более соответствующим, более успешным, понимающим, удобным, более собранным, более приемлемым. Но в этом бесконечном процессе самокоррекции нередко забывается главный вопрос: а кто вообще сказал, что человек недостаточен таким, какой он есть?

Очень часто процесс самокоррекции превращается в процесс подстраивания и соответствия внешним лекалам. Мы начинаем форматировать и подстраивать наши проявления и со временем уменьшаемся - становимся меньшей версии себя. Мы учимся оттаивать смех, если он кажется слишком громким, подавляем чувства, если они слишком острые и прямолинейные. Мы учимся сжиматься рядом с другими, стараясь никого не задеть. Так постепенно и возникает тот, кого проще принять, но сложнее по-настоящему узнать. Даже самому себе.

Внутренний огонёк, который есть в каждом, не нуждается в том, чтобы его гасили — ему нужно понимание. Его нужно уметь принимать, защищать, и питать.  Чувствительность не является слабостью — это глубина. Мягкость — не изъян, а сила. Никто не обязан становиться другим ради чьего-то одобрения.

Человек не создан для того, чтобы прятаться за масками. Он создан для того, чтобы стать больше собой.

Не теряй настоящего себя, стремясь стать тем, кто им может понравиться больше.

🔥Углубленный курс по саморазвитию и Практической Эмпатии 2.0
https://violamaro.com/practiheskaya_empatia10

✅Консультирование и Психотерапия
https://violamaro.com/",
2025-04-29,17311,915,25,255.96666,https://www.instagram.com/p/DJCB1T6iMfC/,"Почему иногда человек может внезапно расплакаться без видимой причины? Почему у вас возникает ком в горле и наворачиваются слёзы, хотя вы сидите дома в удобном кресле или слушаете приятную музыку за рулём своей машины? И почему у вас внезапно может измениться настроение, даже если объективно ничто вас не ранит? 

Виной тому могут быть замороженные в психике разочарования, незалеченные раны — какая-то болезненная ситуация, которая осталась внутри вас в подвешенном состоянии. Вы её не решили, вы просто закрыли внутри, но она есть, она жива и даёт о себе знать. 

Это могут быть небольшие разочарования (в людях, в поступках, в надеждах, в любви и т.д.), с которыми у нас нет времени или желания разбираться, и мы просто оставляем их в подвешенном состоянии. И потом внезапно приходит какой-то стимул: мы слышим песню, видим сцену из фильма или сценку из реальной жизни чужих людей, и внезапно внутри нас как будто что-то щелкает, находит тёмные тучи, наше настроение меняется, глаза наполняются слезами. 

Чаще всего мы давно забываем об этих разочарованиях, оставляем их где-то на нашем жизненном пути и проезжаем дальше. «Всё, проехали!» Но периодически они дают о себе знать. Если вы не хотите стать жертвой этих нерешённых трещинок и не попасть в их эмоциональные водовороты, секрет прост: их нужно просто осознать, понять, что вас беспокоит, что разочаровало, посмотреть на это взрослым взглядом. Сказать: да, так есть, так было, с этим ничего не поделать, я на это никак не могу повлиять. 

Достаточно не прятать их внутри, вывести из тени, не бояться увидеть в свете своей сегодняшней жизни и своего сегодняшнего понимания всё то, что произошло. Вы не несёте ответственности за чужую несправедливость, предательство, ложь, психологическую некрасивость. 

Когда мы маленькие, мы терпим. Пока мы находимся в детской позиции, мы терпим — это позиция жертвы. Взрослая позиция — это когда мы видим несовершенство мира, негатив, некрасивость, но не уходим в страдания, не уходим в боль, не уходим в позицию жертвы, а выбираем жить по-другому, быть другим человеком, строить свою жизнь на других ценностях. 

🔥Мастер-класс «Методичка современного родителя» - 27/05 🧩 инфо в профиле",
2025-05-02,18747,914,36,117.800003,https://www.instagram.com/p/DJJz8gBCmEj/,"Курение воспринимается многими как простая зависимость от никотина, но на самом деле все гораздо глубже. Часто сигарета становится не столько объектом желания, сколько способом справиться с негативными эмоциями — усталостью, раздражением или тревогой. Это не просто привычка, а ритуал, позволяющий отдохнуть и выдохнуть на мгновение, побыть наедине с самим собой. Иногда сигарета становится опорой, когда человек находится в компании других, когда ему тревожно, неловко или скучно; сигарета становится правом на неучастие в процессе. Она выступает «придуманным другом», который всегда под рукой.

Для многих курение — это возможность остановиться, найти тишину и позволить себе сделать паузу. Настоящая зависимость заключается не в табаке, а в потребности взять паузу - в доступном способе расслабиться. Мы живем в мире, где пауза без причины считается ленью, и курение кажется оправданным перерывом.

Поэтому человек привязывается не к сигарете, а к состоянию, которое она приносит. Чтобы избавиться от курения, нужно не только отказаться от него, но и найти новый способ получить искомое состояние — без чувства вины и без табака. Для каждого это индивидуально — спросите себя, какое состояние вы получаете вместе с сигаретой?
Важно помнить, что вам нужно не дым, а пространство для себя.

🧩 27 мая мастер-класс для РОДИТЕЛЕЙ«Методичка современного родителя. Как не сломать ребенка и не сломаться самому»
❣️Консультирование и терапия 🔗violamaro.com - переходите по ссылке в шапке профиля",
2025-05-04,74047,2200,55,179.96666,https://www.instagram.com/p/DJPTQ49i2i-/,"🔥27 мая состоится новый мастер-класс для РОДИТЕЛЕЙ
🧩«Методичка современного родителя. Как не сломать ребенка и не сломаться самому»

❣️Консультирование и терапия 🔗violamaro.com - переходите по ссылке в шапке профиля","Вам изменили, вас предали. Первое, что нужно сделать, это не запускать сценарий мести. Во-вторых, нужно оставить бесполезные попытки забыть. Есть вещи, которые невозможно и нельзя забывать, поэтому оставьте эту чушь. Что вы можете сделать? Не говорю должны, именно что вы можете сделать? необходимо найти смысл произошедшего, происходящего. И внимание, не объяснение, а именно смысл. Найти смысл – это означает вытащить пользу из того травмирующего события, которое вы прошли, пережили, переживаете, из того, что с вами случилось. Только таким образом вам не придётся вычёркивать, выкорчевывать целые периоды своей жизни. Смысл нельзя найти на нервах, на эмоциях, спрашивая советов. Смысл начинает проявляться, мы его можем разглядеть, понять. Он приходит как некое осознание, когда оседает вся эта пыль эмоциональная. Это нужно сделать, потому что только так вы сможете пойти вперёд. а не блуждать долгое время в этом эмоциональном тумане прошлого. Для того, чтобы это сделать, не нужно закрываться, не нужно прятаться, не нужно защищаться. Нужно дать возможность проявиться картине целиком. Нужно дать время себе и происходящему немного успокоиться, отлежаться. Только так мы придём к осознанию. Но это осознание нельзя выдёргивать, его нельзя выдирать. Оно должно прийти. И нельзя ничего забывать, потому что вы сегодня являетесь результатом того, что вы прожили, того пути, который вы прошли. Вы являетесь тем, чем вы есть, только благодаря или же вопреки прожитому. И поэтому не нужно вычёркивать, выкорчевывать целые периоды, года из своей жизни. Если вы находитесь в подобной ситуации, прежде всего дайте себе время и дайте возможность своей внутренней природе естественным путём затянуть открытые раны. При этом сами не расковыривайте, не давите, не прячьте, дайте ранам продышаться. Сначала примите тот факт, что эта рана, психологическая рана уже есть, что-то уже произошло. И теперь нужно увидеть, понять смысл того, что произошло. Только так это сможет стать внутренней силой, внутренней глубиной, багажом вашей жизни, приобретением, опытом, мудростью. Помните, что после любого травмирующего события нужен определенный период спокойствия, когда вы наедине с самим собой Залечивайте все свои психологические раны. И на это нужно время. И только после этого вы сможете возродиться."
2025-05-05,22997,1196,30,82.26667,https://www.instagram.com/p/DJQyyLPir9O/,"Говорят, если положить лягушку в кипяток, она тут же выпрыгнет. Но если поместить её в тёплую воду и медленно поднять огонь, она не заметит, пока не станет слишком поздно.

Вот что бывает, когда слишком долго остаёшься не в том месте. Человек привыкает и уживается с тем местом, которое его медленно убивает. Мы привыкаем к самому минимуму, мы говорим себе: «Все в порядке», мы убеждаем себя: «Может быть, и хуже». Мы терпим, приспосабливаемся, сжимаемся, мимикрируем.

Мы теряем время, которое нам никогда не вернётся.

Зоны комфорта превращаются в клетки, дверцы которых медленно и постепенно захлопываются, и вы этого не заметите.

Не позволяйте годам проходить, пока вы сидите и кипите, называя это «нормальным».

Только выйдя из такой ситуации медленного кипения, вы понимаете, что значит дышать легко и жить спокойно.

🔥27 мая состоится новый мастер-класс для РОДИТЕЛЕЙ
🧩«Методичка современного родителя. Как не сломать ребенка и не сломаться самому»

❣️Консультирование и терапия 🔗violamaro.com - переходите по ссылке в шапке профиля",
2025-05-05,6567,149,0,86.800003,https://www.instagram.com/p/DJRSaBMCJgQ/,"🔥27 мая состоится новый мастер-класс для РОДИТЕЛЕЙ
🧩«Методичка современного родителя. Как не сломать ребенка и не сломаться самому»
 
❣️Консультирование и терапия 🔗violamaro.com - переходите по ссылке в шапке профиля",
2025-05-06,18164,919,12,106.599998,https://www.instagram.com/p/DJTtAuPi85f/,"Если в детстве вы пережили травмирующий опыт, если у вас остались негативно заряженные эмоциональные воспоминания относительно близких друзей или каких-то ситуаций, поймите: бесполезно разбираться с реальными людьми. Бесполезно разговаривать с реальными виновниками, прощать родителей, искать обидчиков, писать письма. Это бесполезно. 

У вас проблемы с вашим внутренним ребёнком, которого обидели, из-за которого тогда никто не встал. Но этого тогда уже не существует; вся проблема у вас в голове. Вы должны стать себе самым любящим, самим быть терпеливым и понимающим родителем, другом, взрослым, кем-то близким. Поймите: эмоции болят у вас, они у них, и только вы можете себя вылечить. 

🧩 Если вы хотите научиться стать мудрым родителем самому себе и, возможно, вашим детям, вам может быть полезен мастер-класс «Методичка для современного родителя: как не бояться сломать своих детей и не сломаться самим».
📍Вся информация в шапке профиля",
2025-05-15,55419,2385,53,80.571793,https://www.instagram.com/p/DJq5rHdC-Ng/,"С чего начать выход из позиции жертвы? 

🧩Консультирование и Психотерапия 🔗violamaro.com - переходите по ссылке в шапке профиля","Вы знаете, для того, чтобы не подпасть под влияние всевозможных манипуляторов, абьюзеров, хейтеров, буллеров, ну и вот всех остальных токсичных персонажей, достаточно откорректировать одно свое состояние. Это состояние жертвы. Потому что все эти психологические вампиры, все те, кто хотят установить определенные отношения зависимости, властвовать, унижать, подавлять вашу личность, они могут это делать, только если вы это позволяете. А вот как откорректировать, как не впасть в это состояние жертвы? Это сделать очень просто, гораздо проще, чем вы себе можете это представить. Достаточно откорректировать, держать под контролем два момента. Первый, наиболее распространённый, это максимально брать ответственность даже в мелочах за всё ваше. За вашу тарелку, за ваш гардероб, за ваше слово, за ваше желание. Ответственность. И второе – это прекратить жаловаться, то есть перекидывать ответственность на кого-то другого. Буквально зашить себе рот на всё нытьё. И вот когда вы перестанете сливать свою энергию на нытьё и жалобы, у вас появятся силы и энергия для того, чтобы сказать «нет». Это то самое слово, с которым начинается ваша личность и начинаются ваши личные границы."
2025-05-16,29183,908,16,82.5,https://www.instagram.com/p/DJtIoq_iosR/,"Как простить человека, как простить себя, как простить и отпустить, и почему это так сложно и у многих не получается? 

Если у вас с прощением не получается, возможно, вы заходите не с той стороны: вначале научитесь просто принимать человека, принимать себя, если не можете простить себя. 
Принимать — не обвиняя, не пытаясь слепить из себя или из другого какую-то нужную вам версию. 
Если вы прекратите обвинять человека, если вы отпустите претензии, прощение как таковое будет естественным состоянием. Когда вы ничего не требуете, вы тогда ничего не ждёте. 

Смотрите на этот процесс с другой стороны, спросите себя, в чем я обвиняю, за какие претензии я держусь — вот именно этот узел и нужно развязать.

🧩 Консультирование и Психотерапия 🔗violamaro.com - переходите по ссылке в шапке профиля",
2025-05-19,167601,3184,61,84.844261,https://www.instagram.com/p/DJ1dSI3CGNZ/,"Когда в паре случается измена, это всегда вершина айсберга
- этому предшествуют длительней процесс эмоциональной диффузии. Его сложно распознать сразу, но практически всегда его можно почувствовать. Вот несколько поведенческих показателей которые могут от вас ускользнуть. 

🧩 Консультирование и Психотерапия 🔗violamaro.com - переходите по ссылке в шапке профиля

🌱Углубленный курс по саморазвитию и Практической Эмпатии 3.0","Когда мужчина начинает изменять своей жене, женщине, с которой он находится в длительных отношениях, порой он может начать относиться к ней агрессивно, начать проявлять себя необоснованно грубо, устраивать скандалы буквально из ничего на ровном месте. Начать критиковать, упрекать женщину. Говорить ей, что она недостаточно хороша, недостаточно успешна, недостаточно красива, недостаточно молода. Ну вот недостаточно где-то. То есть он будет делать все, что угодно, говорить все, что угодно для того, чтобы подвести ее саму к мысли о том, что именно она является причиной происходящего. Именно из-за нее все разваливается. Более того, после подобных выяснений отношений мужчина может пропасть. на часы, а то и на дни. Внешне это может объясняться, как ему нужно время подумать, прийти в себя, все взвесить, но на самом деле это просто является возможностью увидеться с третьими лицами. Когда он вернется обратно к вам в семью, в отношения, он войдет заново в свою роль, будет утешать вас, будет извиняться каким-то образом, делать все для того, чтобы вернуть вас к отправной точке. но все подобные примирения, они показательные и временные. И практически со 100% вероятностью подобные ссоры и измены повторяются. И все это будет повторяться и продолжаться до тех пор, пока вы будете с этим соглашаться и вас это будет где-то устраивать."
2025-05-20,17360,584,9,59.070114,https://www.instagram.com/p/DJ3ykNuCRRC/,"Если твой партнёр постоянно спрашивает: все ли у тебя в порядке? не злишься ли ты на неё или на него,  то то, что он/она делает, называется эмоциональным мониторингом. 
Это может быть следствием того, что человек провёл долгое время в нестабильной, а иногда и агрессивной среде. 
Не нужно злиться, и постарайся не раздражаться, если человек спрашивает тебя в сотый или тысячный раз. Постарайся его/её успокоить и дать нужные искомые ответы, даже пару слов. 
Это спокойствие, которое вы предоставляете, со временем поможет им выздороветь и избавиться от привычки постоянно задавать все эти вопросы. Потому что он/она поймут, что с вами не нужно постоянно жить в страхе. Не нужно бояться. 
А вот злиться и раздражаясь, вы получите противоположный эффект, и это будет будоражить и питать в нём призраки прошлого.

 🧩 Консультирование и Психотерапия 🔗violamaro.com - переходите по ссылке в шапке профиля

🌱Углубленный курс по саморазвитию и Практической Эмпатии 3.0",
2025-05-21,25094,1442,45,47.645897,https://www.instagram.com/p/DJ6IJHYivmk/,"У людей с повышенной чувствительностью есть одна особенность: периодически им буквально жизненно необходимо сбежать от суеты и шума туда, где они могут восстановить свой внутренний покой. Им нужно побыть на природе среди озёр, лесов и морей. Они как будто подключаются к миру и подзаряжаются от этой энергии природной тишины.

Для них очень важно настроиться на волну чистоты, тишины и природного покоя. Именно здесь они черпают тот ресурс, который позволяет им с такой ясностью видеть фальшь, наносное, видеть маски на лицах людей. Это их качество, их способность часто заставляет их грустить и молчать, так как то, что они видят, к сожалению, порой может разочаровывать.

Им нужно научиться смотреть вдаль и в глубь, сквозь маски и шелуху, иначе они могут со временем замкнуться в себе, у них могут развиться различные формы депрессии и асоциальности.

🧩 Консультирование и Психотерапия 🔗violamaro.com - переходите по ссылке в шапке профиля

🌱Углубленный курс по саморазвитию и Практической Эмпатии 3.0",
2025-05-23,449481,17831,445,65.933334,https://www.instagram.com/p/DJ_ox3YCoOr/,"Вот поверьте мне, все те, кто бросил вас на полпути, кто именно «безжалостно» оставил и исчез из вашей жизни, рано или поздно появятся и будут заглядывать в ваши окна. 

И знаете, когда это будет происходить? 
Когда они наконец поймут, что в глубине души любят вас и были не правы в своём выборе? 
Нет, конечно!

Когда они увидят, что вы наконец восстаете из пепла, когда они почувствуют, что вы наконец закрываете старые тетради. 
А знаете почему это происходит ? 
Потому что для таких людей самой неприятной и больничной вещью является осознание, что их забывают, что за них больше не держатся как за единственную соломинку в жизни. 

Для них невыносимо осознать, что они перестали быть единственной ценностью для тех, кого они так долго обесценивали.

🧩 Консультирование и Психотерапия 🔗violamaro.com - переходите по ссылке в шапке профиля

🌱Углубленный курс по саморазвитию и Практической Эмпатии 3.0","Вот поверьте мне, все те, кто бросил вас на полпути, все те, кто буквально безжалостно оставил вас и исчез, испарился из вашей жизни, рано или поздно они вновь появятся, проявятся в вашей жизни и будут заглядывать в ваши окна. Когда это будет происходить? Вы думаете, тогда, когда они поймут, что в глубине души любят вас и были неправы в своём выборе или в своём поведении? Нет, конечно. Когда они увидят, что вы наконец восстанавливаетесь, вы наконец восстаёте из пепла, вы наконец собрали себя по частям и закрываете старые тетради. А знаете, почему так происходит? Потому что для таких людей самой болезненной и ненаприятной вещью является осознание, что их забывают, что за них больше не держатся, как за единственную соломинку в жизни. Для них просто невыносимо осознавать, что они перестали быть единственной ценностью для тех, кого они так долго обесценивали."
2025-05-24,76185,3088,75,118.73333,https://www.instagram.com/p/DKB1dQXip5V/,"Знаете, почему люди вдруг начинают вас не уважать, игнорировать или пользоваться вашими слабостями? Это не случайно.

Когда вы сами внутри себя сомневаетесь в своей ценности, стыдитесь чего-то или ощущаете, что “с вами что-то не так” — это видно. Даже если вы ни слова не говорите. Это слышно в голосе, видно в осанке, в том, как вы реагируете и как строите границы.

Психика других людей бессознательно улавливает это и… начинает подстраиваться. Всё просто: вы транслируете, что вы не важны — и вам это возвращают.

Отношения — это зеркало. Хотите по-настоящему изменить то, как с вами общаются? Начните с себя. Не с внешнего имиджа. А с внутреннего диалога. С уважения к себе — спокойного, глубокого, без необходимости что-то доказывать.

Вы не можете ожидать от мира того, чего не даёте себе сами. Хотите других реакций — измените своё внутреннее состояние. 
Это не магия. Это психология.

🧩 Консультирование и Психотерапия 🔗violamaro.com - переходите по ссылке в шапке профиля

🌱Углубленный курс по саморазвитию и Практической Эмпатии 3.0","А знаете, почему вдруг люди начинают вас не уважать, игнорировать, пользоваться вашими слабостями? Это не случайно. Когда вы внутри сами сомневаетесь в вашей ценности, стыдитесь чего-то, стыдитесь себя или ощущаете, что с вами что-то не так, даже если вы об этом не говорите, это видно, это ощущается, это проявляется в вашем поведении. Это слышно в вашем голосе, это видно в вашей осанке, в том, как вы реагируете, в том, как вы строите личные границы. И психика других людей улавливает ваше состояние, даже если вы этого не понимаете. Психика улавливает ваш резонанс и начинает под него подстраиваться. В итоге всё просто, вы транслируете ваше состояния, то, что вы не важны. И вам это возвращается. Возвращается через отношение других людей к вам. Отношение – это зеркало. Хотите по-настоящему изменить то, как к вам обращаются, то, как к вам относятся, начните с себя. И ни с чего-то внешнего, ни с имиджа. не с работы над внешними деталями. Начните с внутреннего диалога, с того, о чём и как вы говорите с самим собой. Начните с уважения к самому себе, спокойного. глубокого, без необходимости кому-то и что-то доказывать. Поймите, что вы не можете ожидать, что кто-то другой даст вам то, что вы сами себе дать не можете. Хотите другого отношения? Хотите других реакций? Измените свое внутреннее состояние. И это не магия, это психология."
2025-05-26,22489,1087,36,145.866669,https://www.instagram.com/p/DKHK5qVi2Fw/,"Если вы ощущаете неуверенность — в себе как в человеке, в своих профессиональных качествах, в своих способностях, целях или желаниях — скорее всего, вы сталкиваетесь с проявлением неустойчивой самооценки.
Прежде чем углубляться в проработку травм, копаться в комплексах или «прокачивать» свою психику, задайте себе один важный вопрос: на чём вообще стоит ваша самооценка?
Если она построена на отражениях — на том, что о вас думают другие, как вас оценивают, насколько вами восхищаются или одобряют — она будет оставаться уязвимой и подверженной колебаниям. Потому что внешний взгляд изменчив. И вы всё время будете зависеть от чужих зеркал, теряя ощущение собственной опоры.
Ключ к зрелой, устойчивой самооценке — в том, чтобы начать опираться на себя.
На своё мнение, свои ценности, свою глубину.
Не обесценивая других — но не делая их центром своего мира.
Не в контрасте с чужим взглядом — а в согласии с собой.
Когда вы ставите себя в центр собственной жизни — не эгоистично, а осознанно — многое начинает становиться на свои места.
Уходит постоянная тревога, отпадает необходимость доказывать, оправдывать, быть «достаточно хорошим».
Появляется внутренняя устойчивость.
А вместе с ней — ясность, спокойствие и новая сила.

🧩 Консультирование и Психотерапия 🔗violamaro.com - переходите по ссылке в шапке профиля

🌱Углубленный курс по саморазвитию и Практической Эмпатии 3.0",
2025-05-26,24317,1272,28,127.73333,https://www.instagram.com/p/DKHyMvci5Lx/,"Многие женщины хотят зрелого, надёжного мужчину… 
Но не замечают, как подсознательно отвергают заботу и добрая к себе отношения— просто потому что внутри становится неловко. 
Как будто добро нужно обязательно «отработать». 
Как будто быть любимой просто так — нельзя. 

Когда женщина не может принять добро от мужчины без чувства вины —  она неосознанно притягивает тех, рядом с кем снова нужно страдать, заслуживать, бороться. 
Почему?  Потому что боль знакома - это знакомое чувство. 
А принятие — пугает. 

Если вы хотите выйти из круга токсичных отношений, 
начните с простого, но самого трудного:  научитесь принимать заботу — не стесняясь, не сжимаясь, не торопясь быть «удобной» в ответ. 

Вы не слабая, когда принимаете. 
Вы не эгоистка, когда позволяете себе отдыхать рядом с мужчиной. 
Иногда именно способность и мудрость принимать — и есть зрелость. Зрелость с женским лицом. 

🧩 Консультирование и Психотерапия 🔗violamaro.com - переходите по ссылке в шапке профиля

🌱Углубленный курс по саморазвитию и Практической Эмпатии 3.0",
2025-05-27,24975,779,10,156.233337,https://www.instagram.com/p/DKJ1ce4CH1C/,"Есть три состояния, которые почти всегда сопровождают сердечные раны и эмоциональное страдание.
Их можно назвать«святой троицей» боли: пустота, одиночество и отстранённость.
Они похожи, но каждый несёт свою ноту внутреннего разрыва.
Это состояния не просто фоновые — они становятся частью восприятия, проникают в мышление, подчиняют себе волю.
Они могут быть столь насыщенными и плотными, что заполняют собой всё внутреннее пространство — не оставляя места для ясности, покоя и свободы выбора.
Именно эти состояния часто лежат в основе тех решений, которые мы не можем принять:
Уйти или остаться?
Завершить связь или снова терпеть, приспосабливаться, страдать?
Слушать себя — или удерживать контакт любой ценой, лишь бы не быть одному…
Страх потерять «этого» человека, страх оказаться без него или без неё — иногда оказывается сильнее реальности. Он перекрывает голос наших подлинных потребностей. Мы уже не слышим себя. Только этот страх:
если я отпущу — меня накроет пустота.
Чтобы начать распутывать этот клубок, важно задать себе, на первый взгляд, простой вопрос:
Что именно всплывает внутри, когда вы просто допускаете мысль — отпустить этого человека?
Какие образы приходят? Какие страхи, убеждения, воспоминания? Что вы на самом деле боитесь потерять?
Путь к внутренней свободе начинается с того, чтобы не отворачиваться от этого страха, а смотреть ему в глаза.
Потому что именно в том, чего мы боимся больше всего — часто и скрывается ключ к нашей эмоциональной свободе и  зрелости.

🧩 Консультирование и Психотерапия 🔗violamaro.com - переходите по ссылке в шапке профиля

🌱Углубленный курс по саморазвитию и Практической Эмпатии 3.0",
2025-05-29,16352,651,10,170.96666,https://www.instagram.com/p/DKPOrrVC1PP/,"Если вы — человек, который боится проявлять и показывать свои внутренние слабости, внутреннюю хрупкость, — со временем вы становитесь человеком, который держит всё внутри себя.
Но, помимо всего прочего, вы станете человеком, который хорошо понимает других. Поэтому люди будут к вам тянуться, будут с вами делиться своими проблемами, сложностями. Почему? Потому что вы их не только понимаете, но вы можете выдержать их боль.

Но такой процесс не бесконечный.
Рано или поздно наступает накопительный эффект, и скрываемые вами слабые, уязвимые моменты вашей личности начнут проявляться.

Когда это произойдёт?
Когда вам будет уже очень тяжело — всё держать внутри и заботиться только о других, но не о себе.

И наступает момент, когда вы взрываетесь: эмоционально, проявляете себя неадекватно, выходите из себя.
И ваше окружение — все люди, которые считали вас сильным, которым вы казались эталоном, — пугаются. Они смотрят на вас круглыми глазами:
«Что произошло? Что случилось?»
Потому что эти люди привыкли видеть в вас сильного человека, которым они восхищались. Таких слабостей они не ожидали.

Возникает недопонимание.
Вы даже можете потерять кого-то из вашего окружения.

Если вы узнали себя, свои проявления — что делать?

Нужно научиться проживать свои эмоции.
Прежде всего — от себя, не прятать свою эмоциональную хрупкость или уязвимость.
Нужно научиться говорить о своих потребностях своевременно, а не тогда, когда вы дошли до точки кипения, когда свои потребности можете только прокричать.

Чтобы это сделать, вам нужно научиться спрашивать и проговаривать то в чем вы нужаетесь. 
Именно «научиться» — потому что люди, которые боятся проявить свои уязвимые и хрупкие моменты, сталкиваются со сложностью: сформулировать свой запрос, произнести вслух, определить свою потребносто, спросить, проговорить,  словесно выразить то, в чем они отчаянно нуждаются. 

Не ждите пока окружающие догадаются,  на это может уйти вся жизнь, а окружающие могут так и не догадаться в чем вы по-настоящему нуждались. 
Научитесь выражать проявлять быть видимым!

 🧩 Консультирование и Психотерапия 🔗violamaro.com - переходите по ссылке в шапке профиля",
2025-05-30,71019,3944,90,87.30558,https://www.instagram.com/p/DKRZxb4Ccre/,"Не нужно фокусироваться на неправильных для себя людях. 
Нужно взять себе за правило: вас не приглашают — не нужно идти; вам что-то не говорят — не надо спрашивать; вас приглашают с явным опозданием — отказывайтесь. 
Только так можно прекратить бегать и постоянно догонять тех людей, которые вас не хотят. Хватит! 
Можно прекратить догонять тех, кто уходит. Хватит постоянно двигать горы ради тех, кто вам вообще ничего не показывает и не проявляет интерес. 
Не нужно пытаться втиснуться в жизнь человека, если там просто нет для вас места. Зачем биться в дверь человека, пытаться её выломать, тратить на это огромные силы? Человек же вас не ждёт, не хочет и не ценит. 
Если человек не видит в вас никакой ценности, зачем? 

И помните: пока вы тратите своё время и силы, где-то там за углом есть другой человек, такой же, как вы, с которым у вас есть совместимость, и он или она сейчас ищут своего человека, свою вторую половину, пока вы тратите свою жизнь на то, чтобы вломиться в чужую дверь.

🧩 Консультирование и Психотерапия 🔗violamaro.com - переходите по ссылке в шапке профиля

🌱Углубленный курс по саморазвитию и Практической Эмпатии 3.0","Не нужно фокусироваться на неправильных для себя людях. Нужно взять для себя буквально за правила. Вас не приглашают, не надо идти. Вам что-то не говорят, не нужно спрашивать. Только так можно прекратить бегать, постоянно догонять тех людей, которые вас не хотят. Хватит. Нужно прекратить догонять тех, кто уходит, прекратить их удерживать. Хватит постоянно двигать горы ради тех, кто вам вообще ничего не показывает и не проявляет. Не нужно пытаться втиснуться в жизнь человека туда, где для вас просто нет места, и освобождать его никто и не собирается. Зачем постоянно колотиться в чью-то дверь, тратить неимоверные усилия для того, чтобы достучаться, прорваться к тому или же к той, кто тебя не ждёт, не хочет и не ценит? Если человек не видит в тебе никакой ценности, зачем? И помните, пока вы тратите своё время, силы где-то там, за углом, есть другой человек, такой же, как вы, очень на вас похожий, с которым у вас есть совместимость по множеству паззлов. И он или же она в данный момент, пока вы теряете своё время и тратите свои силы, отчаянно ищет свою вторую половинку, пока вы тратите свою жизнь, ломясь чужие двери. И поэтому"
2025-05-31,35557,2231,109,116.466667,https://www.instagram.com/p/DKUta4HCFOp/,"Если люди не смогут вас контролировать (мы говорим о тех, кто в этом нуждается: манипуляторы, абьюзеры, токсичные персонажи), тогда они попытаются контролировать то, как другие люди видят вас. То есть они будут сплетничать, будут на вас наговаривать, распространять ложь для того, чтобы сформировать негативное отношение к вам.
Когда вы видите, что формируются подобные негативные круги на воде, к сожалению, вы ничего не можете с этим сделать. Вы не должны вступать в борьбу с этой негативной диффузией. Нужно сосредоточиться на себе и на позитивном векторе своего движения.
Более того, если вы хотите снять эту негативную пелену, которую формируют манипуляторы, вам нужно за их спиной говорить о них позитивно. Когда вы позитивно или хотя бы нейтрально-позитивно отзываетесь о человеке, который говорит о вас плохо, вы ломаете его игру и заставляете людей задуматься и в итоге встать на вашу сторону.
Чтобы победить токсичность, ни в коем случае нельзя становиться самим токсичными – темноту можно уничтожить только светом!
Поэтому помните: сколько бы о вас ни распространялось тёмного мнения, вам всего лишь нужно зажигать свет – и помните, людям всегда будет комфортнее со светом 💫

🧩 Консультирование и Психотерапия 🔗violamaro.com - переходите по ссылке в шапке профиля

🌱Углубленный курс по саморазвитию и Практической Эмпатии 3.0","Знаете, если люди не смогут вас контролировать, ну, мы, конечно, говорим о тех, кто в этом нуждается. Манипуляторы, абьюзеры, разные токсичные персонажи. Если они не смогут вас контролировать, знайте, они попытаются контролировать то, как другие люди смотрят на вас. То есть они могут начать сплетничать, наговаривать, распространять ложь для того, чтобы сформировать негативное к вам отношение. И вот если вы видите, что в среде начинают формироваться вот такие вот негативные круги на воде, знайте, что главное с этим не бороться, не вступать в открытую войну, доказывать, разъяснять, показывать пальцем. Для того, чтобы остановить подобную негативную диффузию, вам нужно как можно больше сосредоточиться на себе и на своём позитивном векторе движения. Вам ни в коем случае нельзя поддерживать игру манипулятора, нельзя оправдываться, нельзя объясняться, даже если это очень сложно. Более того, если вы хотите побыстрее снять эту негативную пелену, которую формирует буквально в глазах других людей манипулятор, вам нужно за его или за её спиной начать говорить о них позитивно. Потому что когда вы позитивно или хотя бы позитивно-нейтрально отзываетесь о человеке, то есть вы знаете, что этот человек распространяет негатив, но в его отсутствии с другими людьми вы говорите о нём нейтрально-позитивно. Это сильнейшая стратегия, которая изнутри сломает игру манипулятора. Именно это заставит окружающих задуматься и в итоге встать на вашу сторону. Победить токсика нельзя его оружием. Уничтожить темноту можно только светом. Поэтому зажигайте свет. Помните, людям со светом всегда комфортнее."
2025-06-01,14114,703,11,81.500587,https://www.instagram.com/p/DKWlUE1izea/,"Консультирование и Психотерапия 🔗violamaro.com - переходите по ссылке в шапке профиля

🌱Углубленный курс по саморазвитию и Практической Эмпатии 3.0",
2025-06-02,6880,212,3,49.333332,https://www.instagram.com/p/DKZSatwihfn/,"Если вы делаете в своей жизни огромное количество дел, даже очень полезных, но при этом выгораете, вам хронически не хватает сил и смыслов —
проверьте, есть ли у вас объединяющая цель, которая связывает все ваши телодвижения в пространстве и движения по жизни.

Наличие объединяющего вектора движения, объединяющей цели не только облегчит весь объём ваших действий, позволит избежать стресса,
но и предоставит дополнительные ресурсы.

Дела и действия, которые не присоединены к цели, истощают и загоняют вас в состояние стресса.

То есть вы должны понимать, куда вы идёте. Вы должны внутри себя видеть эту точку, эту цель, этот адрес.
И, конечно же, она должна вам нравиться.

🧩 Консультирование и Психотерапия 🔗violamaro.com - переходите по ссылке в шапке профиля

🌱Углубленный курс по саморазвитию и Практической Эмпатии 3.0",
2025-06-02,11916,589,13,59.5,https://www.instagram.com/p/DKZzwqyig6P/,"Безусловная любовь — это не про то, что человек принимает вас в любом состоянии: когда вы деградируете, кричите, ведёте себя странно или даже неадекватно. Потому что, если вам кажется, что вас любят и принимают даже в вашей худшей версии, — это, скорее, признак безразличия. Если вас воспринимают в худшем варианте, у вас просто может не быть стимула развиваться.
Настоящая любовь стимулирует вас становиться лучше — не застревать в своих худших проявлениях, а, наоборот, развиваться: внутренне, физически, социально, стремиться к своей лучшей версии.
То есть наличие по-настоящему любящего вас человека рядом, даже если он (или она) принимает вас в разных состояниях, — это прежде всего о том, что вам с этим человеком хочется быть лучше.

🧩 Консультирование и Психотерапия 🔗violamaro.com - переходите по ссылке в шапке профиля

🌱Углубленный курс по саморазвитию и Практической Эмпатии 3.0",
2025-06-03,18892,1126,40,86.051704,https://www.instagram.com/p/DKbexhziLtM/,"Если кто-то ведет с вами отвратительно, по хамски, вы постоянно себя сдерживаете, подстраиваетесь, на вас давят, вам разбивают сердце.
Вам могут сказать: «Зачем терпеть? Достаточно просто уйти, заблокировать этого человека и все будет замечательно». Нет, не будет. Нужно сделать самую главную вещь: необходимо разорвать связи с той версией себя, которая позволяет всем этим людям так себя вести.

Потому что вы сами в отношениях с такими людьми, начиная с первых дней, даете им свою собственную инструкцию по использованию, и они относятся к вам соответственно. Недостаточно просто порвать одну инструкцию — вы дадите другому точно такую же. Пока вы будете допускать определенное поведение, люди будут вести себя соответственно.

До тех пор, пока ваша инструкция не изменится, вам постоянно будут встречаться одни и те же люди, только в разных вариациях. Пока вы сами не изменитесь, не выучите эти неприятные уроки и не перепишите свою методичку — вашу инструкцию по тому, как вы разрешаете выстраивать отношения с вами.

 Консультирование и Психотерапия 🔗violamaro.com - переходите по ссылке в шапке профиля

🌱Углубленный курс по саморазвитию и Практической Эмпатии 3.0",
2025-06-09,25444,1412,47,178.536774,https://www.instagram.com/p/DKr2n9ZCY0X/,"Если ваш партнёр говорит вам следующие три фразы — не верьте, не включайтесь и укрепляйте личные границы:

1. Ты сам/сама меня до этого довела. Таким образом, на вас сбрасывается ответственность за какие-то поступки, агрессивные проявления, предательства, манипуляцию молчанием. Ни в коем случае не принимайте на себя навязываемую вам цепочку событий.

2. Это ты во всём виноват/виновата. Эта фраза может бросаться вам постоянно по поводу и без. Она постепенно будет вас отравлять, подавлять вашу волю, способность здраво рассуждать и ясно видеть происходящее. Со временем вы станете виноватой буквально во всём: в изменах, в чужих неудачах, чужой нечестности, неуважительном к вам отношении и т.д. Ни в коем случае не включайтесь на фразы «ты виноват», не впускайте вину в себя. Таким образом, вы не только сохраните свою психику, но и дадите нужный «обратный удар» — эта токсичная информация бумерангом вернётся обратно манипулятору.

3. Все фразы из серии: «тебе показалось», «этого не было», «не выдумывай», «что за бред». Эти фразы будут провоцировать вас запустить процесс доказательств и объяснений, которые исчерпают вас эмоционально и выставят вас в невыгодном свете, как человека, который не умеет управлять своими эмоциями, проявляет себя неадекватно, истерично или агрессивно. Когда человек отказывается от правды или перекручивает её — главное: не реагируйте, закройте железный занавес своих личных границ, эмоционально не включайтесь и постарайтесь по максимуму включить внутреннего наблюдателя. Возможно, вас ведут по какой-то манипуляционной воронке. Не поддаваясь на провокации и эмоционально не включаясь, вы сможете распознать манипуляторную игру еще на подступах и остаться при своём. 
А это уже очень и очень много !

🧩 Консультирование и Психотерапия 🔗violamaro.com - переходите по ссылке в шапке профиля

🌱Углубленный курс по саморазвитию и Практической Эмпатии 3.0",
2025-06-09,8612,502,12,71.533333,https://www.instagram.com/p/DKsHugYiv6U/,"Как избежать преждевременного старения? 
Для того чтобы жить дольше и оставаться вечно молодым, необходимо заниматься тем, чем вам нравится. 

Знаете, в чем секрет? Чем больше вы живете в настоящем моменте, тем меньше вы создаете ощущения времени. Когда вы не чувствуете, как проходит время, а это чаще бывает, когда вы занимаетесь тем, что вам нравится, вы не успеваете стареть, как внутренне, так и внешне.

Занимаясь тем, что вам нравится, когда вы настолько погружены в процесс, что вам кажется, что прошло полчаса, а на самом деле прошел целый день – вот это ощущение и есть то время, на которое вы состарились. Вы состарились не на день, а на полчаса.

То есть чем больше вы живете в моменте, тем меньше вы стареете и тем дольше вы живете. Именно поэтому люди, которые занимаются любимым делом, чувствуют себя очень молодыми. 
И это не магия, это психология!

 Консультирование и Психотерапия 🔗violamaro.com - переходите по ссылке в шапке профиля

🌱Углубленный курс по саморазвитию и Практической Эмпатии 3.0",
2025-06-10,10935,782,36,87.800003,https://www.instagram.com/p/DKt0y80CSaK/,"Если вы чувствуете апатию, если вам просто не хватает сил, это состояние тупика, в котором нет ощущения счастья. Первое, что вам нужно сделать, — это простить себя, и не столько за то, что вы сделали, сколько за то, что позволили другим людям сделать вам. Да, ту пассивную агрессию, которую вы проглатывали в моменты выраженного молчания, ваше ощущение несправедливости и бессилия в процессе бесконечного ожидания чего-то и кого-то.

За это и многое другое вы должны себя простить, потому что вы - это не ваши ошибки. Вы — это тот опыт, те уроки, которые вы смогли извлечь из своих ошибок. Именно этот багаж мудрости позволяет вам сегодня быть селективным, дает вам право и возможность выбирать людей, опыт и отношения. 
Если вы будете почаще напоминать себе эти смыслы и слова, вы очень быстро вернете ту энергию, которая, как вам кажется, была бесследно потеряна.

🧩 Консультирование и Психотерапия 🔗violamaro.com - переходите по ссылке в шапке профиля

🌱Углубленный курс по саморазвитию и Практической Эмпатии 3.0",
2025-06-11,73580,3364,104,102.800003,https://www.instagram.com/p/DKwwDjribP_/,"Никогда не стоит доверять человеку, который в отношениях проявляет поведение, являющееся абсолютным «красным флагом», вне зависимости от того, как вы цените этого человека и какая между вами невероятная химия. 

Важно быть очень внимательным и не доверять тем, кто в моменты злости проявляет неуважение. Человек, который демонстрирует неуважение в такие моменты, скорее всего, эмоционально незрелый. Если в момент злости он или она наносит удар по вашей самооценке и подрывает вашу уверенность в себе, это является одним из самых больших «красных флагов», которые никогда нельзя недооценивать.

Такой человек будет использовать ваши слабости, моменты неуверенности, все ваши страхи и секреты, которые вы открыли ему или ей в моменты откровений, против вас. Все ваши уязвимые моменты могут быть использованы для контроля и манипуляции вами. 
После этого будет очень сложно выйти из подобных отношений. 

Поэтому самым важным показателем опасного человека является - обесценивание в момент злости. 
Но самое сложное в подобной ситуации — быть честным самим собой, принять это осознание и не закрывать на это глаза.
И вот здесь - психология вам в помощь!

🧩 Консультирование и Психотерапия 🔗violamaro.com - переходите по ссылке в шапке профиля

🌱Углубленный курс по саморазвитию и Практической Эмпатии 3.0","Знаете, в отношениях никогда не стоит доверять человеку, если он или же она проявляет подобную форму поведения, которая является абсолютным красным флагом, вне зависимости, как вы цените этого человека и вне зависимости какая между вами сумасшедшая химия. Так вот, нужно быть очень внимательным и ни в коем случае всецело не доверять человек, который в момент злости проявляет к вам неуважение, потому что человек, проявляющий неуважение в момент злости, это эмоционально незрелый человек. Если гневость человек наносит удар по вашей самооценке и подрывает вашу уверенность в себе, это самый важный красный флаг, который нельзя ни в коем случае недооценивать. Почему? Да потому что такой человек всегда будет использовать моменты вашей слабости, вашей неуверенности в себе, все ваши страхи, все ваши секреты, которые вы ему или же ей доверили, какие-то моменты откровения, все вот это будет использовано против вас. То есть все вот эти уязвимые ваши моменты будут использоваться для того, чтобы вас контролировать или же вами манипулировать. И после того, как будут токсичный механизм, будет очень сложно выйти, вырваться из подобных отношений. Поэтому самый важный показатель опасного для вас человека, это тот, кто обесценивает вас в момент злости. Но самое сложное, знаете что? Это быть честным с самим собой, не закрывать глаза на эту правду. И вот здесь психология вам."
2025-06-12,14222,916,30,53.666668,https://www.instagram.com/p/DKy4puCiy6P/,"Когда человек, невзирая на все удары судьбы, умеет изменять свое внутреннее состояние, для кого-то эта музыка, для кого-то эта книга, для кого-то это поэзия, для кого-то это побег на природу. Вот такого человека очень сложно прогнуть, сломать или уничтожить. Даже чья-то большая тень или даже темнота не могут поглотить его внутренний свет.

Потому что такой человек автономен в своей способности зажечь внутри себя свет, пробудить правильные вибрации. Человек, который умеет изменить свое состояние и овладеть тем, что многие называют судьбой.

🧩 Консультирование и Психотерапия 🔗violamaro.com - переходите по ссылке в шапке профиля

🌱Углубленный курс по саморазвитию и Практической Эмпатии 3.0",
2025-06-14,15414,1061,50,430.266663,https://www.instagram.com/p/DK4CqHLCcI6/,"Как завершить процесс расставания и оставить в прошлом?
 

🧩 Консультирование и Психотерапия 🔗violamaro.com - переходите по ссылке в шапке профиля

🌱Углубленный курс по саморазвитию и Практической Эмпатии 3.0",
2025-06-16,85352,2500,129,97.133331,https://www.instagram.com/p/DK9S7HmCrqd/,"Один из наиболее показательных алгоритмов нарциссического мышления и поведения — когда человек создает проблему, обвиняет вас в этой проблеме, затем закрывает коммуникацию, то есть уходит, не звонит, пропадает, не хочет разговаривать или объясняться. То есть он создает проблему, перекидывает её на вас и оставляет вас в подвешенном состоянии, в потребности объясниться, оправдаться, отдать навязанную вам вину.

Затем нарцисс ждет, пока вы не сдадитесь, когда вы начинаете уходить или в депрессию, или в агрессию — рвать на себе волосы, скандалить. И тогда он или она возвращается в ситуацию на белом коне и обвиняет вас в ненормальности, истеричности, сумасшествии.

И когда вы уже не понимаете, как дошли до этой точки, когда вы истощены, вас заставляют извиниться. Для нарциссов в этой ситуации важна последняя сцена — когда вы вышли из равновесия, вышли из себя, когда вы стабилизированы, возможно, уже поскандалили, проявили себя с худшей стороны. На фоне вас они чувствуют свое превосходство, ощущают власть, гордыню; вы повержены и извиняетесь у их ног. Вот в этом суть нарциссизма.

🧩 Консультирование и Психотерапия 🔗violamaro.com - переходите по ссылке в шапке профиля

🌱Углубленный курс по саморазвитию и Практической Эмпатии 3.0","Один из наиболее показательных алгоритмов марцистического мышления и поведения, когда человек создает проблему, перекидывает эту проблему на вас, то есть обвиняет вас в этой проблеме и исчезает. Выходит из коммуникации, не звонит, не общается. оставляя вас в таком подвешенном состоянии и жгучей потребности объяснить, оправдаться, как-то избавиться от навешанной на вас вины. А вот затем нарцисс ждет, пока вы сдадитесь. Когда вы уйдете в депрессию или же в агрессию, начнете рвать на себе волосы, начнете скандалить, начнете проявлять себя как-то ярко, неадекватно, и вот тогда они возвращаются в ситуацию буквально на белом коне с превосходством и обвиняют вас в истеричности, ненормальности, неадекватности, ну и так далее. И вот когда вы уже истощены, когда вы уже сами не понимаете, как вы дошли до этого сумасшествия, до этой точки, вот тогда они буквально заставляют вас извиняться. И вот для нарциссов невероятно важна вот эта вот последняя стадия. Ведь этот театр они создают ради вот этой финальной сцены, когда вы уже поскандалили, вышли из равновесия, вышли из себя, когда вы дестабилизированы, когда вы себя уже как бы проявили с худшей стороны, на фоне вас они чувствуют свое превосходство. Они ощущают власть, гордыню, а вы повержены и у их ног. Вот в этом, вот в этом состоянии и есть самая суть нарциссизма."
2025-06-17,11365,606,22,150.278091,https://www.instagram.com/p/DK_7AOXCbiX/,"Самое разрушительное бремя для человека – это ощущение себя проблемой для других.
Это чувство постепенно ослабляет личность, отравляет изнутри, лишает смыслов и желания жить, бороться за себя и отстаивать свои границы. Когда вам внушают, что вы – проблема, и вы начинаете в это верить, запускается процесс самоуничтожения.
Человек медленно, но верно стремится исчезнуть, умереть – через зависимости, депрессию, болезни. Если он или она убеждены, что являются источником проблем, это становится их скрытым желанием. Те, кому это внушают с детства, начинают процесс саморазрушения очень рано. А в отношениях, где один партнер убеждает другого, что тот – причина всех бед, чаще всего приходят болезни или глубокая депрессия.
Если вам внушают, что вы – проблема, если вы устали чувствовать себя обузой – прекратите в это верить. Начните выплёвывать этот яд, не впускайте эти слова внутрь себя! Не верьте им!
Как только вы перестанете постоянно потреблять этот яд, жизнь даст вам первую силу для сопротивления, для осознания происходящего. В таких ситуациях очень важна помощь. Обращайтесь за ней туда, где вам могут подать руку, где помогут увидеть ситуацию с другой стороны. Это могут быть друзья, случайные люди, профессиональные психологи.
Но самое главное – вначале перестаньте верить в то, что вы проблема!
 
🧩 Консультирование и Психотерапия 🔗violamaro.com - переходите по ссылке в шапке профиля

🌱Углубленный курс по саморазвитию и Практической Эмпатии 3.0",
2025-07-04,13888,695,27,112.300003,https://www.instagram.com/p/DLsSr5XiuRY/,"Чтобы выйти из боли предательства, которая может по-настоящему вас парализовать на длительное время, нужно изменить ваш подход к произошедшему. Вам нужно сказать себе: возможно, это была самая красивая ложь, самая сладкая ложь, в которую вы сами захотели поверить. Да, тот человек преподнёс вам эту красивую ложь, и сейчас вам больно. НО благодаря этой лжи сегодня вы знаете себя немного лучше, вы понимаете, что именно готовы принять, что для вас допустимо, а что вы никогда не сможете принять. Вы лучше знаете свои границы.
Поэтому с какой-то стороны вам нужно поблагодарить эту ложь — это не была просто потеря времени, это был урок. Именно в этом ракурсе нужно смотреть на опыт предательства, чтобы выйти из боли, чтобы освободиться от боли. В противном случае боль будет парализовать вас на неопределённый срок — это очень индивидуально.

Дорогие мои! 
Приглашаю вас на мой 2-недельный аудио-марафон глобального выхода из позиции жертвы! 
Как перестать терпеть то, что вам давно не подходит: болезненные отношения, чужие ожидания, давление, постоянные неудачи. 
Научимся выбирать СЕБЯ с уважением, заботой и поддержкой. 
А также проведем 2 теплых мастермаинда, где я отвечу на все ваши вопросы.

🔗 информация и участие, переходите по ссылке в шапке профиля

🧩 https://violamaro.com/victim",
2025-07-06,75158,1997,58,106.253059,https://www.instagram.com/p/DLxXOQUi7yE/,"Вы никогда не задумывались, что единственные отношения, на которые вы эмоционально залипаете, всегда с невозможным по тем или иным причинам человеком; с человеком, который никогда не будет полностью для вас доступен?
Всегда есть расстояние, а иногда и пропасть между тем человеком, с которым вы хотели бы быть, и тем, который рядом. Между теми отношениями, в которых вы хотели бы быть, и теми, которые вы реально проживаете.
И это расстояние между вами заполняется ожиданиями, надеждами на то, каким бы вы хотели быть, кем бы вы могли стать, как бы вы хотели себя чувствовать.
Выход из этого замкнутого круга начинается с осознания, что проблема вашей зависимости от этого человека не в самом человеке, а в том, что вы хотите быть любимым по-другому. Вы хотите быть слышимым, видимым, вы хотите быть более ценным, и это состояние приходит, когда вы налаживаете самую главную связь с собой, когда самые глубокие отношения устанавливаете с собой❣️

Дорогие мои! 
Приглашаю вас на мой 2-недельный аудио-марафон глобального выхода из позиции жертвы!
Как перестать терпеть то, что вам давно не подходит: болезненные отношения, чужие ожидания, давление, постоянные неудачи. 
Научимся выбирать СЕБЯ с уважением, заботой и поддержкой. 
А также проведем 2 теплых мастермаинда, где я отвечу на все ваши вопросы.

📍 информация и участие - переходите по ссылке в шапке профиля
🧩 https://violamaro.com/victim","Вы никогда не задумывали, что единственные отношения, на которые вы эмоционально залипаете, это всегда отношения с невозможным, по тем или иным причинам, для вас человеком. С тем листой, которые никогда не смогут быть для вас полностью доступными. То есть всегда остаётся расстояние, промежуток, а порой и пропасть между тем человеком, с которым вы хотели бы быть и с тем, с которым вы реально рядом, между теми отношениями, в которых вы действительно хотели бы находиться, и теми, с которыми вы реально проживаете. И вот это расстояние между вами заполняется вашими надеждами, ожиданиями на то, как бы вы хотели проживать, кем бы вы хотели стать, как бы вы хотели себя чувствовать с этим человеком в этих отношениях. И выход из этого замкнутого круга начинается с осознания, что проблема не в самой зависимости от этого человека. Проблема не в нём или же не в ней. Проблемы в том, что вы хотели бы быть любимыми по-другому. Это вы хотели бы быть услышанным, увиденным. Это вы хотите быть более ценным в глазах другого человека. чувствовать себя ценным, оно начинается на самом деле с вас самих, когда вы начинаете налаживать самую главную связь, связь с самим собой, когда самые глубокие и ценностные отношения у вас устанавливаются не с кем-то, а с самим собой."
2025-07-07,9235,582,30,122.633331,https://www.instagram.com/p/DLzDisJCJWa/,"Эмпаты видят всё как продолжение себя. Им стоит настроить свой фокус внимания на интересующий их объект – достаточно простого любопытства или интереса, и они буквально входят за кулисы.
Проблема в том, что за кулисами они могут найти как приятную и радующую их реальность, так и не совсем лицеприятную изнанку. Это суть природного интеллекта, свойственного эмпатам. Интеллект происходит от латинского «intellectus» – «читать внутри».
Эмпаты читают внутри человеческих эмоций, внутри психики и намерений – это то, что никогда не сможет сделать искусственный интеллект.
Единственное, что людям чувствительным и эмпатичным нужно – это научиться управлять своим природным интеллектом. Точно так же, как вы не продолжаете читать неинтересную книгу и не идёте в темную и пугающую вас пещеру, нужно научиться выходить из общения с людьми, чья психологическая изнанка вызывает у вас неприятный отклик. Нужно просто научиться доверять себе, своей интуиции и своему эмпатическому радару.

Дорогие мои! 
Приглашаю вас на мой 2-недельный аудио-марафон глобального выхода из позиции жертвы!
Как перестать терпеть то, что вам давно не подходит: болезненные отношения, чужие ожидания, давление, постоянные неудачи. 
Научимся выбирать СЕБЯ с уважением, заботой и поддержкой. 
А также проведем 2 теплых мастермаинда, где я отвечу на все ваши вопросы.
 
🧩 Информация и участие 🔗 в профиле
 https://violamaro.com/victim",
2025-07-08,11091,586,18,65.833336,https://www.instagram.com/p/DL19HHMiky6/,"Сколько вам обойдётся новая жизнь и самореализация? Мы вообще не говорим о финансах. 
Цена вашей новой жизни — это ваша старая жизнь. Вам неизбежно придётся сделать переход из устоявшихся обстоятельств, из того, что мы можем назвать зоной комфорта, туда, где вам также будет хорошо, а скорее всего, и лучше. 
Этот переход неизбежно доставит вам дискомфорт. 
Плюс ко всему, вы можете потерять друзей и близких родных. Но не волнуйтесь, не всех. 
Уйдут лишь те, кто поддерживал вашу старую версию, разделял с вами ценности и устои той старой жизни, которую вы хотите изменить, оставить позади. 
Останутся с вами те, кто вас по настоящему любит, даже парой не разделяя или не понимая того что бы делаете.

🔥 Аудио Марафон «Выходим из позиции Жертвы» 20/07
Инфо в профиле 👆🏻

🧩 Консультирование и Психотерапия 🔗violamaro.com - переходите по ссылке в шапке профиля",
2025-07-08,12529,681,29,176.899994,https://www.instagram.com/p/DL2yM_ACxnc/,"Приведем пример: вам плохо, вы недовольны жизнью, вы недовольны своими отношениями, вы не видите в этом смысла, вас постоянно всё раздражает. Какую первичную цель вы должны ставить для себя? Быть счастливым? Построить счастливые отношения? 

Нет! Ваша цель — понять, почему вы оказались в этой ситуации, почему вы находитесь в отношениях, где вам плохо, где вас морально подавляют, где вы чувствуете себя некомфортно, где вы чувствуете себя невидимкой, где вас используют, и так далее. Цель — понять, каким образом вы оказались в этой точке.

Потому что из этого состояния вы не можете двигаться ни к какому счастью, и вы не можете строить никакие счастливые отношения, пока не поймёте, как пришли в это болото. С момента, как вы осознаете, как вы здесь оказались, вам станет ясно, как вы можете отсюда выйти.

Если вы будете строить счастье и счастливые отношения из болота, ничего у вас не получится. Вы не сможете вылечиться, пока не поймёте, как вы заболели.

Это банальный пример, но так это работает. Иначе всё, что вы будете делать, будет либо хождением по кругу, либо приведёт к коротким нестабильным результатам, плюс состояние тревоги и страх, что рано или поздно это закончится.

Если у вас не получается построить ваше счастье, быть счастливым там, где вы хотите и как вы хотите, значит, вы ставите для себя неправильные цели.

Если хотите начать разбираться с вашей жизнью и вашими ситуациями, можете начать с двухнедельного аудио марафона «Как выйти из состояния жертвы своей жизни», который стартует уже 20 июля. 
🔥 Не пропустите!
Вся Информация в профиле👆🏻",
2025-07-09,6889,399,11,42.333332,https://www.instagram.com/p/DL4JLEVCQML/,"🔥 Аудио Марафон «Выходим из позиции Жертвы» 20/07

🧩 Консультирование и Психотерапия 🔗violamaro.com - переходите по ссылке в шапке профиля

🌱Углубленный курс по саморазвитию и Практической Эмпатии 3.0",
2025-07-10,11335,513,16,175.5,https://www.instagram.com/p/DL6963kClsE/,"Вы больше не хотите этих отношений, вы больше не хотите этого человека как партнёра, как спутника по жизни, неважно, на короткие или длинные дистанции. Вы хотите выйти из отношений — вперёд, без проблем. Вы не обязаны оставаться, несмотря ни на что. Уйти — это ваше право, но сделайте это по-взрослому, как зрелый человек.
Встаньте лицом к лицу с человеком и, смотря ему в глаза, скажите, как обстоят дела, не скрывая и не сглаживая углы. Да, прямота, прямые честные слова могут доставить боль, но амбивалентность, неясная обтекаемость ранит ещё глубже.
Нет ничего хуже, чем двоякое амбивалентное расставание, потому что это застревает человека, которого ты когда-то любил или любила, в лабиринте, где он будет ужасно страдать, слоняясь из угла в угол своего сознания и не находя смысла.
Уходя, необходимо уважительно отнестись к тому, чем вы были, пока были вместе. Потому что это было частью вашей жизни. Это означает проявить уважение и к себе.
Хотите уйти — уходите, но по-взрослому. Потому что исчезнуть — это проще всего, но сказать в лицо пусть болезненную, но правду — это не столько про сильных людей, сколько про настоящих людей.

🔥 Аудио Марафон «Выходим из позиции Жертвы» #
🔥20/07
🧩 Консультирование и Психотерапия 🔗violamaro.com - переходите по ссылке в шапке профиля",
2025-07-10,18335,1281,66,275.642639,https://www.instagram.com/p/DL7SAx_C0js/,"Дорогие мои! 
Приглашаю вас на мой 2-недельный аудио-марафон глобального выхода из позиции жертвы!
Как перестать терпеть то, что вам давно не подходит: болезненные отношения, чужие ожидания, давление, постоянные неудачи. 
Научимся выбирать СЕБЯ с уважением, заботой и поддержкой. 
А также проведем 2 теплых мастермаинда, где я отвечу на все ваши вопросы.

🔥 https://violamaro.com/victim 

🧩 Консультирование и Психотерапия 🔗violamaro.com - переходите по ссылке в шапке профиля",
2025-07-11,15214,677,24,126.833336,https://www.instagram.com/p/DL9xGoUiFHB/,"Если вы желаете и требуете от партнера, от близкого и любимого человека, уважения, лояльности, верности, последовательности в словах и действиях — это все понятно, правильно, здорово, но есть 1 нюанс!  Только люди, которые уважают себя, могут получить подобный уровень ценностного к себе отношения. 
УВАЖЕНИЕ — уважение к себе. 

А знаете почему? Потому что они умеют создать систему следствий, которая запустится, как только эти ценности начнут уходить из отношений. 
Такие люди не соглашаются на крохи. Да, им также чувствуют боль, но, не взирая на боль, они встают, движутся к двери, прощаются и уходят. 
Страдают, но одновременно с этим они преподают очень важный урок — урок того, как нужно любить себя. 
И человек, которого они оставляют за этой дверью, безусловно, возможно, сразу он/она не выучит этот урок, но они вернутся к этому уроку в моменты одиночества, грусти, в моменты ощущения проходящего времени жизни. Они вернутся к изучению этого урока. 
И тогда придет осознание потери, того, что они потеряли кого-то настоящего, кого-то ценного. 

🔥 Аудио Марафон «Выходим из позиции Жертвы» 20/07

🧩 Консультирование и Психотерапия 🔗violamaro.com - переходите по ссылке в шапке профиля",
2025-07-13,9661,527,25,468.799988,https://www.instagram.com/p/DMCcO-qCQWj/,"ПОСТРОЙ ЭМОЦИОНАЛЬНУЮ СИЛУ ЗА 15 ДНЕЙ
Пошаговая практика внутреннего взросления и устойчивости.

Ты не ""слишком чувствительный"" — ты просто не учился обращаться со своей глубиной. За 15 дней ты начнёшь формировать опору внутри себя:

🌀 Дни 1–2 — Осознанность
Учись замечать, что ты чувствуешь, где в теле живёт эмоция и почему она пришла. Это — основа саморегуляции.

🛑 Дни 3–5 — Контроль без подавления
3 глубоких вдоха. Прогулка без телефона. Молчание в моменты внутреннего шторма. Это не избегание — это зрелость.

🛡 День 6 — Личный эмоциональный щит
Не всё требует реакции. Не всё — твоя битва. Береги себя.

🔍 Дни 7–9 — Эмоциональная дистанция
Различай: где твоё, а где навязанное. Уходи без чувства вины. Не неси чужое.

🌿 Дни 10–14 — Энергетическая гигиена
Час тишины в день и ясное ""нет"" без оправданий. Твоя энергия — твоя ответственность.

🔄 День 15 — Интеграция
Задай себе: Что я научился чувствовать по-новому?
Чем горжусь в себе за эти дни?
Что хочу сохранить как привычку?
Эмоциональная сила — это не жёсткость, а честность и внутренняя опора.
Хочешь больше? Присоединяйся к нашему летнему аудио-марафону, старт — 20 июля ☀️

🔥 Аудио Марафон «Выходим из позиции Жертвы» 20/07 - записаться по ссылке в профиле 👆🏻
https://violamaro.com/victim",
2025-07-13,6433,198,2,46.233334,https://www.instagram.com/p/DMC34MtiiIA/,"Лето — лучшее время, чтобы перестать терпеть лишнее.
Присоединяйтесь к нашему 2-недельному аудио-марафону «Выбираю себя».

Вместе мы разберёмся:
— почему вы продолжаете соглашаться на неудобное,
— как выйти из роли «вечно не справляющегося»,
— и что значит по-настоящему быть на своей стороне.

Каждый день — короткий подкаст,
Два прямых эфира с разбором ваших вопросов,
Методические материалы для личных озарений.

Без перегруза, без сложных терминов. Только то, что действительно помогает.
 🔥Аудио Марафон «Выходим из позиции Жертвы» 20/07
Для участия переходите по ссылке в профиле 👆🏻",
2025-07-14,9998,519,10,74.666664,https://www.instagram.com/p/DMFZdOJClIX/,"Не хотите, чтобы вами манипулировали, управляли и подавляли? 
Научитесь не извиняться за свои чувства, за то что не можете помочь всем, спасти всех. Научитесь не только на словах, но и внутри себя. Вот когда у вас всё сжимается, вы сами себе говорите: ‘Ты должен/а’. 
Тренируйте себя постоянно, внутри себя, когда вы вписаны в вашу рутину. Потому что люди, которые вами манипулируют, всегда будут давить на кнопку вины. Всегда будут делать вас виноватым/ой. Даже если они сами создали ситуацию, даже если это они разрушили вашу самооценку и уверенность в себе. 
Хотите начать восстанавливать себя? 
Начните  работать с чувством вины внутри себя. Отключайте кнопку вины!

И если самим сложно или не знаете с чего начать - вам будет интересен и полезен  Аудио Марафон, который стартует уже 20 июля
🔥Не пропустите!
Вся информация в профиле 👆🏻",
2025-07-15,10694,619,24,119,https://www.instagram.com/p/DMH1nxzCNf5/,"Не бойтесь абьюзеров!  Становитесь сильнее сами!

🔥20/07  Аудио-марафон по психологической устойчивости!
📍Тема: Выход из позиции жертвы и возвращение к себе.

📍На протяжении 14 дней мы будем разбирать:
— как перестать соглашаться на разрушающее,
— как мягко, но уверенно отстаивать границы,
— как перестать жить чужими ожиданиями.

Что внутри:
🎧 ежедневные аудио-разборы,
💬 2 мастермайнда с ответами на вопросы,
📘 практические материалы для самостоятельной работы.

Если вы готовы перейти от выживания к уважению к себе — будем рады вам в этом пространстве❣️
Вся информация в профиле 👆🏻",
2025-07-16,114746,6718,152,154.366669,https://www.instagram.com/p/DMLQcohi_-t/,"Хочешь стать тем, кого никто не может эмоционально зацепить?

Вот как создают холод, который бьёт сильнее слов.

🔹 Убери тепло из голоса.
Пусть он станет ровным, как лезвие. Без интонаций. Без участия. Только факты.
🔹 Смотри — и не реагируй.
Никаких эмоций в глазах. Холодный взгляд ломает больше, чем молчание.
🔹 Отвечай кратко.
Там, где ждут объяснений, дай одно слово. Минимум — значит контроль.
🔹 Не оправдывайся.
Оправдание — это слабость. Молчание — это граница. Сухая тишина обрывает любые привязки

Если вам нравится заниматься саморазвитием не на словах и а на деле, не пропустите наш летний аудио марафон - стартуем уже через несколько дней 🔥20 июня!
Вся информация  в профиле 👆🏻","Знаете, вот иногда очень важно стать тем, кого никто не может даже эмоционально зацепить. И вот вам 4 совета, как создать тот холод, который бьет сильнее слов. Во-первых, уберите тепло из голоса. Он должен стать ровным, как лезвие. Говорите без интонации, без участия, только факты. Вот буквально внутри себя настройтесь на определенную точку, на определенную ноту и удерживайте ровно только ее. Во-вторых, смотрите и не реагируйте. Если вы смотрите человеку в глаза, делайте это безэмоционально. Если это сложно, попытайтесь сосредоточить ваш взгляд не прямо в глазах, а где-то здесь, на переносице. Помните, холодный взгляд ломает больше, чем молчание. В-третьих, отвечайте кратко. Там, где от вас ждут каких-то вопросов, разъяснений, давайте одно утвердительное слово. Да? Нет? Хорошо. Помните, что минимум— это означает контроль. Не задавайте уточняющих вопросов, не объясняйте свои действия. Если это ему или же ей нужно, пусть сами спрашивают. Но вы отвечайте кратко. Необходимый утвердительный минимум. И в-четвертых, не оправдывайтесь. Не уходите в объяснительную и оправдательную риторику. Помните, что оправдание – это слабость. И если вы привыкли постоянно добавлять, объяснять свое поведение, свои действия, да, вам будет сложно. Но буквально зашейте себе рот. Вот только хочется «я вот тут, тут, тут». Нет. Что делать? Пауза. Подышите. Молчание— это ваша граница. Вы не должны никому ничего объяснять. Помните, что сухая тишина обрывает, разрезает любые привязки. Поэтому уберите тепло из голоса. Смотрите эмоционально, не реагируя. Отвечайте кратко и не оправдывайтесь. И тогда никто и никогда не сможет вас эмоционально зацепить. И если вам нравится заниматься саморазвитием на практике, а не только на словах, не пропустите наш летний аудиомарафон, который стартует уже 20 июля. Вся информация в шапке профиля."
2025-07-17,15116,676,16,153.737869,https://www.instagram.com/p/DMOAXlhCT3I/,"Как понять, что вам лгут?
Это не про паранойю. Это про чувствительность. Про умение замечать то, что обычно ускользает.
🔸 Важный момент — и человек вдруг отводит взгляд. Не потому что стесняется. А потому что не готов встретиться с правдой.
🔸 Ответ звучит слишком быстро… или тянется слишком долго. Как будто его собирают, придумывают, примеряют.
🔸 Много-много лишних деталей. Вы не спрашивали — но вам уже рассказывают, чтобы вы поверили.
🔸 Прямой вопрос — и тема меняется. Не случайно. Это способ избежать столкновения.
🔸 И тело. Оно всегда говорит раньше. Странный смех, неловкие движения — как будто человек сам не знает, что его выдает.
Мы все чувствуем ложь — даже если не всегда можем объяснить, как.
Прислушайтесь. И вы поймёте.

Если вам нравится заниматься саморазвитием не пропустите наш летний  Аудио Марафон п ото психологии отношений -  стартуем уже 20 июля 🔥
Вся информация в шапке профиля 👆🏻",
2025-07-18,9998,457,8,57.724808,https://www.instagram.com/p/DMP-dfqiYkk/,"Это лето — время выбрать себя.
🔥 Приглашаем вас в 14-дневный аудио-марафон:
«Выходим из роли жертвы» — мягко, осознанно, с опорой на себя.
Мы поговорим о том, как перестать терпеть чужие ожидания, разрушающие отношения и постоянное чувство «я не справляюсь».

В программе:
🎧 ежедневные аудио-практики
🤝 живые встречи в мастермайндах
📚 методические материалы для глубокой личной работы

Присоединяйтесь — без надрыва, без давления. Только вы и ваш внутренний рост

📍Вся информация в шапке профиля 👆🏻",
2025-07-19,10251,654,19,90.599998,https://www.instagram.com/p/DMSLQ5aiRDB/,"☀️Лето — лучшее время, чтобы перестать терпеть лишнее.
Присоединяйтесь к нашему 2-недельному аудио-марафону «Выбираю себя».

😎Вместе мы разберёмся:
— почему вы продолжаете соглашаться на неудобное,
— как выйти из роли «вечно не справляющегося»,
— и что значит по-настоящему быть на своей стороне.

🔥Каждый день — короткий подкаст,
Два прямых эфира с разбором ваших вопросов,
Методические материалы для личных озарений.

👌🏻Без перегруза, без сложных терминов. Только то, что действительно помогает.

Вся информация в шапке профиля 🚀",
2025-07-20,22105,1055,25,83.800003,https://www.instagram.com/p/DMVE4x5CwUw/,"🧩 Консультирование и Психотерапия 🔗violamaro.com - переходите по ссылке в шапке профиля

🌱Углубленный курс по саморазвитию и Практической Эмпатии 3.0",
2025-07-22,12729,833,35,80.599998,https://www.instagram.com/p/DMZvRpJCW0w/,"🧩 Консультирование и Психотерапия 🔗violamaro.com - переходите по ссылке в шапке профиля

🌱Углубленный курс по саморазвитию и Практической Эмпатии 3.0",
2025-07-24,12714,732,22,28.769524,https://www.instagram.com/p/DMfJPdCi9rj/,"🧩 Консультирование и Психотерапия 🔗violamaro.com - переходите по ссылке в шапке профиля

🌱Углубленный курс по саморазвитию и Практической Эмпатии 3.0",
2025-07-26,12424,477,17,147.979324,https://www.instagram.com/p/DMkSbx7Cq5U/,"Консультирование и Психотерапия 🔗violamaro.com - переходите по ссылке в шапке профиля

🌱Углубленный курс по саморазвитию и Практической Эмпатии 3.0",
2025-08-04,26209,1237,32,98.406166,https://www.instagram.com/p/DM7qHmzCBOI/,"Если вам часто кажется, что с вами поступают несправедливо, не замечают ваших усилий, обижают, намеренно унижают или портят вам жизнь — вне зависимости от того, насколько вы правы и насколько негативно к вам относятся окружающие, — самое важное, что вы должны понять: в такие моменты в вас запускаются программы жертвы.

Ведь если в момент «удара» вы не отталкиваете его, не отражаете, а принимаете на себя — вы становитесь уязвимыми.

Всевозможные манипуляторы, как правило, не тратят силы на тех, кто умеет держать удар — это для них невыгодно и рискованно.

Манипуляции применяются к тем, кто на них реагирует, кого они цепляют, кто принимает удар на себя.

Поэтому самое главное — выработать у себя привычку реагировать: определить свою позицию словом, делом, эмоцией. Чтобы внутри не оставался осадок, который затем трансформируется в обиды, навязчивые мысли, тревогу и т. д.

🧩 Консультирование и Психотерапия 🔗violamaro.com - переходите по ссылке в шапке профиля

🌱Углубленный курс по саморазвитию и Практической Эмпатии 3.0",
2025-08-06,459792,16156,519,152.366669,https://www.instagram.com/p/DNBR7UDC1y1/,"Сигналы, что вам завидуют — молча, но ядовито.
И если вы их не замечаете — вы в зоне риска.

Зависть не всегда говорит вслух.
Чаще она прячется в молчании, взглядах и «невинных» комментариях, за которыми скрываются сравнение, раздражение и желание сбить вас с пути.

Вот 5 признаков, что рядом с вами — тихий завистник.

1 Они начинают критиковать вас — именно после ваших успехов.
Но маскируют это под «советы». Как будто хотят помочь, но каждый раз что-то «не так». 

2 Они вас копируют... и одновременно унижают.
Могут повторять ваш стиль, идеи, выборы — и при этом отпускать язвительные комментарии.
Это восхищение и яд в одном флаконе.

3 Они никогда вас не поддерживают — но наблюдают за вами пристально.
Это «молчаливые зрители». Не лайкают. Не поздравляют. Но знают каждую вашу победу.

4 Они обесценивают ваши достижения.
Всё, чего вы добились — «случайность», «повезло», «ничего особенного».

5 Им нужно вас принизить, чтобы почувствовать себя чуть выше.
Они «не верят» в ваши цели — особенно когда вы на шаг ближе к ним.
Им невыносимо видеть вашу намеренность. Потому что сами сдались давно.

Настоящая поддержка не звучит как сарказм.
Настоящие люди рядом не пытаются вас уменьшить.
И если кто-то всегда «просто шутит», «просто наблюдает» и «просто не верит в вас» —
возможно, пора пересмотреть, кого вы пускаете слишком близко.

🧩 Консультирование и Психотерапия 🔗violamaro.com - переходите по ссылке в шапке профиля

🌱Углубленный курс по саморазвитию и Практической Эмпатии 3.0","Есть показательные сигналы того, что вам завидуют тихо, но ядовито. И если вы их не замечаете, вы в зоне риска. Знаете, ведь заявить не всегда говорит слух. Чаще всего она вообще прячется в молчании, во взглядах, в невинных комментариях, за которыми, однако, скрывается раздражение. сравнение и желание сбить вас с пути. И вот пять показателей того, что рядом с вами подобный тихий завистник. Во-первых, такие люди начинают вас критиковать сразу после ваших успехов. Но, естественно, маскируют всё это они под советы, как будто бы они хотят вам действительно искренне помочь. Единственное, что с их точки зрения всегда что-то не так. Во-вторых, такие люди очень часто вас копируют. Одновременно с этим не упустят шанс вас унизить. Они могут копировать ваш стиль, ваши идеи, ваши выборы, но при этом всегда отпускают язвительные комментарии. В-третьих, они никогда вас не поддерживают, но очень пристально за вами наблюдают. Это такие молчаливые зрители. Они не лайкают, не поддерживают, не поздравляют, но они знают все ваши победы. В-четвёртых, они никогда не упустят шанс обесценить ваши достижения. В их глазах всё, чего вы добились, это вам повезло, это случайность или же просто ничего особенного. И в-пятых, им очень нравится вас принижать, Именно так они могут почувствовать себя выше. Помните, что такие люди в вас не верят, в особенности, когда вы всё ближе и ближе приближаетесь к вашим целям. Им где-то внутри невыносимо видеть вашу последовательность, намеренность. Почему? Да потому что сами они уже давно сдались. И самое главное, не забывайте, что настоящая поддержка никогда не будет звучать как сарказм. Настоящие люди рядом с вами никогда не будут пытаться вас обесценить или же принизить. И если кто-то всегда просто шутит, просто наблюдает или же просто не верит в вас, возможно, пришло время пересмотреть, кого в своей жизни вы пускаете к себе слишком близко."
2025-08-07,21596,1410,42,171.100006,https://www.instagram.com/p/DNDEJAAiHEo/,"Если у вас есть иллюзии, что кто-то может измениться ради любви, оставьте эту ерунду на полочке.
Если кто-то ведёт себя по отношению к вам непоследовательно, избегает вас, не пускает в свою жизнь, постоянно держит на расстоянии — и всё это продолжается уже не один день — выбросьте из головы иллюзию, что ваша любовь может изменить человека.
Что ваше сердце сможет исцелить все его (или её) раны. Что в конце концов он или она научится любить вас по-настоящему и даст вам то, в чём вы так нуждаетесь.
Это не значит, что люди не могут меняться.
Люди могут измениться — но только если сами этого хотят.
И уж точно никто никогда не меняется, когда вы подменяете человека в его чувствах и поступках.

В психологии это называется эмоциональное спасение — когда вы влюбляетесь не в человека и не в реальность, а в его потенциал, в то, кем он мог бы стать.
Когда вы привязываетесь к будущему этих отношений, а не к тому, что есть сейчас.
И, к сожалению, в этом состоянии вы перестаёте видеть объективную реальность.

Подобные отношения могут полностью истощить вас.
Они способны обесточить, высушить вас изнутри.
Иногда доходит до абсурда — вы начинаете романтизировать даже нестабильное и небезопасное поведение партнёра.
И чем дольше вы остаетесь в таких отношениях, тем больше они превращаются в миссию (невыполнимую)

Но это не любовь.
Это — надежда, которая захватила вас в плен и держит в заложниках.

Да, конечно, бывают случаи, когда любовь вдохновляет на изменения.
Но ваша любовь не может и не должна заменять личную ответственность человека за себя .

Если вы чувствуете, что застряли в ловушке таких отношений —
постоянно напоминайте себе простую установку:
любите действия, а не ожидания;
любите внимание, выраженное в поступках, а не в словах;
любите конкретные вложения в отношения, а не теоретические обещания.

🧩 Консультирование и Психотерапия 🔗violamaro.com - переходите по ссылке в шапке профиля

🌱Углубленный курс по саморазвитию и Практической Эмпатии 3.0",
2025-08-08,179289,7758,404,138.266663,https://www.instagram.com/p/DNFeaYnijbQ/,"Знаете, в чём настоящая опасность и подлость такой манипуляции, как наказание молчанием?
Казалось бы — ну молчит человек, ну и пусть. Но всё не так просто.
Самое страшное — это не само молчание. Не уход. Не пустота.
Самое страшное — это когда он или она возвращается.
В психологии это называется эмоциональное поощрение.
Другой человек решает вновь обратить на вас внимание, вернуться к вам, возобновить контакт.
И это — хуже всего. Потому что у вас возникает иллюзия, что всё вернулось на круги своя. Что теперь всё снова хорошо.
Но затем динамика повторяется.
И поэтому чем больше человек отдаляется, тем сильнее у вас возникает желание за ним (или за ней) следовать.
Вы начинаете подстраиваться, начинаете приспосабливаться. Вы готовы на всё, лишь бы вновь не наступило молчание, лишь бы снова не пришёл холод.
И это — карательная динамика. Наказание молчанием.
И вот именно этого нужно избежать.
Знаете, как реагировать на подобное наказание — молчанием, отсутствием?
Необходимо повысить уровень своей ценности. Причём повысить до такого уровня, что вы уже ничего другого слышать не будете.
Потому что чем больше, чем громче внутри вас будет звучать ваша ценность,
тем меньше вы будете замечать ту самую тишину, которой вас пытаются наказать,
которой вас можно унизить, которой вами можно манипулировать.
Чем больше вы ощущаете свою ценность, тем больше будет вашего присутствия в вашей жизни, тем сильнее станут ваши внутренние опоры, тем непробиваемее будут ваши личные границы.
Будете только вы.
На полную громкость.

🧩 Консультирование и Психотерапия 🔗violamaro.com - переходите по ссылке в шапке профиля

🌱Углубленный курс по саморазвитию и Практической Эмпатии 3.0","А знаете, что настоящая опасность и подлость манипуляции молчанием, когда вас наказывают отсутствием, молчанием, тишиной? Ну, казалось бы, человек молчит, ну и пусть всем молчит. Но здесь не всё так просто. И самое страшное здесь— это не само молчание, не то, что человек уходит, не пустота, которая остаётся. Самое страшное— когда он или же она возвращаются. И в психологии это называется «эмоциональное поощрение». Когда человек возвращается, вновь обращает на вас внимание, возобновляет с вами контакт. И вот это хуже всего. Почему? Да потому что это формирует у вас иллюзию, что всё вернулось на свои круги, что всё теперь будет хорошо. Но затем, к сожалению, динамика повторяется. И в чём подлость этой динамики? Чем больше человек от вас отдаляется, уходит, тем больше у вас формируется потребность за ним и лишь за ней следовать. И вот здесь заканчиваются здоровые отношения, потому что человек начинает приспосабливаться, подстраиваться. Вы будете готовы на всё, лишь бы вновь не наступило молчания, лишь бы снова не пришёл холод. Именно поэтому наказание молчанием рассматривается как карательная динамика, и именно ее вам нужно научиться избегать. Как, спросите вы. Так вот, знаете, как нужно научиться реагировать на подобное наказание молчианием или же отсутствием? нужно постоянно повышать уровень собственной ценности. Причём повышать её до такого уровня, когда вам этого молчания вообще слышно уже не будет. Потому что чем больше, чем громче внутри вас будет звучать ваша собственная ценность, чем больше вы её будете осознавать, тем меньше вы будете замечать ту самую тишину, посредством которой вас пытаются наказать. И чем больше вы ощущаете и осознаёте вашу собственную ценность, тем больше будет вашего присутствия в вашей жизни, тем сильнее станут ваши внутренние опоры, тем непробиваемее станут ваши личные границы. Вы должны слышать себя, причём на полную громкость."
2025-08-13,227479,9274,207,105.400002,https://www.instagram.com/p/DNSSji0Co4U/,"Если вы хотите по-настоящему отдалиться от какого-то человека, то что вам по-настоящему нужно — это не исчезать и не ругаться. Психология осознанного отдаления никогда не происходит через побег, а через возвращение — возвращение к себе, возвращение к тому, что вы забыли или поставили на второе-третье место в своей жизни, а может быть, и вообще вычеркнули.

Проблема не в дистанции от другого человека, а в дистанции, которая образовалась внутри вас. И чем больше у вас эта внутренняя дистанция, тем больше эту пустоту будет заполнять другой человек.

Если вы уйдете от человека, но не начнете приближаться к себе, то существует риск, что вы не найдете опору и вернетесь обратно с ощущением слабости, готовым на все, лишь бы не потерять эту внешнюю опору.

И поэтому важно сказать «все хватит» не другому человеку, а самому себе: «Хватит себя игнорировать». Помните, что внутренние опоры, в основе которых лежит ваша ценность, выстроены вашими собственными кирпичами. В основе вашей собственной ценности не могут быть заложены чужие кирпичи.

Поэтому, если хотите уйти от кого-то — возвращайтесь к себе!

 Консультирование и Психотерапия 🔗violamaro.com - переходите по ссылке в шапке профиля

🌱Углубленный курс по саморазвитию и Практической Эмпатии 3.0","Если вы хотите отдалиться от какого-то человека, то что вам действительно нужно, это вовсе не убегать, прятаться или ругаться. Психология осознанного отдаления, она как раз строится не через побег, а через возвращение. Возвращение к себе, возвращение к тому, что, возможно, вы забыли, возможно, поставили на второе, третье место в своей жизни, а то и вообще забыли. Потому что настоящая проблема не в той дистанции, которая установилась с другим человеком, а проблема в дистанции, которая у вас сформировалась внутри себя. И вот чем больше у вас внутренние дистанции от самого себя, тем больше вы нуждаетесь в другом человеке, в других людях, которые и заполняют вот эти внутренние пустоты. И если вы уйдёте от другого человека, но не начнёте приближаться к себе, то существует риск, что, уйдя, вы не найдёте опоры, и вам придётся вернуться. побитым, заплаканным и готовым на всё для того, чтобы не потерять вот эту внешнюю опору. И поэтому «всё хватит» нужно сказать не другому человеку. «Всё хватит», нужно сказать самому себе. Хватит себя игнорировать. И помните, что ваши внутренние опоры личности, на которых стоит ваша ценность, ваша самоценность, Выстроена кирпичиками не чужими, а вашими собственными. В основе вашей личности не могут быть заложены чужие кирпичи. Они должны быть только вашими. И поэтому хотите уйти от кого-то другого? Возвращайтесь к самому себе."
2025-08-14,17119,1172,43,70.366669,https://www.instagram.com/p/DNU46FZitum/,"Ты идеализируешь других, потому что смотришь на них через зеркало своих лучших качеств. Но это золото и свет — не в них, а в тебе.
Проблема в том, что кривое зеркало низкой самооценки всё искажает: любая победа кажется ничтожной, любое слово ранит.
Выход — учиться замечать свои маленькие успехи и хвалить себя. Это не эгоизм, это лечение внутренней хрупкости.
Когда ты перестанешь обесценивать себя — ты перестанешь терять себя в других.

 🧩Консультирование и Психотерапия 🔗violamaro.com - переходите по ссылке в шапке профиля

🌱Углубленный курс по саморазвитию и Практической Эмпатии 3.0",
2025-08-14,23814,1904,60,125.099998,https://www.instagram.com/p/DNVfmJfiMXG/,"Лучше идти по пустой дороге, чем шагать рядом с тем, для кого вы прозрачны.

Внимание — это не роскошь, а основа близости. Лучше идти одному, чем быть невидимым рядом с кем-то
Не просите никого считаться с вами.
Тот, кто по-настоящему видит, делает это без вашей просьбы.
Заставьте себя избегать тех, кто делает вас прозрачным.
Внимание в отношениях — не роскошь, а фундамент.
Оно не должно быть наградой за старания,
а прочной опорой, по которой можно идти вдвоём.
Когда внимания не хватает, каждый шаг превращается в спотыкание,
каждое слово — в тяжёлый труд,
каждое движение — в попытку хоть на мгновение стать заметным.
Нет большей пустоты, чем делить одно пространство
и при этом оставаться одиноким.
Помните: лучше идти одному, чем держаться за тень, которая делает вас невидимым даже на расстоянии вытянутой руки.

 Консультирование и Психотерапия 🔗violamaro.com - переходите по ссылке в шапке профиля

🌱Углубленный курс по саморазвитию и Практической Эмпатии 3.0","Знаете, гораздо лучше и здоровее быть одному, чем быть невидимкой, быть невидимым в отношениях с кем-то. Потому что внимание – это не роскошь, это базис, это основа любых чувств и отношений. Поэтому не стоит никого и никогда просить увидеть вас, считаться с вами. Это абсолютно бесполезно, потому что тот, кто вас действительно видит, его просить об этом не нужно. И вот постарайтесь не просто научить себя, а действительно заставить себя избегать людей, которые делают вас прозрачными. Повторяю, внимание в отношениях— это не роскошь, это фундамент, и оно не должно быть наградой. за старание, за ваш вклад, за то, что вы делаете. Внимание— это та самая опора, которая позволяет вам двигаться вместе по жизни, двигаться внутри отношений вместе. И вот когда этого внимания не хватает, вот тогда да, в отношениях вы постоянно спотыкаетесь. Очень сложно быть искренним. Каждое слово, И снова, каждая попытка быть честным, она сталкивается с внутренним сопротивлением. Сказать вашу правду становится для вас тяжелым трудом. А знаете почему? Да потому что целью всех ваших движений становится сделать себя видимым для партнера. Когда не хватает внимания, вы будете пытаться везде быть заметным. В словах, в поступках, даже молчанием вы будете кричать «Алло, я здесь, обрати на меня внимание». И на самом деле нет худшего одиночества, нет худшего ощущения пустоты, чем делить с человеком один дом, делить с человеком одно пространство, но при этом чувствовать себя одиноким. Помните, лучше идти одному, чем держаться за тень, которая делает вас невидимым, которая вам дает ощущение пустоты, делает вас невидимо, даже на расстоянии вытянутой руки."
2025-08-15,15710,977,36,108.433334,https://www.instagram.com/p/DNXoOKYCt54/,"Полуобещания не согревают, почти-присутствия не исцеляют, не лечит раны. 
В чувствах «почти» — это лишь другой способ оставаться вдали — это не компромисс, а утончённая форма отсутствия. 
В отношениях «почти» никогда не бывает золотой серединой: это тонкая форма отсутствия. 
Полуобещания, прерывистые присутствия, сдерживаемые чувства не строят близости — они плетут сеть сомнений, порождают эмоциональную путаницу
 А сердце не живёт в полутоне, человеческое сердце не питается неоднозначностью - ему нужна ясность, последовательность, полное присутствие.
 Потому что любовь, чтобы приносить добро, а не зависимость, должна иметь смелость быть полной. Не идеальной, но целостной. 
Слишком долго принимать «почти» — значит тихо отказываться от того, что нам по праву принадлежит.
Потому что в глубине души мы все знаем: то, что не греет, то, что не исцеляет... не является любовью.

🧩 Консультирование и Психотерапия 🔗violamaro.com - переходите по ссылке в шапке профиля

🌱Углубленный курс по саморазвитию и Практической Эмпатии 3.0",
2025-08-16,12635,703,19,88.633331,https://www.instagram.com/p/DNahsgEiEpB/,"Когда вы переживаете расставание, очень важно не  превращать ностальгию в цепь, которая приковывает вас к прошлому, потому что такая ностальгия , такие воспоминания превращаются во внутреннюю тюрьму. 
Знаете не все расставания — это поражение, как ни парадоксально большинство из них — это освобождения, замаскированные под утрату. 
Поэтому когда вы уходите или кто-то уходит, не позволяйте ностальгии заковать вас в цепи и воспоминаниям замуровать вас изнутри. Примите, что не каждое прощание — это утрата: чаще всего это дверь, выход на свежий воздух из пространства где не хватало кислорода, возможность снова начать дышать полной грудью. 
Всё зависит от вашего восприятия от вашего подхода к изменениям и новым обстоятельствам вашей жизни. 
Есть отсутствия, которые на самом деле не опустошают, а открывают пространство для дыхания, для возрождения - но вам нужно именно так их видеть и так их воспринимать.

 Консультирование и Психотерапия 🔗violamaro.com - переходите по ссылке в шапке профиля

🌱Углубленный курс по саморазвитию и Практической Эмпатии 3.0",
2025-08-17,17733,960,37,102.366669,https://www.instagram.com/p/DNcr_m_iKkP/,"Существует тонкая разница между тем, кто вас дополняет, и тем, кто вас заполняет. 
Дополняющий идет рядом, заполняющий занимает пространство. Пространство вашей жизни , пространство ваших эмоциях , в ваших жизненных опорах - он или она постепенно вытесняют вас из вашей жизни . 
Вас становится меньше и вы постепенно забываете самое важное - вашу ценность . У вас пропадает ощущение собственной самоценности

Вы — не пустота, которую нужно заполнить.
Вы — уже целое присутствие, которое не требует подтверждений.
И это необходимо осознавать и не забывать, только так вы можете избежать заполнения себя другим человеком. 
Вы не оболочка для заполнения, вы ценность, подарок, свет.
И пусть рядом остаются лишь те, кто способны это разглядеть и ценить. 

Как сказал великий Экзюпери : Настоящая любовь начинается там, где ничего не ждёшь в ответ. это не взгляд друг на друга, а совместный взгляд в одном направлении.

🧩 Консультирование и Психотерапия 🔗violamaro.com - переходите по ссылке в шапке профиля

🌱Углубленный курс по саморазвитию и Практической Эмпатии 3.0",
2025-08-18,48303,3189,118,123.784126,https://www.instagram.com/p/DNfSJwjiErf/,"Существует такой тип тишины, который гремит громче тысячи слов: тишина добрых людей. Тех, кто выбрал вежливость и деликатность как язык общения, а уважение — как стиль жизни. И когда наступает такая тишина, больше нет места для оправданий, поверхностных объяснений — у такой тишины нет обратного хода. Ее можно только принять. И это, наверное, самое трудное осознание, или, лучше сказать, урок — потому что вы понимаете, что эти мягкие, добрые, деликатные люди стали закрыты для вас навсегда, и это отсутствие невозможно восстановить. 

Это не мстительная тишина; она учит и наказывает отсутствием. Это тишина тех, кто отдавал без шума, кто выбрал быть рядом, не ожидая ничего в ответ. 

И когда такие внутренне деликатные и добрые люди выходят из вашей жизни, отдаляются от вас, за собой они оставляют не просто пустоту: они оставляют зеркало. 

И в этом зеркале ты видишь все то, что не смог сохранить, все то, что не ценил. И это очень грустное, а порой и горькое осознание, которое приходит только постфактум. 

Знаете, что именно дает ощущение потери: в своих руках ты держал настоящее золото, которое, к сожалению, не смог распознать.

 🧩Консультирование и Психотерапия 🔗violamaro.com - переходите по ссылке в шапке профиля

🌱Углубленный курс по саморазвитию и Практической Эмпатии 3.0","Знаете, есть тишина, которая гремит громче тысячи слов. Это тишина внутренней добрых людей. Тех, кто выбрал вежливость, деликатность как язык общения, а уважение как стиль жизни. И когда с их стороны наступает подобная тишина, уже нет больше места ни оправданий, ни поверхностных объяснений. У такой тишины нет обратного хода. Её можно только принять. И это, наверное, самое сложное, самое трудное осознание или же лучше сказать урок. Потому что вы понимаете, что эти добрые, мягкие, деликатные люди стали с этого момента для вас закрыты навсегда. Да, они есть, но их для вас больше нет. И у этого отсутствия нет обратного хода. И это не мстительная тишина, она наказывает действительно отсутствием. Это тишина тех людей, которые умели отдавать без шума, кто выбрал быть рядом с вами, не прося ничего взамен. И когда вот такие добрые, деликатные люди выходят из вашей жизни, отдаляются от вас, они оставляют за собой не просто пустоту, они оставляют за собой зеркало. И в этом зеркале вы видите всё то, что вы не смогли удержать, всё то, что вы не смогли сохранить, всё то, что вы в своё время не ценили. Это очень грустное, а порой и горькое осознание, которое, к сожалению, приходит всегда постфактум. А знаете, что именно дает вам самое тяжелое ощущение потери? Осознание того, что в своих руках вы держали настоящее золото, которое, к сожалению, в моменте не смогли распознать."
2025-08-19,18083,1241,38,88.73333,https://www.instagram.com/p/DNh_GSPCyGB/,"Иногда разочарование — это лишь конец иллюзии. Чаще всего с разочарованием вы не теряете физически человека, вы лишаетесь идеи, которую сами себе построили о нём или о вас вместе. 

Разочарование — это пощечина от жизни, которая открывает вам глаза и пробуждает от сна. Да, это неприятное и порой неожиданное пробуждение, но оно возвращает вам свободу. 

Иногда то, что мы называем разочарованием, — это просто правда, снимающая макияж. Это дверь в реальность. И она может вам не понравиться, но лучше это осознать, чтобы иметь возможность что-то изменить, чем оставаться в болоте, веря в то, что это прекрасный остров. 

Вы не потеряете человека, вы перестаёте гоняться за несуществующей идеей. Разочарование нас не ломает — оно открывает глаза. Да, это болезненное и горькое пробуждение, но именно благодаря ему вы начинаете реально видеть самое ценное — вашу собственную ценность!

🧩 Консультирование и Психотерапия 🔗violamaro.com - переходите по ссылке в шапке профиля

🌱Углубленный курс по саморазвитию и Практической Эмпатии 3.0",
2025-08-20,14355,1038,24,125.599998,https://www.instagram.com/p/DNkyO9kC7zW/,"Настоящая мудрость, которая созревает постепенно и порой болезненно, прорастает в нас изнутри. Это наша способность сказать «спасибо» тому, кто улучшил нашу жизнь своим уходом.
Когда вы умеете благодарить за то, что он или она ушли из вашей жизни, и понимаете, что это дало вам возможность стать другим человеком — более сильным, более ясным в понимании, более твёрдо стоящим на ногах, — вы уже не просто удержались на плаву и не просто пошли дальше. Вы сумели достичь каких-то высот и теперь смотрите на произошедшее с высоты совершенно иного осознания. Этот опыт научил вас понимать, что действительно важно и ценно в жизни, причём именно для вас.
Сегодня вы уже научились распознавать сигналы и замечать поведенческие признаки заранее. Вы видите те же самые грабли, понимаете, что будет, если на них наступите, и больше этого не делаете.
И поэтому вы стали лучше, вы стали мудрее. Эта очень простая человеческая мудрость приходит вместе с осознанием того, что когда какие-то люди уходят из нашей жизни, их отсутствие может оставить шрамы, но одновременно оно освобождает пространство внутри нас.
И только когда они уходят, мы понимаем: отсутствие, которого мы так боялись, становится освобождением. Освобождением, которое мы называем прощанием.

🧩 Консультирование и Психотерапия 🔗violamaro.com - переходите по ссылке в шапке профиля

🌱Углубленный курс по саморазвитию и Практической Эмпатии 3.0",
2025-08-21,13150,680,12,58.400002,https://www.instagram.com/p/DNneWLRCJSi/,"Правильные люди в нашей жизни не всегда остаются навсегда. Иногда они нужны лишь на определённом отрезке пути: чтобы помочь нам вырасти, выучить уроки, осознать те стороны самих себя, которые мы раньше игнорировали.
Но не все приходят, чтобы остаться навсегда. Не каждое присутствие длится вечно. И всё же даже временные встречи оставляют важные следы, которые остаются с нами.
Иногда они нужны не для того, чтобы сопроводить нас до цели, а лишь для того, чтобы напомнить: компас всегда был внутри нас.

🧩 Консультирование и Психотерапия 🔗violamaro.com - переходите по ссылке в шапке профиля

🌱Углубленный курс по саморазвитию и Практической Эмпатии 3.0",
2025-08-25,32509,2159,73,175.833328,https://www.instagram.com/p/DNxoexAWGl6/,"Никогда не связывайте собственную ценность с тем, как вас видят другие: насколько вы популярны или сколько внимания вам уделяют.
В психологии это называют проекцией идентичности, и такой подход может быть очень опасным для вашей самооценки.
Почему? Потому что вы не являетесь отражением чужого интереса.
Интерес других людей — их желание, внимание или признание — не являются мерилом вашей ценности.
Ваша ценность не определяется количеством сообщений, звонков, комплиментов или взглядов, обращённых в вашу сторону.
Если строить самооценку на этих внешних факторах, вы становитесь зависимыми от того, что невозможно контролировать.
И когда чужое внимание уйдёт, вместе с ним исчезнете и вы.
Быть желанным — это прекрасно, но это не может быть единственным источником самоуважения.
В противном случае ваша личность начнёт подстраиваться под других, чтобы сохранить их интерес.
Но в такой «гибкой» структуре не будет внутреннего стержня.
Истинная ценность личности — в её аутентичности.
Да, она может быть неудобной, сложной, у кого-то — колючей, у кого-то — слишком глубокой.
Но именно аутентичность делает вас неповторимыми и единственными.
Вам самим нужно увидеть и полюбить свою идентичность.
И самое важное: никто не может предать вас, если ваша любовь к себе не зависит от других.
Это и есть основа внутренней безопасности — не искать вовне подтверждение того, что вы можете дать себе сами.
Когда вы видите, ощущаете и питаете любовь к себе, вы становитесь внутренне сильными и защищёнными.
И тогда никто и никогда не сможет вас разочаровать или предать, потому что ваш внутренний стержень питается вашей собственной ценностью и заботой о себе.

🧩 Консультирование и Психотерапия 🔗violamaro.com - переходите по ссылке в шапке профиля

🌱Углубленный курс по саморазвитию и Практической Эмпатии 3.0","Никогда не стоит связывать свою ценность с тем, как вас видят другие, с тем, насколько вы популярны, или же с тем, сколько внимания вам уделяется. В психологии это называется проекцией идентичности, и этот подход может быть очень опасным для вашей самооценки. Почему? Да потому что вы не являетесь отражением чужого к вам интереса. То есть их желание, их внимание, их признание не является нерилом вашей собственной ценности. Ваша собственная ценность не определяется количеством смс-ок, звонков, комплиментов или же взглядов, обращенных в вашу сторону. И если вы будете строить вашу самооценку на этих внешних факторах, вы станете зависимы от чего-то, что вы не можете контролировать. И когда чужое внимание уйдет, вместе с ним исчезнете и вы. Конечно же, быть желанными – это прекрасно, но это не может быть единственным источником вашего самоуважения. В противном случае ваша личность начнет подстраиваться под других людей для того, чтобы сохранить их интерес к себе. Но в такой аморфной гибкой структуре будет отсутствовать подлинная ценность личности и заключается вот в этой внутренней аутентичности, которая, да, иногда может быть неудобной, сложной, для кого-то может быть колючей, у кого-то слишком глубокой, но именно ваша аутентичность делает вас по-настоящему неповторимой, повторимыми и единственными. И вот эту вот вашу внутреннюю идентичность, аутентичность никто, кроме вас, не видит до тех пор, пока вы ее не увидите и не полюбите. И вот здесь вот самое важное, знаете что? Никогда никто не сможет сделать вам больно, никогда не сможет вас предать, если ваша любовь к себе не зависит от других людей. Вот это вот и есть самое главное и важное основа внутренней эмоциональной безопасности. И вот эту вот безопасность нельзя искать, опираясь на других людей. Вы не можете искать вовне то, что вы должны дать сами себе. Когда вы видите, ощущаете и питаете любовь к себе, именно тогда вы становитесь внутренней и сильными и защищенными, потому что ваш собственный внутренний стержень личности уходит корнями в ваши личные, ваши собственные ценности и ежедневно питается любовью к себе."
2025-08-26,16325,975,51,177.633331,https://www.instagram.com/p/DN0UVJyWM7j/,"Интенсивные чувства, сильные эмоции — это не всегда любовь.
Иногда нас тянет не к человеку, а к самому ощущению — наконец снова почувствовать себя живыми.
Не всё, что зажигает вас, действительно ваше.
Важно помнить: настоящая любовь не держит в постоянном напряжении.
Она не лишает покоя, равновесия и дыхания, а наоборот — дополняет, наполняет и возвращает их.
Иногда нам кажется, что тянет к конкретному человеку. Но на самом деле нам не хватает не его, а самого ощущения — быть живыми после долгого периода пустоты и внутреннего холода.
Очень часто в нашу жизнь приходят токсичные люди, которые будто включают внутри нас эмоциональную весну. И мы совершаем ошибку, связывая это ощущение именно с ними.
Кажется, будто это магия, но на самом деле — это ваши собственные чувства, которые наконец просыпаются после спячки.
Замороженное сердце снова начинает биться — и тогда вы можете оставаться в отношениях, даже понимая, что они вам вредят.
Потому что это ощущение стало для вас единственным светом, вернуло чувство жизни и чувство себя.
Проблема в том, что в таких отношениях вы начинаете связывать свои эмоции с человеком, который был лишь катализатором. Он был дверью, но в итоге вы застреваете у этой двери, продолжая благодарить её, вместо того чтобы войти дальше.
Внутренняя весна, пробуждённая чьим-то присутствием, превращается в эмоциональную пытку, если вы настойчиво пытаетесь удержать тот луч света, который когда-то растопил замёрзшую почву

🧩 Консультирование и Психотерапия 🔗violamaro.com - переходите по ссылке в шапке профиля

🌱Углубленный курс по саморазвитию и Практической Эмпатии 3.0",
2025-08-28,574224,32529,793,139.366669,https://www.instagram.com/p/DN5MUB7jF_A/,"Когда эмпат перестаёт прощать, то есть когда он доходит до точки, в которой дальше прогибаться невозможно, он/она могут только сломаться. 
Так вот, когда эмпат перестаёт прощать, в этот момент падают все маски, и человек начинает видеть горькую правду. Причём маски падают не столько с других людей, самое главное — маски падают с него или с неё самой. 

Когда вы видите без маски все прощения, вы ясно и отчётливо видите манипуляции и манипуляторов, которые всегда прятались за словами любви. Вы ясно видите отношения, построенные с вашей стороны на доброте, доверии и самопожертвовании, которые на самом деле больше похожи на психологическое рабство и эксплуатацию. 

Но самое неприятное осознание заключается в том, что сами эмпаты существовали под маской безграничного всепрощения, которая постепенно разрушала и убивала их изнутри. Вот вспомните тот момент, когда вы вновь прощаете человека, который предаёт ваше доверие. Причём мы говорим даже о небольших ежедневных моментах, когда вы отчётливо видите, что вашу доброту принимают за слабость, ваше понимание и эмпатию — за неисчерпаемый ресурс, которым может пользоваться любой. 

Очень важно быть честными с собой: вы видите это, вы знаете это, но вы соглашаетесь. Вы видите, что к вам относятся потребительски, вы видите, что вами пользуются, но вы соглашаетесь, вы говорите «окей». Таким образом, манипуляторы живут спокойно, а вас терзают сомнения в собственной ценности.

Все начинается с момента осознания, пробуждения внутренней злости, которые необходимы для того, чтобы сказать «нет». 
С этого и начинается выход из позиции жертвы.

🧩 Консультирование и Психотерапия 🔗violamaro.com - переходите по ссылке в шапке профиля

🌱Углубленный курс по саморазвитию и Практической Эмпатии 3.0","Когда импакт перестает прощать, то есть когда он или же она доходит до точки, где дальше прогибаться больше невозможно, дальше можно только сломаться. Так вот, когда импакт падают все маски и к сожалению он или же она видят горькую правду причем маски падают не столько у других людей маска падает у него или же у нее самой когда у вас падает маска все прощения вы очень ясно видите манипуляции манипуляторов которые всегда прятались за словами любви, за маской любви. Вы ясно видите отношения, которые с вашей стороны были построены на доброте, доверии, самопожертвовании, но которые на самом деле больше напоминают психологическое рабство и эксплуатацию. Но самое неприятное осознание заключается в том, что сами им пока и очень долго, а то и всю жизнь существовали под маской безграничного всепрощения, которое разрушала и убивала их внутри. Вот вспомните тот момент, когда вы вновь прощаете человека, который предает ваше доверие. Причем здесь мы говорим не о чем-то заоблачном, а о каких-то очень простых ежедневных моментах, где вашу доброту принимают за слабость. Ваше понимание и эмпатию за безграничный ресурс, которым может воспользоваться любой. И вот здесь очень важно быть честным с самим собой, потому что вы в тот момент видите это, понимаете это, принимаете это и соглашаетесь. То есть вы видите, что к вам относятся по-потребительски, вы видите, осознаёте, что вами пользуются, но вы соглашаетесь, вы говорите окей. Таким образом манипуляторы спят спокойно, живут спокойно, а вас терзают сомнения в собственной ценности. И всё начинается с этого момента осознания, где должна пробудиться внутренняя злость, внутренняя здоровая агрессия для того, чтобы сказать «нет». «Нет» и ещё раз «нет». И вот с этого момента и начинается выход из позиции жертвы."
2025-08-30,14215,585,23,107.23333,https://www.instagram.com/p/DN-YC44DL3p/,"Синдром торопыги – это состояние, когда человек в погоне за скоростью и результатом пропускает самое главное – жизнь. Когда вы начинаете гнаться за результатом, и бег становится самоцелью, очень часто вы забываете, куда и зачем бежите. Торопыга всегда хочет получить любой результат побыстрее и начинает тревожиться, раздражаться и топать ножкой, когда жизнь не предоставляет ему то, что он хочет и когда он этого хочет.

Синдром торопыги – это всегда детская позиция, когда вы капризничаете и хотите, чтобы подснежники выросли зимой. К сожалению, у людей с подобным синдромом очень редко получается достигать больших качественных результатов - они никогда не дают времени, чтобы этот результат пророс и сформировался. Такие люди не умеют ждать и доверять жизни. Со временем у них формируется нервозность, тревожность и постоянное состояние стресса.

Чтобы избавиться от этого синдрома, нужно начать процесс сепарации, выхода из детской позиции - в общем, нужно взрослеть. 

И помните: если вы всё время спешите, вы будете пить горячий чай с обожжённым языком всю жизнь.

 Консультирование и Психотерапия 🔗violamaro.com - переходите по ссылке в шапке профиля

🌱Углубленный курс по саморазвитию и Практической Эмпатии 3.0",
2025-08-31,16555,610,20,85.76667,https://www.instagram.com/p/DOBBvYTjJ22/,"В отношениях никогда не стоит путать отсутствие ссор и споров с любовью, скуку со стабильностью, отсутствие чувств с нормой. 
Не обманывайте себя,  все это не показатели гармоничных отношений, это говорит о том, что вы просто смирились.

Многие пары остаются вместе не потому, что это осознанное решение, их выбор, а из-за страха - страха будущего, страха последствий, из-за недоверия к другим людям, когда мир видится как враждебная среда. Вот в таких случаях отношения превращаются в усталый компромисс, люди просто смиряются с ними. 

Вы находитесь в паре с пустотой, которая дает вам только иллюзию поддержки и безопасности.

Если в отношениях уровень внимания, интереса, чувств с натяжкой на удовлетворительно, знайте, что все это вы можете дать себе сами. По крайней мере, выйдете из состояния просителя, где вы выпрашиваете эмоциональные крохи. По крайней мере так вы выйдете из состояния жертвы и избавитесь от эмоциональной зависимости — а это уже очень и очень много!

🧩 Консультирование и Психотерапия 🔗violamaro.com - переходите по ссылке в шапке профиля

🌱Углубленный курс по саморазвитию и Практической Эмпатии 3.0",
2025-09-03,12997,591,29,116.300003,https://www.instagram.com/p/DOJJlQBDKrj/,"Здоровый конфликт должен больше быть похожим на мост, цель которого — соединить противоположные стороны, найти пути взаимодействия. А нездоровый конфликт больше похож на суд, где кто-то обвиняет, кто-то защищается, кто-то осуждает, а кто-то принимает наказание. 

То есть здоровый конфликт — это не соревнование, где кто-то обязательно должен победить; это формирование поля, которое позволяет вырасти обоим. Если ваш собеседник не готов слушать, хочет только победить, не слушает вас и ждет момента, чтобы вставить свое слово, когда ищут просто виноватых, а не решения, тогда все, что вы скажете, не имеет никакого значения. Более того, каждое слово станет бродячей миной, которая рано или поздно взорвется.

Лучшее, что можно сделать в подобных спорах и ссорах, — меньше слов, меньше бродячих мин. Такие ссоры и споры всегда строятся на обвинениях и приговорах, но помните: у вас есть право не садиться на скамью подсудимых. Это ваше право — не участвовать в этом судилище. А на нет и суда нет!

К сожалению, с тем, кто хочет вырыть вам яму, моста не построить.

🧩 Консультирование и Психотерапия 🔗violamaro.com - переходите по ссылке в шапке профиля

🌱Углубленный курс по саморазвитию и Практической Эмпатии 3.0",
2025-09-05,67090,3691,210,74.23333,https://www.instagram.com/p/DOOJ7gTjJQD/,"Когда человек, он или она, выходят из отношений с нарциссом, они восстанавливают себя и начинают двигаться дальше по жизни. У таких людей формируется определённая тревожная кнопка на всевозможные манипуляции. Как только кто-то со стороны пытается даже минимально направить их в сторону своих интересов, при самых лёгких формах эмоционального шантажа, у таких людей срабатывает буквально внутренний блок. Они мгновенно входят в тревожный, внимательный наблюдающий режим. 

Там, где раньше они были доверчивыми, они стали прожжёнными войнами, которые моментально настораживаются, когда ощущают минимальный запах опасности. Психика и душа человека, который единожды столкнулся с темнотой и избежал поглощения, вырабатывают иммунитет к манипуляциям.

🧩 Консультирование и Психотерапия 🔗violamaro.com - переходите по ссылке в шапке профиля

🌱Углубленный курс по саморазвитию и Практической Эмпатии 3.0","Знаете, когда человек выходит из отношения с нарциссом, после того, как он или же она выходит, восстанавливаются, начинают дальше двигаться по жизни, вот у таких людей формируется определённая тревожная кнопка на всевозможные манипуляции. И как только кто-то со стороны даже минимально пытается направить их в сторону своих интересов, Даже при самой лёгкой форме эмоционального шантажа у таких людей внутри срабатывают тормоза, срабатывает внутренний блок. Они буквально мгновенно входят в такой тревожный, внимательный, наблюдающий режим. Потому что там, где раньше они были доверчивыми, мягкими овечками, сейчас они стали буквально прожженным волком, который мгновенно настораживается, как только ощущает даже минимальный запах опасности. Потому что психика, душа человека, после того, как она единожды столкнулась с темнотой и избежала поглощения этой темнотой, вырабатывает буквально иммунитет к манипуляциям."
2025-09-14,270659,9203,330,139.504044,https://www.instagram.com/p/DOlaBYmDPd-/,"Как правильно расставаться с нарциссами и вообще с людьми, которые удерживают вас в изнурительных эмоциональных отношениях?

Самый верный способ — использовать паузу.
В токсичных отношениях всегда наступает момент, когда партнёр исчезает: замолкает, обижается, отстраняется, оставляя вас в одиночестве. Это привычный приём — дать время пострадать, почувствовать себя виноватыми, ослабленными, зависимыми.

И вот именно в этот момент, как только человек пропадает, вам нужно срочно сменить свою внутреннюю эмоциональную локацию — изменить состояние, восприятие ситуации, шагнуть вперёд, пусть даже самым маленьким шагом.
Главное — не оставаться там, где вас оставили.

Нарцисс уходит, будучи уверенным: вы стоите у закрытой двери, ждёте, плачете, страдаете. И когда он возвращается — а они возвращаются всегда — он рассчитывает найти вас именно в этом месте: эмоционально истощёнными, благодарными за сам факт его появления, готовыми на всё, лишь бы он задержался хоть ненадолго.

Но если в это время вы сделали хотя бы небольшой внутренний шаг вперёд, когда такой человек вернётся, он не найдёт вас там, где оставил.
И тогда произойдёт нечто важное:
вы увидите в его глазах растерянность, в лице — интерес, но не победу.
Игра, которую он задумал, пойдёт не по его правилам.

В этот момент, спокойно и без эмоций, вы впервые сможете увидеть истинную суть: за привычной маской всемогущества проступает маленький человек, зависимый от собственной игры.
А вы — ощутите, что находитесь в эмоциональной безопасности

🧩 Консультирование и Психотерапия 🔗violamaro.com - переходите по ссылке в шапке профиля

🌱Углубленный курс по саморазвитию и Практической Эмпатии 3.0","Знаете, как лучше всего расставаться с нарциссом, как, впрочем, и со всеми людьми, которые длительное время удерживают вас внутри эмоционально изнемождающих отношений? Используйте паузу. Используйте тот момент, когда они на время пропадают, не звонят, без причин уходят из отношений. Это бывает во всех токсичных отношениях, когда нарцисс, ну или же вообще человек, который вами манипулирует, на время вас оставляет пострадать. Вот в следующий раз, когда он или она исчезнут, вам нужно действовать быстро. Вам нужно исчезнуть с той точки, на которой они вас оставляют. Когда они вернутся, они не должны найти вас на том же месте. Для этого вам достаточно сделать хотя бы маленький внутренний прогресс. который изменит ваше состояние, который изменит ваш взгляд на ситуацию. Вам нужно изменить свою эмоциональную локацию, потому что нарцисс ушел и оставил вас в полной уверенности, что вы будете там тихо плакать, страдать за закрытой дверью и ждать, когда он или же она вернутся. Когда они вернутся, они всегда возвращаются, они будут очень удивлены, когда они найдут вас в том состоянии, в котором они обычно вас находят, в состоянии эмоционального обезвоживания, когда вы на дне и благодарны за то, что они вернулись и готовы на всё для того, чтобы подольше они оставались. И вот если вы так сделаете, вы увидите в глазах вашего нарцисса интерес, растерянность. Вы увидите лицо человека, игра которого пошла не так, как они задумали. А для того, чтобы расстаться с нарциссом, для того, чтобы освободиться от эмоциональной зависимости от нарцисса, очень важно по-настоящему увидеть их с другой стороны. И когда вы уйдете с того места, на котором они обычно вас оставляют, вы сможете безэмоционально и спокойно их разглядеть, и вы увидите их маленькими. Но самое главное, вы ощутите себя в эмоциональной безопасности."
2025-09-15,25189,1819,90,103.099998,https://www.instagram.com/p/DOnhTAyjPhU/,"Быть живым доказательством того, что доброта существует, — это выбор.
Есть люди, которые остаются наполненными светом, несмотря на то, что сталкивались с огромным количеством людей, событий и переживаний, которые могли задуть, задушить и уничтожить их внутренний свет. И быть таким человеком — это ваш выбор.
Вы можете быть человеком, который движется по жизни с мягкостью, даже после того как его ранили. Человеком, который верит в добро, даже увидев худшие стороны жизни. Вы можете быть живым доказательством того, что мир вас не сломал. Что можно оставаться мягким и деликатным, не позволяя людям вытирать о вас ноги и пользоваться вашей добротой и открытостью.
Вы можете быть добрым, но не наивным. Сильным, но с живым сердцем.
Что даёт такой выбор? Не только осознание внутренней ценности. Проживая эти ценности внутри себя, вы обретаете самое глубокое ощущение причастности к миру, жизни и Богу.

🧩 Консультирование и Психотерапия 🔗violamaro.com - переходите по ссылке в шапке профиля

🌱Углубленный курс по саморазвитию и Практической Эмпатии 3.0","Знаете, быть живым доказательством того, что доброта существует, это выбор, индивидуальный выбор каждого человека. Есть люди, которые остаются наполнены светом, несмотря на то, что они столкнулись с огромным количеством переживаний, событий, травм, предательств, разочарований. Всего того, что могло задуть, задушить, уничтожить их внутренний свет. Но такие люди сумели сохранить этот свет внутри. И быть таким человеком – это выбор. И вы можете быть таким человеком, вы можете выбрать двигаться по жизни с мягкостью. даже будучи раненым, даже после того, как вас ранили. Вы можете выбрать оставаться на светлой стороне психики, фокусироваться на светлой стороне, быть человеком, который верит в добро, даже увидев худшие стороны жизни. Вы можете быть живым доказательством того, что мир вас не сломал. что можно оставаться мягким и деликатным без того, чтобы люди при этом вытирали о вас ноги. Вы можете научиться быть добрым, но не наивным, сильным, но с живым сердцем. А знаете, что вам даст подобный выбор? Это не только осознание вашей внутренней ценности. Разрешив себе проживать, проживая вот эти ценности внутри себя, вы обретаете самое глубокое ощущение причастности к миру, к жизни и к Богу."
2025-09-19,26101,1023,43,115.23333,https://www.instagram.com/p/DOx6KgCjNf7/,"Иногда человек может почувствовать себя таким глупым, когда говорит себе: «Какой же я идиот», «Какая же я дура». Но такие осознания вовсе не являются признаком заниженной самооценки, а, наоборот, показателем того, что у вас происходят позитивные внутренние изменения. Вы словно заново принимаете себя: закрываете одну главу жизни, оглядываетесь назад, осознаёте то, что уже прожили или проживаете, и готовы к перерождению.
Чаще всего это случается, когда заканчиваются какие-то отношения, которые длились очень долго, в процессе которых вы терпели слишком многое — соглашались на многое, давали много, а в ответ получили почти ничего.
И пусть вам что угодно говорят, у вас остаётся ощущение, что вы ничего не получили по сравнению с тем, что отдали. Наступает день, когда вы смотрите на себя в зеркало как будто по-новому и задаёте себе резонный вопрос: «Как я вообще всё это пережила? Как мне удалось так долго терпеть?» Это осознание подводит важную черту — «больше никогда».
Это самое отчётливое, самое здоровое и, возможно, самое ясное сознание, которое вы переживали за долгий период. Поэтому это не констатация собственной глупости, а, наоборот, понимание того, что глупостью было бы продолжать жить так, как вы жили раньше.

 🧩Консультирование и Психотерапия 🔗violamaro.com - переходите по ссылке в шапке профиля

🌱Углубленный курс по саморазвитию и Практической Эмпатии 3.0",
2025-09-23,20185,633,15,113.966667,https://www.instagram.com/p/DO8Xb39DPhj/,"Тот, кто не смотрит внутрь себя, становится эмоциональным потребителем.
Такой человек постоянно и навязчиво ищет вокруг что-то, что, к сожалению, никак не может найти. У него или у неё всегда остаётся ощущение: это не совсем то, нет полного соответствия, нет насыщения.
Такие люди коллекционируют отношения и людей, как подписки — не годовые, так недельные. Они формируют эфемерные связи: могут одновременно завести одну, две или даже три, создавая их «по необходимости».
Это одноразовые отношения, которыми они пользуются, пока те актуальны. Это всегда поверхностные связи, в которых такие люди никогда не идут в глубину. И как только начинает формироваться что-то более серьёзное на эмоциональном уровне — они убегают.
Они охотятся за яркими моментами, убеждая себя, что именно коллекционирование ярких эмоций, отношений и впечатлений заполнит ту пустоту, которую они ощущают внутри. Но это та пустота не исчезает, даже если они пытаются её игнорировать, или заливать поверхностными связями.
На самом деле только через глубокую эмоциональную связь с другим человеком мы можем по-настоящему понять себя. По-настоящему увидеть, кто мы есть.
Такое понимание себя не приходит, если человек ведёт себя как пчёлка, перелетающая с цветка на цветок. Лишь глубокую связь с другим человеком, через близость, доверие и любовь мы способны принять и полюбить себя.

🧩 Консультирование и Психотерапия 🔗violamaro.com - переходите по ссылке в шапке профиля

🌱Углубленный курс по саморазвитию и Практической Эмпатии 3.0",
2025-09-25,22093,1445,72,278.846985,https://www.instagram.com/p/DPBN0MJjHAV/,"Семь манипуляторных техник, на которые нас ежедневно ловят.
Но если вы знаете и помните эти крючки — вы на них просто не будете попадаться.
Помните: самое сложное — распознать манипуляцию.
Поэтому запомните эти семь пунктов как психологические правила дорожного движения, чтобы никогда не стать жертвой.

 🧩 Консультирование и Психотерапия 🔗violamaro.com - переходите по ссылке в шапке профиля

🌱Углубленный курс по саморазвитию и Практической Эмпатии 3.0",
2025-09-26,14550,570,15,179.96666,https://www.instagram.com/p/DPDxvqtDPVa/,"Синдром покинутости: причины и парадоксы

Синдром покинутости — это, по сути, концентрированный и иррациональный страх потерять близкого человека или партнёра, даже если объективно для этого нет никаких причин и предпосылок.
У человека с этим синдромом формируется искажённое восприятие происходящего. У него развивается повышенная чувствительность, буквально дотошная внимательность к мельчайшим сигналам, которые, как ему кажется, могут подтвердить его опасения.

Проблема в том, что источником такой внимательности, которая может даже казаться эмпатией, является не природная мудрость, а его собственная тревожность и внутренние страхи.
Этот синдром всегда формируется на основе незажившей травмы или болезненного опыта. Он буквально «вылепливает» человека заново, трансформируя его личность и делая её тревожной, тяжёлой, гнетущей, наполненной страхами и подозрениями.

Парадокс заключается в том, что когда личность человека становится тревожной, недоверчивой и гнетущей, это способствует реализации того самого сценария, которого он так боится и пытается избежать.

Синдром покинутости — это как заезженная пластинка, которая проигрывает один и тот же сценарий. Единственный способ изменить эту партитуру — начать менять в ней ноту за нотой, то есть изменять свои внутренние установки.

Первое, что нужно сделать с большой любовью и терпением, — научиться наблюдать, а не реагировать. Вместо того чтобы сразу поддаваться тревоге, научитесь замечать её появление. Осознайте, что это лишь старый страх, а не реальная угроза. Это первый шаг к разрыву порочного круга.
Затем нужно выстраивать позитивный образ себя, работать над самооценкой и личными границами. Это несложно. Нужно просто с любовью позаботиться о себе, и в этом психология, конечно же, вам в помощь!

🧩 Консультирование и Психотерапия 🔗violamaro.com - переходите по ссылке в шапке профиля

🌱Углубленный курс по саморазвитию и Практической Эмпатии 3.0",
2025-09-26,23391,987,31,61.833332,https://www.instagram.com/p/DPEC8MDDCMj/,"Мы притягиваем то, что нас дополняет!",
2025-09-27,20576,1312,51,61.466667,https://www.instagram.com/p/DPGTCRbjFOo/,"То, что сделает вас по-настоящему привлекательными для противоположного пола и не только, — это вовсе не ваш победный раскрас, крутая тачка или объем силикона. Самая притягательная вещь — это независимость, внутренняя независимость, которая проживает с человеком удовольствием. 
Когда человек проживает свою жизнь для себя, с любовью заботится о себе и при возможности или необходимости — о других. 
Именно независимость, как внутренняя, так и внешняя, — это основа харизмы, тот самый сильный магнит, который притягивает к вам как других людей, так и благоприятные жизненные обстоятельства.

🧩 Консультирование и Психотерапия 🔗violamaro.com - переходите по ссылке в шапке профиля

🌱Углубленный курс по саморазвитию и Практической Эмпатии 3.0",
2025-09-30,27573,1617,61,160.733337,https://www.instagram.com/p/DPOSaFUjLXh/,"Если вас легко обидеть — значит, вами легко манипулировать.
Что с этим делать?

Нужно поменять не действия других, а то, как вы реагируете.

Когда накатывает волна эмоций, у вас есть два варианта:

Реактивная реакция — стимул → мгновенный ответ. Вы отвечаете автоматически.

Ответная реакция — вы осознанно выбираете, как действовать.

Во втором случае вы принимаете стимул, пропускаете его через внутренний фильтр:
Кто это сказал? Зачем? Насколько это важно? Как мой ответ повлияет на ситуацию — сейчас и в будущем?

Для этого не нужны минуты размышлений — наш мозг работает гениально быстро. Ему нужна всего лишь доля секунды, если вы позволите себе эту паузу.

И тогда всё меняется:
— вы получаете удар, слово, обиду,
— чувствуете эмоцию,
— останавливаетесь,
— оцениваете — и только потом отвечаете.

В этот момент вы перестаёте реагировать автоматически.
Вы больше не жертва чужих слов и эмоций — вы выбираете, как ответить.
То есть ыы управляете своим состоянием, своим поведением — и самой ситуацией.
И тогда обида перестаёт быть инструментом управления вами.
Вы остаётесь в контакте с собой, сохраняете внутреннее равновесие и ясность.

А это и есть настоящая свобода — когда вы сами решаете, какое место займёт чужое слово в вашей жизни.

А значит, вами почти невозможно манипулировать.

🧩 Консультирование и Психотерапия 🔗violamaro.com - переходите по ссылке в шапке профиля

🌱Углубленный курс по саморазвитию и Практической Эмпатии 3.0","Если вас легко обидеть, значит, вами легко манипулировать. Что с этим делать? Вы не можете поменять других людей. Но этого делать и не нужно. Вам не нужно менять действия других людей. Вам нужно поменять то, как вы на них реагируете. И вот когда у вас накапливается волна эмоций, у вас есть два варианта. Во-первых, реактивная реакция. Стимул и мгновенный ответ. И здесь вы отвечаете автоматически. А второй вариант, вы формируете ответ, вы даете ответную реакцию. То есть вы осознанно выбираете, как действовать. В этом случае вы принимаете удар, принимаете стимул и пропускаете его через внутреннюю систему фильтров и балансов. Кто сказал? Зачем сказал? Насколько это важно? И как мой ответ повлияет на ситуацию сейчас и в будущем? И на самом деле у каждого из нас существует своя огромная система фильтров, через которых нам нужно пропустить этот стимул. Но не думайте, что для этого нам нужно какое-то невероятное время. Наш мозг работает гениально быстро. Ему нужна всего доля секунды, но если вы позволите себе эту паузу, и вот тогда всё меняется. Вы получаете удар, стимул. Вы чувствуете эмоцию, останавливаетесь, за долю секунды оцениваете и только потом вырабатываете ответ. И вот в этот момент вы перестаёте реагировать автоматически. Вы перестаёте быть жертвой чужих слов и эмоций. Вы сами выбираете, как вам отвечать. То есть это вы теперь управляете своим состоянием, своим поведением и как следствие ситуации. И вот тогда обида перестаёт быть инструментом управления вами. Вы остаётесь в контакте с собой, сохраняете внутреннее равновесие и ясность. А это и есть настоящая свобода, когда вы сами решаете, какое место займёт чужое слово в вашей жизни. А значит, вами практически невозможно манипулировать."
2025-10-01,114968,4365,156,25.799999,https://www.instagram.com/p/DPRBTRJDDCb/,"Самый простой способ понять, насколько человек любит и уважает себя, — посмотреть, насколько быстро он или она исключают из своей жизни тех, кто обесценивает, манипулирует, играет, ненавидит, ломает, тех, кто не сопоставим с их жизнью.

🧩 Консультирование и Психотерапия
https://violamaro.com/","Самый простой способ понять, насколько человек любит и уважает себя, это посмотреть, насколько быстро человек исключает, выводит из своей жизни каких-то людей. Тех, кто обесценивает, манипулирует, ломает, ненавидит, тех, кто несовместим с их жизнью."
2025-10-02,23730,1182,31,44.900002,https://www.instagram.com/p/DPS_gcrDLb4/,"Когда вам действительно нравится человек, человек вам это действительно показывает. У вас не может быть недопонимания или неясности в интерпретации, когда это происходит. А если у вас есть вот эти вопросы, скорее всего, уже хорошо видны красные флаги в отношениях. Ваша интуиция давно бьёт тревогу, но вы не хотите этого не видеть и не слышать. 

Поэтому, когда у вас возникают подобные вопросы, бесполезно ходить и расспрашивать всех вокруг о их мнении или раскручивать человека, как кубик Рубика. Достаточно обратиться к себе и честно прислушаться к себе.

🧩 Консультирование и Психотерапия 🔗violamaro.com - переходите по ссылке в шапке профиля",
2025-10-02,11565,759,25,176.866669,https://www.instagram.com/p/DPTxr6PjDmO/,"Каждое чувство, каждая эмоция, даже негативного эмоционального спектра, может пойти вам на благо. Всё то, что вы ощущаете, имеет значение. Проблема в том, как вы это интерпретируете.
К примеру, злость — это выплеск энергии, который необходим для того, чтобы защитить себя. Вот если вы её не используете по назначению — для защиты, самозащиты, вот тогда она остаётся у вас и начинает разрушать вас.
Неприязнь — это яркий показатель того, что это не ваше, вам не принадлежит, с этим вам не по пути, даже если вы себя в этом уговариваете. Вот если ваша голова говорит: «нет-нет, именно туда мне надо», «нет-нет, это именно мой человек», вот тогда возникает эмоция, от которой вам уже никуда не деться.
Даже зависть является показателем того, что вы поставили себе слишком маленькие цели. Вы убедили себя в том, что ваши маленькие запросы, ваши маленькие мечты вам подходят. Но когда вы видите чужие достижения совершенно на ином уровне, это как будто пощёчина от жизни: «посмотри, это тоже твоё, не ври себе, ты тоже этого хочешь».
Даже грусть, проживаемая с любовью, нужна, потому что, накрывая нас, она помогает отпустить то, что уже отжило, помогает переболеть внутри и признать тот факт, что пора отпускать. Грусть, душевная тоска, она всегда сопутствует переходу на новые линии жизни. Когда мы развиваемся, растём, мы встречаемся с грустью — такой же грустью, с которой мы смотрим на наши детские игрушки, на нашу детскую комнату, когда мы уезжаем в университет, когда мы вступаем в новую жизнь.
Когда вы принимаете все свои эмоции и все свои чувства - вы перестаете бороться с собой. А с этого начинаются абсолютно все перемены к лучшему. 

🔥Если вам нравится живая и практическая психология не пропустите интенсив КЛЮЧИ 🗝️— как перевести свою жизнь на новую линию жизни за 21 день. 
https://violamaro.com/keys-of-life",
2025-10-03,38449,2010,93,26.9,https://www.instagram.com/p/DPVx-tgjMPW/,"🔥Если вам нравится живая и практическая психология не пропустите интенсив КЛЮЧИ 🗝️— как перевести свою жизнь на новую линию жизни за 21 день. 
🗝️ вся информация в шапке профиля 
https://violamaro.com/keys-of-life","Знаете, наверное, никто лучше не описал личность нарцисса, чем Есенин. Так много в вас величия, что не видать души. Горды до неприличия и до тошноты пусты. И это правда. Величия, корона нарцисса держится на гордыне. И эта гордыня настолько сильна, что за ней уже не видно человека."
2025-10-03,15537,797,16,81.26667,https://www.instagram.com/p/DPWbicejLhV/,"Прежде чем вы ринетесь помогать кому-то спасать или лечить, проясните для себя две вещи:

1. Считают ли они проблемой то, от чего или от кого вы собираетесь их избавлять, спасать или лечить?
2. Если да, то это для них проблема, и они подтверждают, что им плохо. Но вам нужно прояснить, готовы ли они, хотят ли они отказаться от того, что или кто является причиной их страданий. 

Готова ли жертва насилия уйти от своего абьюзера? Готовы ли люди, зависимые эмоционально, или от алкоголя, наркотиков или интернет-игр, отказаться от них?

Готовы ли они изменить систему своих внутренних убеждений, паттернов и изменить свою личность?

Если этого нет, вы бессильны — с этим ничего не поделаешь.

Вы не можете спасти утопающего, который кричит о помощи, но не готов отпустить тот груз, который тянет его на дно.

🔥Если вам нравится живая и практическая психология не пропустите интенсив КЛЮЧИ 🗝️— как перевести свою жизнь на новую линию жизни за 21 день. 
🗝️ вся информация в шапке профиля
https://violamaro.com/keys-of-life",
2025-10-04,25521,1227,18,142.866669,https://www.instagram.com/p/DPZEF88DK1g/,"Если вы не знаете, чего хотите, это значит, что вы длительное время живёте в страхе — в страхе кого-то, чего-то, чужих мнений, укоров, побоев, страха быть неправильным, страха оступиться. А знаете, вы можете жить под давлением страха совершенно неосознанно — но есть один явный показатель: вы не знаете, чего хотите, но точно знаете, чего не хотите. Вот это и есть показатель того, что вы живёте под давлением какого-то страха — это внутренняя плита, которая вас обездвиживает.
Подобные страхи чаще всего закладывались в нас ещё в детстве для того, чтобы было легче манипулировать: «Делай уроки, иначе будешь продавать жетоны в метро», «Будь сильным, будь мужиком, иначе ничего не добьёшься, будешь никому не нужен», «Учись готовить, иначе не найдёшь мужа», «Не дёргайся, не высовывайся, чтобы нам не было за тебя стыдно». Все эти страхи парализуют нашу личность на долгие годы, но все эти невинные фразы были сказаны нам для простой бытовой манипуляции — чтобы мы сидели тихо, помыли посуду или не кричали.
Какой смысл это имеет сейчас? Если вы хотите кардинально изменить свою жизнь — не точечно, а именно кардинально, перейти на совершенно другую линию жизни, о которой всегда мечтали, — необходимо вытащить эти «пиявки», необходимо вытянуть тихо эти программы, которые нас тормозят. И тогда возможно всё.
И вот на этом пути только психология вам в помощь!

❣️Если вам импонирует моя подача информации - все базовые ключи буду давать на  Интенсиве«Ключи». 
Не пропустите! 
Вся информация в шапке профиля 🗝️",
2025-10-05,17611,672,32,61.022041,https://www.instagram.com/p/DPa-VlXjNsj/,"Почему люди вас обесценивают?

🔥Если вам нравится живая и практическая психология не пропустите интенсив КЛЮЧИ 🗝️— как перевести свою жизнь на новую линию жизни за 21 день. 
https://violamaro.com/keys-of-life",
2025-10-05,38859,2318,96,155.57225,https://www.instagram.com/p/DPbZuGwjNKA/,"С чего начать кардинально менять свою жизнь в лучшую сторону!

🔥Если вам нравится живая и практическая психология не пропустите  ИНТЕНСИВ КЛЮЧИ 🗝️— как перевести свою жизнь на новую линию жизни за 21 день❣️
https://violamaro.com/keys-of-life","Когда вы уходите из токсичных ситуаций, когда вы отдаляетесь, уходите от токсичных людей и отношений, ваше тело и разум постепенно начинают исцеляться. Возникает такое ощущение, как будто вы выходите из тёмной душной комнаты на свет и свежий воздух. Потому что, находясь в токсичной среде, эта вредная среда держит ваш организм в постоянном напряжении, в постоянном состоянии «бей или беги». И вот в этом состоянии гормоны стресса заполняют ваше тело, влияя абсолютно на всё, от сна до пищеварения. Ваш ум, ваше сознание постоянно находится на взводе, во взвинченном состоянии, в постоянном состоянии напряжения. что естественно исчерпывает все ваши силы и энергию. Но как только вы выходите из токсичной ситуации, как только вы покидаете этот хаос, происходит нечто удивительное. Уровень стресса падает, тело расслабляется, вы начинаете лучше спать, лучше питаться, вам вообще становится лучше. Разум, ваше сознание проясняется и вообще возвращается в творческий и позитивный подход к жизни. И что самое главное, происходит не просто какие-то эмоциональные изменения вашего состояния, происходит настоящее физическое оздоровление. Кожи очищаются, мысли проясняются, осанка выпрямляется. Проблемы вам уже не кажутся такими гигантскими, жизнь такой бессмысленной, а вы таким никчёмным. Внутри вас всё как будто успокаивается, проясняется. И вот этот внутренний свет, который потихоньку проявляется у вас внутри, и вы по-настоящему начинаете его ощущать, физически ощущать. Вот этот внутренний свет— это определённый способ вашего тела сказать вам спасибо. Спасибо за то, что вы выбрали мир вместо хаоса, выбрали самоуважение вместо желания угодить. И помните, уйти из токсичных отношений, от токсичных людей, из токсичных ситуаций— это не значит сдаться. Это означает выбрать себя."
2025-10-06,25731,1658,75,179.800003,https://www.instagram.com/p/DPeBICLDIw5/,"Манипуляция — это когда вами управляют, но вы не видите сценария игры. Чем виртуознее манипуляция, тем дольше вы не подозреваете, что человек искусно притворяется и у него или у неё есть свои чётко определённые цели и интересы. 

Если после разговора с каким-то человеком вы чувствуете себя хуже, чем до него, если вы были уверены в себе и в своей позиции, но вдруг начинаете во всём сомневаться, если человек давит на эмоции и на чувство вины — скорее всего, вами манипулируют.

Вот 5 самых распространённых способов манипуляции, которые могут использовать как мужчины, так и женщины:

1. Роль жертвы — человек изображает страдание, чтобы вызвать жалость и получить вашу поддержку или уступки.
2. Подстройка — полностью подстраивается под вас, копируя поведение и вкусы, чтобы завоевать доверие и вызвать симпатию.
3. Обвинение — перекладывает вину на вас, чтобы избежать ответственности и заставить оправдываться.
4. Газлайтинг — заставляет вас сомневаться в своей адекватности и восприятии реальности.
5. Вознаграждение и наказание — резко меняет отношение: то одаривает вниманием, то отдаляется или игнорирует, чтобы контролировать ваше поведение. 

Помните: если вы заметили манипуляцию или подозреваете её наличие, достаточно просто внутренне остановиться, не верить словам, не верить эмоциям, не принимать на себя чужую вину и чужую ответственность, а просто наблюдать. Вы удивитесь, насколько очевидными для вас станут внезапно и сценарий, и истинная цель манипулятора.

🔥Если вам нравится живая и практическая психология не пропустите интенсив КЛЮЧИ 🗝️— как перевести свою жизнь на новую линию жизни за 21 день. 
🗝️ вся информация в шапке профиля
https://violamaro.com/keys-of-life","Манипуляция – это когда вами управляют, но вы не видите сценарий игры. И чем виртуознее манипуляция, тем вы дольше не подозреваете, что человек с вами притворяется. И у него или же у неё есть свои чётко определённые цели и свои интересы. Если после общения с человеком вы чувствуете себя хуже, чем до этого общения, Если вы были уверены в себе, в своей позиции, но вдруг на пустом месте начинаете во всем сомневаться, если человек в общении с вами давит у вас на эмоциональные кнопки и провоцирует внутри вас чувство вины, знайте, что, скорее всего, вами манипулируют. И вот 5 наиболее распространенных способов манипуляции, которые используют как мужчины, так и женщины. Во-первых, роль жертвы, когда человек имитирует, изображает страдания, чтобы вызвать в вас сострадание, жалость и получить от вас поддержку и уступки. Вторая манипуляция – подстройка, когда человек полностью подстраивается под вас, копирует ваше поведение. ему или же ей нравится то же, что нравится и вам. Все это делается для того, чтобы завоевать ваше доверие и вызвать вашу симпатию. Третье – манипуляция обвинения. Когда на вас перебрасывается вина, когда вас обвиняют в том, к чему вы не имеете никакого отношения. Для чего это делается? Для того, чтобы манипулятор снял с себя ответственность за происходящее. и чтобы вы начали объясняться, оправдываться и извиняться. Четвертая манипуляция – газлайфинг. Когда вас выводят из себя, вы взрываетесь и в итоге вас обвиняют в сумасшествии, неадекватности и неправильном восприятии реальности. И пятая манипуляция – это те самые эмоциональные качели. Когда человек вас то вознаграждает, то наказывает. Когда отношение к вам постоянно резко меняется. Вас то одаривают вниманием, то игнорируют и отдаляются. И эта форма манипуляции вызывает сильнейшую эмоциональную зависимость, что дает манипулятору возможность полностью контролировать ваши эмоции и ваше поведение. Что вам делать? Если вы заметили манипуляцию, достаточно просто внутренне остановиться, не верить словам, не верить эмоциям, не принимать на себя никакое чувство вины, не принимать на себя чужую ответственность. Вам нужно понаблюдать за происходящим. И вы удивитесь, насколько прозрачными, насколько очевидными внезапно станут для вас и сценарий, истинные цели и намерения манипулятора."
2025-10-07,31434,1303,44,156,https://www.instagram.com/p/DPgFjfrDCdo/,"5 вещей, которые делают вас менее привлекательным (и речь не о вашей внешности), - почему люди теряют к вам интерес:

1. Постоянные жалобы. Никто не хочет находиться рядом с человеком, который постоянно жалуется. Негативный диалог разрушает атмосферу. Прекратите фокусироваться на проблемах, ошибках и огрехах - начните икать или предлагать их решения.

2. Отсутствие самоуважения. Если вы позволяете относиться к себе с неуважением и позволяйте нарушать свои личные границы, соглашаетесь и терпите хамство, грубость,  потребительское к себе отношение, вы посылаете четкое сообщение: «Я не ценю себя». Уважайте себя в первую очередь, и другие будут давать вам соответствующее зеркало.

3. Постоянный поиск внимания. Если вы постоянно пытаетесь привлечь к себе внимание, вклинивается в чужие разговоры или стараетесь быть самым громким в комнате, это не делает вас более интересным и привлекательным, а скорее выглядит отчаянно. Истинная уверенность транслирует себя тихо, тогда как неуверенность проявляется в шуме.

4. Плохое умение слушать. Умение слушать притягательно. Люди чувствуют себя привязанными к тем, кто делает их слышимыми. Постоянные разговоры о себе воспринимаются как высокомерие, эго зависимость и в итоге отталкивает от вас собеседника.

5. Негативная энергия. Ваша энергия — это то что вы транслируете в мир, это то как люди чувствуют себя в вашем присутствии. Даже если вы самый привлекательный человек в комнате, но токсичная тяжелая энергетика будет отпугивать и отдалять от вас окружающих.

🔥Если вам нравится живая и практическая психология не пропустите интенсив КЛЮЧИ 🗝️— как перевести свою жизнь на новую линию жизни за 21 день. 
🗝️ вся информация в шапке профиля 🔝
https://violamaro.com/keys-of-life",
2025-10-08,140280,4916,240,127.5,https://www.instagram.com/p/DPicRZ0jNm4/,"Когда кто-то начинает вас игнорировать на постоянной основе, и вы понимаете, что этим вами просто манипулируют, возникает вопрос: что с этим делать и как победить в этой игре?

Во-первых, не нужно гоняться, настаивать и заваливать звонками и сообщениями. Используйте этот психологический прием: манипуляторы, использующие игнор, ждут вашей реакции. Как только вы начинаете отчаянно стучаться в закрытую дверь, они побеждают, потому что внимание — это контроль.

Вместо того чтобы заваливать сообщениями, пытаться достучаться и вдаваться в объяснения, сделайте наоборот: уйдите в полное молчание. Молчание создает неопределенность, а неопределенность вызывает любопытство. Они сами начнут обращать на вас внимание и зададут вопросы: почему вы перестали стучать в их дверь, куда вы пропали и почему потеряли интерес.

Это полностью меняет динамику взаимодействия и расстановку сил. Теперь они будут пытаться обратить на себя внимание, стремясь вернуть ваше внимание.

Ключ, который вскрывает манипуляцию игнора, — это оставаться спокойным и отстраненным. Когда вы перестаете реагировать эмоционально, вы становитесь непредсказуемым. С экологической точки зрения непредсказуемость равна силе, а сила — власти. Манипуляторы используют эту власть ради подчинения, а вы можете использовать ее для осознанного управления ситуацией.

🔥Интенсив КЛЮЧИ 🗝️— как перевести свою жизнь на новую линию жизни за 21 день. 
🗝️ вся инфо. в профиле

🧩 Консультирование и Психотерапия 🔗violamaro.com - переходите по ссылке в шапке профиля","когда кто-то вас игнорирует. Когда это происходит на постоянной основе, вы понимаете, что посредством игнора вами просто манипулируют. Что с этим делать? Как победить в этой игре? Во-первых, не надо гоняться за человеком, не нужно настаивать, не нужно заваливать его или же её ворохом сообщений и звонков. Используйте этот психологический прием. Посредством игнорирования манипуляторы ждут от вас конкретной реакции. И как только вы начинаете отчаянно стучаться в их двери, они добились желаемого, они победили. Потому что внимание— это контроль. И вместо того, чтобы заваливать сообщениями, пытаться достучаться, вдаваться в объяснения, извинения, сделайте наоборот. Уйдите в полное молчание. Потому что молчание создаёт неопределённость, а неопределённость вызывает любопытство. И вот тогда они сами начнут поворачиваться в вашу сторону, обращать на вас внимание и задаваться вопросом, а куда вы вообще делись? Почему вы перестали стучаться в их двери? Неужели вы потеряли интерес? И вот это полностью меняет динамику взаимодействия и расстановку сил. Теперь они будут пытаться обратить на себя внимание, теперь они будут проявляться и пытаться вернуть вас обратно. И ключ, который вскрывает манипуляцию игнором – это оставаться спокойным и отстранённым. Потому что когда вы перестаёте реагировать эмоционально, вы становитесь непредсказуемым. А с психологической точки зрения непредсказуемость – это равно сила. Непредсказуемость – это власть. Просто манипуляторы используют эту власть для того, чтобы подчинить себе человека. А вы можете её использовать для того, чтобы осознанно управлять ситуацией."
2025-10-09,16042,781,17,33.041996,https://www.instagram.com/p/DPlBda9jFos/,"🧩 Консультирование и Психотерапия 🔗violamaro.com - переходите по ссылке в шапке профиля

🔥Если вам нравится живая и практическая психология не пропустите интенсив КЛЮЧИ 🗝️— как перевести свою жизнь на новую линию жизни за 21 день. 
🗝️ вся информация в шапке профиля 🔝
https://violamaro.com/keys-of-life",
2025-10-09,15911,890,38,116.166664,https://www.instagram.com/p/DPlcXq-DKBz/,"Если вы заметили, что у вас есть дурная привычка постоянно извиняться и просить прощения, задайте себе один вопрос: перед кем вы извиняетесь за свое существование? Откуда это чувство, что вы мешаете, что вы обуза, что вы можете помешать чьей-то жизни? Это всё иррациональные эмоциональные воспоминания с детства. Вас заставляли чувствовать, что из-за вас чья-то жизнь изменилась в худшую сторону, из-за вас кто-то страдает, из-за вас кто-то не может изменить свою жизнь, из-за вас кто-то не может развлекаться или строить карьеру.

Но сегодня нужно сказать: это уже не ваши проблемы — вам не нужно извиняться за ваше существование. Вы уже есть всё, и это ваша жизнь. Нужно сбросить с себя этот балахон Золушки и встать в центр зала, в центр своей жизни. 

Вы неправильный или неправильная; вы просто не подходите этим людям. Сегодня вы выросли и можете выбирать, где, как и с кем жить, дружить, любить или работать. 

Поэтому хватит натягивать на себя старые балахоны, хватит волочить свою жизнь кое-как — хватит просить увидеть вас, хватит просить дать вам ваше место в жизни. У вас это место уже есть по праву рождения; нужно это принять у себя в голове, а потом спокойно занять свое место в жизни.

🔥 Что,  как, когда делать — все дорожные карты в ИНТЕНСИВЕ КЛЮЧИ 🗝️ как перевести свою жизнь на новую линию жизни за 21 день
🔗Вся информация в шапке профиля 🔝",
2025-10-10,14682,864,20,266.266663,https://www.instagram.com/p/DPoIW09jIGq/,"Сколько раз вы говорили себе: ‘Как я мог ему/ей доверять?’ Предательство – это всегда больно, но часто его можно предотвратить. Доверие – это валюта отношений, и вы не можете просто раздавать его всем подряд.
Вот 4 признака людей которым нельзя доверять

1. Критический Дисбаланс Эмпатии
Эмпатия
• Чрезмерно Заниженная Эмпатия: Человек лишен способности к искреннему сопереживанию. Такие люди часто имитируют эмоциональный интерес, дружбу или заботу, используя социальные связи для достижения своих целей.
• Чрезмерно Завышенная Эмпатия: Человек не способен управлять своими эмоциями и чрезмерно подвержен влиянию состояний других. Их решения и обещания могут мгновенно меняться под воздействием внешнего эмоционального давления, что делает их ненадежными и нестабильными.
2. Отсутствие Внутреннего Стержня и Уверенности
Неуверенность в себе напрямую влияет на уровень моральных критериев и способность держать слово.
Как следствие, уровень доверия к их мнению, решениям и поступкам крайне низок. Они могут изменить свою позицию, решение или обещание в любой момент, когда на них оказывается давление или когда это становится выгодно.
3. Радикальное Расхождение Слов с Делами
Это фундаментальный критерий надежности. В психологии это называется отсутствием поведенческой конгруэнтности.
• Когда человек говорит одно, а делает совершенно противоположное.
• В таких случаях оправдания не имеют значения. Важен сам факт постоянного несоответствия. Доверять можно только тем, чьи слова являются надежным прогнозом их будущих поступков.
4. Систематическая Склонность к Сплетням
Этот паттерн поведения — прямая демонстрация нелояльности, неуважения к границам и неспособности хранить секреты.
• Если человек с удовольствием обсуждает, критикует или оговаривает других в вашем присутствии, можно быть абсолютно уверенным, что он будет делать это и в ваше отсутствие.
• Такие люди используют чужие слабости для сиюминутной выгоды или развлечения, что делает их абсолютно ненадежными в качестве доверенного лица.

🔥 Интенсив КЛЮЧИ 🗝️ - как перевести свою жизнь на новую линию жизни за 21 день

🧩 Консультирование и Психотерапия
https://violamaro.com/",
2025-10-13,23867,1276,62,125.566666,https://www.instagram.com/p/DPvjVnXjLoB/,"Кто выбирает вашего партнера?
Выбор партнера — это не случайность, а зеркало того, как вы к себе относитесь. Вы видите тех, ваше внимание и эмоции привлекают те, кто резонирует с вашим представлением о себе, а не те, кого вам «хочется» и о ком мечтаете. Самооценка сама выбирает вам людей, которые ей соответствуют. Она задаёт уровень нормы, по которому вы определяете, какое отношение к себе считать допустимым и заслуженным. Поэтому вам никогда не попадались «плохие» партнёры — только те, кто отражали, как вы сам(а) к себе относитесь. Каждый, кто вас недооценивал, просто показывал, как вы обесцениваете себя. И пока вы ищете «достойного человека», ваша психика будет находить лишь тех, кто совпадает с вашим внутренним отношением к себе... Вот почему погоня за «тем самым» человеком становится хождением по кругу. Ключ не в том, чтобы найти кого-то, кто наконец-то вас оценит, а в том, чтобы самому стать человеком, который не согласится на меньшее. Как только вы начнете по-настоящему ценить себя, уважать свои границы и дарить себе ту заботу и любовь, которую ищете от других, ваш внутренний «радар» изменит настройки. Здоровые и счастливые отношения станут не удачей или призом, а закономерным и естественным отражением вашего нового «Я».

🔥Если вам нравится живая и практическая психология не пропустите интенсив КЛЮЧИ 🗝️— как перевести свою жизнь на новую линию жизни за 21 день. 
🗝️ вся информация в шапке профиля 🔝
https://violamaro.com/keys-of-life",
2025-10-14,9830,455,17,42.533333,https://www.instagram.com/p/DPydV1FjCBR/,"🔥 Интенсив КЛЮЧИ — как перевести свою жизнь на новую линию жизни за 21 день. 
🗝️ вся информация в шапке профиля 🔝
https://violamaro.com/keys-of-life",
2025-10-14,9047,423,31,146.771881,https://www.instagram.com/p/DPy7z90jB4L/,"Дислексия часто воспринимается как проблема, а не как сила. Но на самом деле это другой тип интеллекта, открывающий уникальные возможности мозга.
У людей с дислексией активнее работает префронтальная кора — область, отвечающая за моделирование и планирование. В отличие от большинства, они обрабатывают информацию по необычным умственным путям.
Дислектики часто вырабатывают нестандартные стратегии, которые снаружи могут показаться странными, но именно они помогают им решать задачи творчески и эффективно.
Они сильнее полагаются на визуальное восприятие и пространственное мышление, что развивает воображение, улучшает ориентацию в пространстве и позволяет быстро охватывать общую картину — видеть связь между, казалось бы, далекими и несвязанными идеями.
Они видят «большую картину» раньше других.
Кроме того, у них формируется высокая стрессоустойчивость — результат постоянной адаптации к вызовам и трудностям.
Это способность видеть решения и возможности там, где другие замечают лишь ограничения.
Поэтому дорогие мои дислексики выходите из позиции жертвы и занимайте свое место в этом мире. Учитесь понимать, принимать себя и использовать свой дар по назначению!
И вот здесь психология вам в помощь!
#дислексия 

🔥 Интенсив КЛЮЧИ 🗝️ - как перевести свою жизнь на новые линии жизни за 21 день. Старт 22/10

🧩 Консультирование и Психотерапия 🔗violamaro.com - переходите по ссылке в шапке профиля",
2025-10-15,8092,403,14,86.199997,https://www.instagram.com/p/DP1AXqCjK0s/,"Ментальные границы позволяют выработать иммунитет к чужим сценариям жизни, ограничивающим и деструктивным установкам. Именно они, в сочетании с эмоциональными, энергетическими, временными границами и границами идентичности, являются ключами к формированию новой версии себя как в количественном, так и в качественном эквиваленте. Без них невозможно достичь стабильных позитивных результатов в жизни!

🗝️Интенсив  КЛЮЧИ - как перейти на новые линии жизни за 21 день
Вся информация в шапке профиля 🔝",
2025-10-15,13870,622,10,86.73333,https://www.instagram.com/p/DP1rpq5jEaV/,"Потрясающий жизненный парадокс — ирония судьбы: люди, которые давят на слабости других, играют на жалости, даже когда они играют в жертву ради своей выгоды, в итоге по-настоящему становятся жертвой. Кто играет в роли жертвы, становится жертвой.

Такие люди верят, что это они управляют ситуацией и используют всё для своей выгоды, но, к сожалению, эта система убеждений в итоге играет с ними злую шутку. Роль становится их судьбой. 

Если они это осознают и хотят что-то изменить, просто осознание ещё ничего не значит. Для того чтобы измениться и выйти из этого состояния, нужна сила воли и необходимо разозлиться — разозлиться на себя, на своё положение и буквально сказать себе: «Мне надоело быть больным и усталым».

Но это очень въедливая система убеждений, и менять придётся очень много — от мышления до поведения. 
Но это того стоит. 
И вот здесь психология вам в помощь!

🔥Интенсив КЛЮЧИ 🗝️— как перевести свою жизнь на новую линию жизни за 21 день. 
🗝️ вся информация в шапке профиля 🔝
https://violamaro.com/keys-of-life",
2025-10-16,13445,705,21,99.26667,https://www.instagram.com/p/DP3ysjgjTHe/,"🗝️ Интенсив КЛЮЧИ - все что нужно знать, по теории и практике, для того чтобы перевести свою жизнь на Новую Линию жизни за 21 день 
🗝️ вся информация в шапке профиля",
2025-10-17,18029,1111,38,73.099998,https://www.instagram.com/p/DP5xqoCDDn-/,"Иногда отсутствие каких-то людей в нашей жизни учит нас большему, чем их присутствие. Такие люди приходят в нашу жизнь, чтобы чему-то нас научить — они не приходят, чтобы остаться. Это люди-уроки. 

Они не становятся нашим домом, нашими спутниками, они не приходят навсегда. Они — это промежуточный эпизод в нашей жизни, но даже будучи краткими, их присутствие меняет нас.

Они как зеркало показывают нам то, в чем мы по-настоящему нуждаемся, чего нам не хватает и на что мы никогда не согласимся.

Они уходят из нашей жизни, но именно осознание и ощущение их отсутствия учит нас многому. Благодаря таким людям мы по-настоящему растем и узнаем себя. Мы узнаем, как глубоко мы можем любить, мы учимся отпускать и, самое главное, быть готовыми вновь открыть свое сердце.

🗝️ Интенсив КЛЮЧИ - как перевести свою жизнь на новую линию жизни за 21 день 🗝️
🔥 Всё информация в профиле",
2025-10-18,14961,895,32,133.266663,https://www.instagram.com/p/DP89_1zDGJ2/,"Страх проявляться — это один из главных врагов благополучия .
Мы боимся делиться собой.
Боимся говорить, что чувствуем.
Боимся делать то, что любим.

Но подумайте:
Всегда будут те, кому не нужно то, что вы делаете.
Но есть и те, кто ждут вас. Ждут ваше слово, ваше творчество, ваш взгляд.
И когда вы молчите — вы лишаешь их этой возможности.

Почему вы сжимаетесь, когда нужно заявить о себе? Почему не публикуете этот пост, не называете высокую цену, не говорите о своих талантах?

Это не просто лень, и не просто страх. Это — глубоко психологический механизм: страх отвержения.

В детстве наше выживание зависело от одобрения «стаи» (семьи). И ваш мозг до сих идёт по старым рельсам: если вы будете «не таким, как все» — если вас осудят — вас отвергнут.

И вот парадокс: этот древний страх вылепливает из вас тревожную и сжатую личность. В итоге вы сами, из-за страха, перекрываете себе то самое благополучие, ради которого работаете.

Проявляйся.
Говори.
Действуй.
Это и есть ключ к благополучию и изобилию — позволить себе быть.
Остальное придёт.

🔥Интенсив КЛЮЧИ 🗝️ как перевести свою жизнь на новую линию жизни за 21 день
Вся информация в шапке профиля 🗝️",
2025-10-19,17141,826,26,110.099998,https://www.instagram.com/p/DP-xh8EjOCL/,"🗝️ Интенсив КЛЮЧИ - как перевести свою жизнь на новую линию жизни за 21 день 🔥
🔗Info in bio",
2025-10-20,23867,1510,72,83.599998,https://www.instagram.com/p/DQCMGrwDCMt/,"""Почему вам не нужно мстить?""
Если вы живёте в светлом и здоровом состоянии мышления, находясь во внутреннем балансе, вам не нужно тратить энергию на тех, кто сделал вам больно или сыграл с вами осознанно или бессознательно злую шутку.
Жизнь сама, в силу существования универсальных законов баланса, даст таким людям соответствующую «обратку». Где и в какой форме это произойдёт — вас это не касается. Ваша задача — не злорадствовать и не включаться в этот негативный процесс. Любой контакт с подобной токсичной формой психологии делает токсичным вас самих.
Что действительно важно?
Вынести должный урок. Жизнь не должна постоянно защищать нас как мама в детстве,  перед  дворовыми хулиганами. Наша зрелость в том, чтобы стать самим умным и больше не попадаться в токсичные ловушки отношений. Будучи взрослыми, мы просто не имеем права быть наивными и доверчивыми.

🧩 Консультирование и Психотерапия

🗝️ Интенсив КЛЮЧИ - как перевести свою жизнь на новую линию жизни за 21день
🔗 info in bio.",
2025-10-27,13282,553,26,106.400002,https://www.instagram.com/p/DQT-ForjPOa/,"Вот 5 молчаливых показателей того, что внутри вас уже запущен этот восстановительный процесс:

 1 Снижение Интенсивности Реакции: Эмоциональный обвал случается реже. Болезненная тема вызывает меньшую панику или ярость, а сама эмоция длится слабее и короче.

 2 Эмоциональное Отделение: Вы начинаете говорить о травме как о событии из прошлого, а не как о случившемся сейчас. Вы выстраиваете психологические границы вокруг раны.

 3 Восстановление Способности Фокусироваться: Вы можете переключить внимание на работу, хобби или планы. Появляется ментальный ресурс для решения повседневных задач.

 4 Проявление Здоровой Злости или Горевания: На смену безнадёжности приходит конструктивная злость или горевание. Психика вышла из ступора и начала перерабатывать боль, а не подавлять её.

 5 Интеграция Урока и Мудрости: Вы можете говорить о произошедшем без боли, а с позиции полученного опыта. Шрам превращается в вашу новую, сильную опору.

Если вы видите и осознаете эти процессы заживление этих душевных ран , ран на сердце проходит быстрее и спокойнее.
В противном случае если вы будете постоянно бередить свою рану, сковыривать корочку - заживление может превратиться в длительный болезненный порции и оставить несоизмеримо большие шрамы
Вот здесь психотерапия вам в помощь! 

 🧩Консультирование и Психотерапия 
🔗violamaro.com info in bio",
2025-11-04,26506,1085,35,97.23333,https://www.instagram.com/p/DQosBX-DGRe/,"🧩 Консультирование и Психотерапия
https://violamaro.com/",
2025-11-07,13755,772,17,118.73333,https://www.instagram.com/p/DQwGiUnDDQ9/,"5 Признаков Эмоциональной Зрелости
1. Вы принимаете ответственность за свои действия: Вы признаёте, что можете ошибаться, и учитесь на своих ошибках.
2. Вы контролируете свои реакции: Вы реагируете спокойно, вместо того чтобы отвечать импульсивно.
3. Вы устанавливаете здоровые границы: Вы знаете, когда необходимо сказать «нет» и защитить своё спокойствие.
4. Вы общаетесь честно: Вы говорите ясно и с уважением, даже во время конфликта.
5. Вы не нуждаетесь в постоянном подтверждении: Вы уверены в том, кто Вы есть, и не требуете внешнего одобрения Ваших поступков или слов.
Эмоциональная зрелость проявляется в поведении, а не в словах. Чем стабильнее становится Ваше сознание и психика, тем благополучнее и сбалансированнее будет Ваша жизнь.

🧩 Консультирование и Психотерапия 🔗violamaro.com - переходите по ссылке в шапке профиля",
2025-11-08,15150,835,29,56.433334,https://www.instagram.com/p/DQzMS0xDBfs/,"🧩 Консультирование и Психотерапия
https://violamaro.com/",
2025-11-10,14232,571,19,87.699997,https://www.instagram.com/p/DQ4TdMoDO4V/,"«После того как мы прошли непростой жизненный период, и единственный, кто сопровождал нас на этом пути была наша собственная боль - мы привязываемся к ней, мы остаемся у неё в долгу и поэтому очень часто не можем отпустить. 
Потому что отпустить ее - значит предать единственного кто был рядом в трудное время»

Люди не могут отпустить прошлое, прошлые травмы, драмы, обиды, потому что ощущают, будто мы в долгу перед нашей болью.
Человеку было так больно, и только эта боль сопровождала его в полном одиночестве, когда он волочил свои дни без цели, без смысла и без опоры. Была только боль.
И поэтому, когда человек восстанавливается, когда налаживает свою жизнь, отпустить прошлое — это как будто бы предать эту боль.
Но это тяжелый якорь, который не дает нам проживать наш новый день.
Мы ничего не должны этому якорю: его нужно просто отпустить.

🧩 Консультирование и Психотерапия 🔗violamaro.com - info in bio",
2025-11-11,15623,813,24,180.233337,https://www.instagram.com/p/DQ6kInAjFfq/,"5 основных причин предательства друзей. Помните что никто из нас не идеален и мы живём не в идеальном мире, нужно научиться не испытывать иллюзий и уметь защитить себя, и что самое главное - вовремя!

 1.Эгоистическая мотивация и личная выгода: Человек может предать друга, если видит в этом возможность получить что-то ценное для себя (материальную выгоду, повышение по службе, сохранение своей репутации и т.д.), даже если это вредит другу.

 2.Зависть и конкуренция: Успехи, внимание или ресурсы друга могут вызывать зависть, которая перерастает в желание навредить или «свергнуть» друга. Соперничество (например, за партнера или общественное признание) также может толкать на предательские поступки.

 3.Изменение ценностей и жизненных путей: С течением времени друзья могут сильно измениться, их приоритеты, взгляды и окружение расходятся. Когда ценности становятся диаметрально противоположными, это может привести к конфликту и ощущению предательства.

 4. Слабость характера и неспособность к лояльности: Некоторые люди могут быть не готовы или не способны к глубокой привязанности и верности. Под давлением обстоятельств, из страха или из-за своей незрелости они выбирают «легкий» путь, который может оказаться предательством.

 5.Неразрешенные конфликты и недопонимание: Накопленные обиды, невысказанные претензии или длительное непонимание в отношениях могут создать почву для серьезного конфликта, в результате которого один из друзей чувствует себя настолько ущемленным или обиженным, что его действия воспринимаются как предательство. 

🧩 Консультирование и Психотерапия 🔗violamaro.com - info in bio",
2025-11-18,19238,843,27,137.042725,https://www.instagram.com/p/DRMlqd3DKGs/,"5 Причин, Почему К Вам Теряют Интерес 
1. Гипер-Доступность
Вы всегда первый пишете и звоните. Люди воспринимают как должное то, что не требует усилий.
Цените своё время. Цените себя и все свои ресурсы

2. Отсутствие Роста
Вы застряли на месте, без новых целей и амбиций. Статичность не вдохновляет.
Инвестируйте в своё развитие. Растущие люди притягивают.

3. Хронический Негатив
Постоянные жалобы, сплетни и «плохие вибрации» быстро истощают.
Негатиыное мышление  делает человека токсичным и со временем его начинают избегать . Негатив заразен и поэтому Защитите свой позитивный настрой.

4. Размытые Границы
Вы не умеете говорить «Нет» и позволяете «себя и эксплуатировать». Рано или поздно это приходит к обесцениванию и люди начинают относиться к вам небрежно.
Поэтому очень важно научиться держать баланс в отношениях и уметь  отказывать без вины.

5. Ненадежность и нестабильность 
Сегодня Вы мотивированы, завтра исчезаете. Непрследовательность разрушает доверие и окружающие перестают вас рассматривать как взрослого и опорного партнёра отношениях.

Не гонитесь за людьми. Станьте человеком который ценит себя ценит свою жизнь занимается своей жизнью, которому интересно жить, и тогда вы всегда будете интересны и окружающим

🧩 Консультирование и Психотерапия 🔗violamaro.com - info in bio",
2025-11-19,14594,795,21,44.700001,https://www.instagram.com/p/DRPG_FvDE5s/,"Самая большая ошибка при проживании кризиса — пытаться вернуться «как было раньше».

Но жизненные кризисы (разрыв, увольнение, финансовая нестабильность, выгорание) даются нам для одной цели — чтобы как раньше уже не было никогда.
Кризис — это не сбой программы, а сигнал к системной перезагрузке. Ваше подсознание, Ваше тело и Ваша жизнь требуют, чтобы Вы пересмотрели:

Цели: Действительно ли Вы движетесь туда, куда хотите, или идёте по чужой траектории?

Убеждения: Насколько Ваши установки (о себе, о деньгах, об отношениях) соответствуют той жизни, которую Вы заслуживаете?

Образ Жизни: Что старое должно умереть (токсичные привычки, изжившие себя связи), чтобы родилось что-то новое и жизнеспособное?

Без кризиса мы часто не видим этих слепых зон.

Психотерапия — это не «скорая помощь», а Архитектор Вашего Роста.

Когда Вы пытаетесь «починить» кризис самостоятельно, Вы рискуете просто вернуться к старому, знакомому, но деструктивному сценарию. Профессиональное психологическое консультирование позволяет превратить момент хаоса в точку стратегического роста.

Мы не просто переживаем боль, мы переформатируем Вашу жизнь в четырёх ключевых аспектах:

Самопонимание и Самоощущение: Вы, наконец, формируете ту внутреннюю опору, которая не зависит от внешних обстоятельств и оценок.

Отношения: Вы учитесь не просто решать конфликты, а привлекать и удерживать позитивные, зрелые связи, а также выстраивать границы с теми, кто Вас разрушает.

Карьера и Финансы: Избавление от синдрома самозванца и страха успеха позволяет Вам выйти на новый уровень развития и дохода.

Рост и Развитие: Кризис становится не тупиком, а трамплином для мощных позитивных изменений.

Не бойтесь кризиса — бойтесь повторить старую ошибку. Приглашаю Вас увидеть в этом периоде не разрушение, а фундамент для лучшего будущего.

🔥с 21-28 ноября в рамках #ЧернойПятницы - периода «Осознанных Инвестиций» у Вас будет возможность выбрать свой маршрут к этим переменам на самых привилегированных условиях. - цена на консультации, терапевтические пакеты и трехмесячное сопровождение будет - 25% 
⚡️все приобретённые вы сможете использовать в течение года",
2025-11-20,10365,377,7,40.5,https://www.instagram.com/p/DRSSw7wDHCn/,"Когда у нас есть травма — а травмирующий опыт в той или иной мере есть у всех нас — и мы её не понимаем, не видим, не проживаем... Если мы на уровне сознания спокойно не встречаемся лицом к лицу с этой реальностью, тогда тело начинает воплощать эту проблему.
Оно берет эту работу на себя, и это проявляется в форме хронических недомоганий или соматических реакций.
Болезнь в этом контексте — это воплощение боли. Воплощение того опыта, который мы не разрешаем себе увидеть, понять и по-настоящему осознать.
Психотерапия не является «волшебной таблеткой», но она создает пространство, где мы можем перевести этот диалог с языка тела на язык сознания. Перестать прятать переживания в симптомах и начать проживать их экологично - принимать себя целиком.

🔥Наша “Черная Пятница” - Период Осознанных Инвестиций.
Это возможность зайти в терапию на особых, лояльных условиях.

🧩 Форматы работы:

Индивидуальное консультирование — полный цикл анализа и рекомендаций, направленных на решение конкретной проблемы или ситуации.

Терапевтический пакет (4 встречи) — последовательная «хирургическая» проработка  проблемы и восстановление внутренних и внешних балансов личности.
 
Личное сопровождение (12 встреч) — глубокая системная работа по реорганизации травм и восстановлению ресурсной структуры личности, восстановлению самооценки, формирования внутренних опор и осознанного движения по пути роста и развития.

🔥В рамках периода «осознанных инвестиций» (21 - 28 ноября) эти форматы доступны с преимуществом 25% на сайте https://violamaro.com/. 
🔗link in bio

* приобретёнными услугами можно будет воспользоваться в течение года",
2025-11-21,20507,825,18,72.699997,https://www.instagram.com/p/DRU5UGXDPAN/,"Молчание — это не всегда отсутствие слов. В отношениях это может быть самое громкое проявление власти.

«Молчаливое наказание» (Silent Treatment) — это не просто пауза в разговоре. Это изощренный способ сказать партнеру: «Ты не существуешь для меня, пока не станешь удобным». Это инструмент контроля, цель которого — вызвать тревогу, активировать травму отвержения и заставить вас взять на себя вину за то, чего вы не совершали.

Выход из этого сценария начинается не с попыток «заслужить» прощение, а с понимания: вас наказывают не за проступок, а за непокорность. И чтобы перестать разрушаться об эту тишину, нужно восстановить свою внутреннюю устойчивость.

Я хочу поддержать тех, кто готов выйти из позиции жертвы обстоятельств и вернуть себе право голоса и самоуважение.

В период с 21-28 ноября у нас  Период Осознанных Инвестиций. Это возможность приобрести мои продукты консультирования и сопровождения на особых, лояльных условиях.

Форматы работы:

Индивидуальное консультирование (1 встреча) — полный цикл анализа и рекомендаций, направленных на решение конкретной проблемы или ситуации.

Терапевтический пакет (4 встречи) — последовательная «хирургическая» проработка глубокой проблемы и восстановление внутреннего баланса личности.

Личное сопровождение (12 встреч) — глубокая системная работа по анализу подсознательных травм и восстановлению ресурсной структуры для формирования внутренних опор и осознанного движения по пути роста и развития.

В рамках периода осознанных инвестиций (21-28/11) эти форматы доступны с преимуществом 25% на сайте https://violamaro.com/
* приобретёнными услугами можно будет воспользоваться в течение года
 

🔗 info in bio",
2025-11-29,24475,1299,60,351.409332,https://www.instagram.com/p/DRpKU3MjNnf/,"🔥 Девиз нашей чёрной пятницы - осознанные инвестиции свою эмоциональную свободу !
1. Аудиомарафон «Выход из позиции жертвы»
 Ваш фундамент. Чтобы перестать плыть по течению и начать быть автором своей жизни.
2. Аудиомарафон-НОВИНКА «Манипуляция & Абьюз: От Распознавания до Свободы»
 Ваша защита. Чтобы видеть манипуляции за километр и выстраивать несокрушимые границы.
3. Мастер-класс «Закон притяжения успеха»
 Ваш прорыв. Чтобы понять, почему вы отталкиваете желаемое, и настроить психику на притяжение успеха, а не неудач.

Это не просто курсы. Это полная система для перезагрузки: от очищения от старого и токсичного — до настройки на процветание и счастье.

⏰ НО ВАЖНО: это предложение ОГРАНИЧЕНО!
Все продукты будут доступны со СКИДКОЙ более чем 20%
ТОЛЬКО ДО 7 ДЕКАБРЯ включительно.

🔥ВЫБИРАЙТЕ СВОЙ ПРОДУКТ или приобрести ВСЕ ВМЕСТЕ 
https://violamaro.com/black-friday
🔗 LINK IN BIO",
2025-11-29,27613,1440,56,168,https://www.instagram.com/p/DRpg39cDB_5/,"Если Вы хотите раз и навсегда перестать быть жертвой манипулятора, Вам нужно не только совершенствовать свои психологические навыки эмоциональной самообороны и внешние техники реагирования. Для формирования серьезной и устойчивой внутренней защиты после выхода из токсичных или абьюзивных отношений необходимо прежде всего восстановить осознание собственной ценности (самоценности) и внутренние опоры личности.

Вот три столпа Вашей внутренней силы, с которых нужно начать:

✅Первое — Автономия собственного выбора. Нужно вернуть себе своё право быть собой. Вы должны вернуть себе убеждение, что Ваше время, тело, мысли, деньги и т.д. принадлежат Вам. Это основа любого противодействия манипуляциям, навязыванию чувства вины, перекладыванию ответственности — это фундамент категоричного отказа.

✅Второе — Система Личных Ценностей. Четкое определение того, что действительно важно для Вас — Ваши жизненные ценности: Свобода, Здоровье, Честность, Преданность, Милосердие, Доброта и т.д. — это Ваш Внутренний Компас. На этом фундаменте строится внутренний стержень Вашей личности. Это основа Вашего выбора, Вашей точки зрения и Вашей позиции. Если требование манипулятора противоречит им, отказ становится не капризом, а защитой Вашего фундамента.

✅И третье — Право на Чувства. Перестаньте запрещать себе гнев. Именно гнев — это чистая энергия, необходимая для установления и защиты Ваших границ. Позвольте себе чувствовать и использовать энергию здоровой агрессии и здорового гнева, для того чтобы начать действовать, чтобы начать путь к свободе.

Восстановите эти три опоры, и манипулятору больше не за что будет зацепиться.

🔥Если Вы хотите приобрести полную дорожную карту выхода из токсичных отношений, в которых Вы чувствуете себя жертвой абьюзивной динамики или манипулятивных игр, Вам будут интересны и полезны два наших сильнейших марафона:

✅Аудиомарафон «Выход из позиции жертвы»

✅Аудиомарафон-НОВИНКА «Манипуляция & Абьюз: От Распознавания до Свободы»

🔥Который (впервые) с Чёрной пятницы можно приобрести со скидкой 20%.
🔗 Info in Bio",
2025-12-05,14502,803,30,142.600006,https://www.instagram.com/p/DR4gyEEjMnR/,"Любая форма манипулирования — это инструмент контроля, когда кто-то хочет подчинить себе ваши эмоции, ваше время и ваши мысли. И вот, молчание — наиболее эффективный инструмент для того, чтобы буквально захватить ваше внимание и настроить ваши эмоции на себя. Манипуляция молчанием — это наиболее громкое проявление власти: человек полностью может контролировать ваше сознание даже без слов.
Наказанию молчанием или манипуляции молчанием очень сложно противостоять, это постепенный захват вашего внимания и ваших эмоций. Человек будет держать вас в этом состоянии, пока вы не пойдёте на попятную в каком-то его запросе, пока вы не согласитесь стать удобным. Это инструмент контроля, цель которого — вызвать тревогу, активировать травму отвержения и заставить вас взять на себя вину за то, чего вы не совершали.

Выход из этого сценария начинается не с попыток «заслужить» прощение, отказаться от своих интересов и своей правды ради того, чтобы партнер снова стал «как раньше», или взять на себя несуществующую вину. А с понимания, что вас дрессируют. Это именно дрессировка: вас наказывают не за проступок, а за непокорность.

И если вы хотите, чтобы эта тишина, безразличие или отсутствие перестали вас разрушать, нужно восстановить свою внутреннюю устойчивость — опоры, личностный стержень и самооценку.
И если вы хотите восстановить себя и больше никогда не становиться жертвой манипулирования, вам помогут два терапевтических аудио марафона, посвященных глубокой проработке этой темы. Это глубокая терапия, теперь доступная каждому. 

🎄А под  Новый год вы можете подарить себе аудиотерапию по праздничной цене!
🎁 переходите по ссылке в профиле 🔝",
2025-12-06,5948,200,4,57.133335,https://www.instagram.com/p/DR67K5mjDA3/,"Терапия работает, когда человек искренне и по-честному хочет понять, кто он есть, из какого теста он/она сделаны, хочет разобраться в своих тенях и свете, а также понять, почему по жизни он наступает на одни и те же грабли и упирается в какие-то потолки. На какой системе убеждений держатся эти ограничения? Когда и кем были установлены эти планки? Чтобы их снять, их нужно сначала увидеть и принять, и только потом можно будет изменить.

Терапия не сработает, если человек идёт в терапию за подтверждением того, каким он хотел бы себя видеть. Когда он/она приходят за экспертными подтверждениями того, кем бы они хотели быть, но пока этим не являются.

🧩Консультирование и Психотерапия 
: https://violamaro.com",
2025-12-06,11057,515,21,229.300003,https://www.instagram.com/p/DR7QLZoDM9Z/,"Переживание серьезного предательства в близких отношениях часто похоже на процесс горевания. Вы теряете не просто доверие, но и образ отношений, который для Вас был важен.
1. Шок и Отрицание
• Первая защитная реакция психики. Вы отказываетесь верить, что это произошло, пытаясь «отсрочить» острую боль.
• Типичные мысли: «Это неправда», «Я, должно быть, неправильно понял(а)», «Он(а) никогда бы так не поступил(а) со мной».
2. Гнев и Торг
• Приходит осознание реальности, которое вызывает сильную волну гнева. Гнев может быть направлен на партнёра, близкого человека, на себя или на мир в целом.
• Одновременно может начаться «торг» — попытки найти способы «вернуть» ситуацию, договориться, понять, что можно было сделать, чтобы предотвратить случившееся в Ваших отношениях.
3. Боль и Депрессия
• Эмоциональный спад, наступает глубокое чувство печали, разочарования и опустошения. Вы скорбите по потерянным отношениям, доверию и по тому, кем Вы считали этого человека.
• Эта стадия часто сопровождается апатией, потерей мотивации и физическими проявлениями (нарушения сна, аппетита).
4. Принятие и Реконструкция
• Вы начинаете принимать факт предательства как часть своей истории. Это не означает одобрение или забвение, но означает эмоциональное отпускание ситуации.
• Начинается процесс реконструкции: Вы восстанавливаете самооценку, пересматриваете свои жизненные принципы и границы, и начинаете двигаться вперед, строя свою жизнь, свободную от боли этого предательства.

Лучший подарок, который можно сделать себе под Новый год — это здоровая психика и свобода от прошлого.
🎁 Терапевтические Аудио Марафоны по праздничной цене 🎄 info in bio",
2025-12-08,11274,751,21,228.666672,https://www.instagram.com/p/DSAAf1ZDHVT/,"5 принципов защиты своего внутреннего мира и энергии

1. Границы как фильтр Доступ к вашему времени и эмоциям должен быть осознанным выбором, а не автоматической реакцией. Спокойное умение отказывать служит главным инструментом для сохранения личной целостности.

2. Качество окружения Люди вокруг работают либо как источник ресурса, либо как причина его истощения. Внутренний покой часто зависит не от одиночества, а от тщательной селекции тех, кто находится рядом.Внимательное отношение к своему кругу общения позволяет избежать эмоционального истощения и сохранить ресурс.

3. Информационная гигиена Потребляемый контент напрямую формирует образ мыслей. Снижение уровня информационного шума и отказ от токсичных новостей освобождают пространство для ясности ума.

4. Право на перезагрузку Тишина и уединение являются базовой потребностью психики. Отдых — это не награда за труд и не лень. Тишина и уединение необходимы для восстановления эмоционального баланса. Это базовая потребность организма, которую нельзя игнорировать.

5. Принятие реальности Избыточная тревога часто возникает из желания управлять неконтролируемым.  Энергия и внутренний покой  сохраняется только тогда, когда фокус внимания смещается с внешних обстоятельств на то, что действительно находится в вашей зоне влияния.

❣️Сохранять себя, быть внимательным к себе,  любить и заботиться о себе — это навык, который можно и нужно развивать! В новом аудиомарафоне «Манипуляция & Абьюз» мы даем конкретные инструменты для выстраивания этих психологических опор вашей личности!

🎁Подарите себе свободу и спокойствие под Новый год🎄
https://violamaro.com/black-friday
🔗 link in bio",
2025-12-15,10609,538,8,72.699997,https://www.instagram.com/p/DSSRJVdDI3-/,"Большая часть наших переживаний и страданий доставляет нам наше собственное воображение. Особенно, когда мы бежим вперёд и накручиваем себе катастрофы, проблемы, расставания. Мы доводим себя до панических состояний, изматывая себя внутри качелями: «А что, если? А если будет так? А если она уйдёт? А если он бросит? А если всё развалится?» и так далее. Но то, чего мы боимся по-настоящему, — это не само событие, — мы боимся тех чувств, с которыми нам придётся столкнуться, если это худшее всё-таки произойдёт.

Эмоциональная яма: одиночество, грусть, пустота, чувство вины, чувство стыда, разочарование. Мы боимся этих эмоций.

И мы постоянно пугаем себя вот этим событием, потому что мы не доверяем себе и своим чувствам, мы боимся, что мы не справимся. Нужно научиться не бояться эмоций, проживать эмоции, разные эмоции, даже теневого эмоционального спектра. Вы можете справиться и с печалью, и с грустью, и с разочарованием. Этого не надо бояться.

Приятно это? Да нет, конечно. Но вы будете бояться того, что вы отказываетесь проживать или боитесь проживать.

🧩 Консультирование и Психотерапия 
🔗violamaro.com - info in bio
🔥 Терапевтические Аудио Марафоны🎧
🔗info in bio",
2025-12-16,26890,1275,23,138.366669,https://www.instagram.com/p/DSVLO6BjCcs/,"Чувство вины — это эмоция, связанная с конкретным действием: «я поступил плохо», «я сделал» или «не сделал». Она всегда касается поступков и их оценки.
А вот стыд — это эмоция, связанная с личностью: «я чувствую себя плохим, неправильным, грязным». Токсичный стыд разрушительно влияет на человека, буквально парализуя его изнутри. Он заставляет закрываться, изолироваться от мира и верить в то, что ты приносишь вред, что ты какой-то «испорченный» и эту «проблему» нужно прятать.
Манипуляторы всегда стремятся перевести вашу потенциальную вину в токсичный стыд, чтобы вы почувствовали себя максимально уязвимыми. Ведь если вы сделали что-то неправильно, это можно исправить или извиниться. Но если «неправильный» вы сами — с этим будто бы ничего не сделать. Через навязывание вины и стыда манипуляторы разрушают самооценку, ощущение самоценности и личностные опоры. Стыд становится темным пятном, которое агрессор формирует у вас внутри.
Этому можно и нужно сопротивляться. Нужно учиться защищать себя. 

Если вам сложно и вы не знаете, с чего начать, вам может помочь терапевтический аудиомарафон, посвященный выходу из абьюзивных и токсичных отношений 
🎧 https://violamaro.com/black-friday",
2025-12-17,10999,485,18,81.300003,https://www.instagram.com/p/DSXTDCtjGCh/,"Отношения с недоступным партнером часто подсаживают на «эмоциональные качели»: тревога и печаль постоянно сменяются чувством счастья и облегчением, и наоборот. За счет таких перепадов они могут казаться более яркими, чем стабильные и безопасные отношения. Поначалу строить взаимодействие иначе бывает очень сложно. Но то, что другой тип отношений вам пока не знаком, вовсе не означает, что в нем вам не может быть комфортно.

🧩 Консультирование и Психотерапия 🔗violamaro.com

🔥 Терапевтические Аудио Марафоны в записи
🎧 «Выход из позиции жертвы» 
🎧 «Жизнь без токсичных отношений, абьюза и манипуляций» 

🔗info in bio",
2025-12-17,16578,764,21,175.566666,https://www.instagram.com/p/DSX8nZHjMsg/,"Если вас по жизни хронически тянет к эмоционально закрытым, холоденым людям или тем кто постоянно держит дистанцию в отношениях - чаще всего это наиболее яркие эмоциональные связи, Многие называют это «роковой любовью» - но в психологи  есть три конкретных объяснения, почему ваш мозг выбирает именно такой сценарий отношений и таких героев.

Первое — это детский опыт. Если в детстве для вас было нормой заслуживать внимание отстраненных родителей, то во взрослом возрасте вы просто не считываете холодность как «красный флаг». Для вас это привычная среда - это давно знакомая норма, в которой вы надеетесь наконец-то получить ту самую любовь.

Вторая причина — ловушка «всемогущества». Вы видите проблему в человеке, вы видите отстраненность холод закрытость, но берёте на себя миссию изменить помочь растопить. Вы начинаете стараться , тратите годы на то, чтобы «исправить»и чаще всего меняете себя то есть это вы начинаете подстраиваться, хотя поведение другого человека может быть вообще никак с вами не связано.

И третье — магия проекций. На эмоционально отстранённого и закрытого человека легче всего спроецировать свои фантазии и ожидания. Если он/ она молчит, легко додумать, что он загадочный или тайно влюблен. По сути, вы влюбляетесь не в реального человека, а в идеальный  дорисованный образ, который сами же и создали.
Жизнь с недоступным партнером — это всегда эмоциональные качели. Это всегда отсутствие ясности и постоянные разочарования .

Но не забывайте вне зависимости какой опыт детско родительских отношений вы прошли, будущее взрослым человеком вы имеете полное право выбирать ту жизнь которую вы хотите и можете проживать.
И вот здесь - ПСИХОЛОГИЯ ВАМ В ПОМОЩЬ! 🫶🏻

 🧩 Консультирование и Психотерапия 🔗violamaro.com

🔥 Терапевтические Аудио Марафоны в записи
🎧 «Выход из позиции жертвы» 
🎧 «Жизнь без токсичных отношений, абьюза и манипуляций» 
🔗 info in bio",
2025-12-18,48046,2188,76,48.400002,https://www.instagram.com/p/DSZ2btFjEwf/,"🧩 Консультирование и Психотерапия 🔗violamaro.com

🔥 Терапевтические Аудио Марафоны в записи
🎧 «Выход из позиции жертвы» 
🎧 «Жизнь без токсичных отношений, абьюза и манипуляций» 

🔗link in bio 🔝","Если перед вами эмоционально нечистоплотный человек, абьюзер, манипулятор, ну какой-то токсичный персонаж, вы не думаете, что, изменив партнера, найдя другие отношения, сформировав другие отношения, он или же она изменится? Нет. Потому что эмоциональная нечистоплотность, потребительская позиция, склонность к манипуляциям – это глубинные поведенческие нарушения личности. И здесь от перемены мест слагаемыми сумма не меняется. И рано или поздно этот цикл всё равно будет повторяться. Рано или поздно человек всё равно запустит вот эти привычные алгоритмы поведения. И здесь самое главное понять, что вам с этим разбираться не нужно. Вам главное в этом не участвовать."
2025-12-18,11270,639,9,36.033333,https://www.instagram.com/p/DSahEvJjGsn/,"🧩 Консультирование и Психотерапия 🔗violamaro.com

🔥 Терапевтические Аудио Марафоны в записи
🎧 «Выход из позиции жертвы» 
🎧 «Жизнь без токсичных отношений, абьюза и манипуляций» 

🔗link in bio 🔝",
2025-12-19,12713,598,18,81.866669,https://www.instagram.com/p/DSc1GG2DM4d/,"🧩 Консультирование и Психотерапия 🔗violamaro.com

🔥 Терапевтические Аудио Марафоны в записи
🎧 «Выход из позиции жертвы» 
🎧 «Жизнь без токсичных отношений, абьюза и манипуляций» 
🔗link in bio 🔝",
2025-12-19,12004,638,20,121.300003,https://www.instagram.com/p/DSdEimGjIz5/,"Знаете, депрессия бывает похожа на тихую тень, которая постепенно занимает всё внутреннее пространство. В какой-то момент можно заметить, что связь с собой куда-то исчезла, а само чувство жизни стало совсем тихим и блеклым.

Такое состояние часто становится итогом долгого пути, на котором человек старался быть «правильным» для окружающих:

С «хорошими девочками», которые настолько привыкли радовать других и быть безупречными, что совсем потеряли из виду собственные желания.

С мужчинами, которым с самого детства объясняли, что нужно просто молчать и быть сильными, даже если внутри всё разрывается от боли.

С теми, кто вырос, но так и не узнал, каково это — жить по-своему, потому что всё время приходилось нести на себе груз чужих ожиданий.

С людьми, которые когда-то решили отказаться от своей сути, лишь бы получить немного любви или чьего-то одобрения.

Часто так случается, когда привыкаешь слышать только чужие «надо» и перестаешь доверять собственному голосу. Душа будто устает запрещать себе быть слабой и в какой-то момент забывает, как это — чувствовать себя по-настоящему живой.

Когда приходится всё время жить в тесной клетке из долга и вины, тело может отозваться вот такой тяжелой, парализующей усталостью. Наверное, путь назад к себе начинается там, где появляется возможность быть просто человеком — со своими слабостями, неидеальностью и правом на свою собственную жизнь.

🧩 Консультирование и Психотерапия 🔗violamaro.com

🔥 Терапевтические Аудио Марафоны в записи
🎧 «Выход из позиции жертвы» 
🎧 «Жизнь без токсичных отношений, абьюза и манипуляций» 
🔗link in bio 🔝",
2025-12-21,10560,443,6,97.433334,https://www.instagram.com/p/DSh7_BHDPN4/,"Человек в состоянии жертвы склонен к драматизации. Он глубоко страдает от того, что его не замечают, не слышат или не понимают. Однако вместо того, чтобы честно определить источник боли и разобраться с конкретной ситуацией, он начинает видеть весь мир в тёмных тонах. Жертва всегда переполнена невысказанными обидами и бессилием, которые превращаются в гнетущее фоновое состояние. Такие люди часто молчат, терпят и всё копят в себе. Но внутри скрыто столько агрессии, что её хватило бы на ядерный реактор — просто она подавлена и не имеет вектора
Состояние жертвы это ролевая позиция, которая проявляется без результативностью в любых сферах жизни. Но состояние это не приговор - его можно и нужно менять. 
В этом вам могут быть полезны два аудио марафона, которые посвящены этой темы и предназначены для индивидуальной работы. 

🔥 Терапевтические Аудио Марафоны в записи
🎧 «Выход из позиции жертвы» 
🎧 «Жизнь без токсичных отношений, абьюза и манипуляций» 
🔗link in bio 🔝",
2025-12-21,11534,335,13,24.241632,https://www.instagram.com/p/DSifWgjDNHO/,"🧩 Консультирование и Психотерапия 🔗violamaro.com

🔥 Терапевтические Аудио Марафоны в записи
🎧 «Выход из позиции жертвы» 
🎧 «Жизнь без токсичных отношений, абьюза и манипуляций» 
🔗link in bio 🔝",
2025-12-22,7442,260,6,50.5,https://www.instagram.com/p/DSkkT6cDGoY/,"Консультирование и Психотерапия 🔗violamaro.com

🔥 Терапевтические Аудио Марафоны в записи
🎧 «Выход из позиции жертвы» 
🎧 «Жизнь без токсичных отношений, абьюза и манипуляций» 
🔗link in bio 🔝",
2025-12-27,10865,541,17,55.833332,https://www.instagram.com/p/DSxLmvSjOW7/,"Смысл познания себя заключается в том, что мы перестаем, как нищие, просить милостыню у ворот великолепного дворца, забывая, что он наш, он принадлежит нам по праву и мы его полноправные хозяева!

И это осознание, это освобождение от просящей позиции, позиции жертвы — это психо-логия.

Внутренней свободы, и осознаний, и возвращения себе ваших прав на вашу жизнь вам в новом году!❣️🥂
🎄С наступающим!🍾",
2025-12-28,22864,1684,52,70.866669,https://www.instagram.com/p/DSzaR4fDC6Z/,"Почему, наводя порядок в доме, вы чувствуете покой и завершённость? Потому что, когда вокруг вас порядок, вы создаёте среду, от которой ваш разум, ваша психика не должны защищаться. И именно поэтому вы чувствуете облегчение, вам легче дышится, вы наконец можете расслабиться.

Наш дом, среда, которая нас окружает, не просто взаимосвязана с нами, это не просто наше зеркало — это может быть нашей ресурсной зоной, где мы отдыхаем и перезагружаемся, или же зоной токсичных воспоминаний. И совершенно не важно, какой ваш дом — это одна комната или двадцать — очень важно сделать свой дом своим и держать его в порядке, избавляться от того, что вас больше не отражает, от того, что напоминает о том, что оставлено позади.

Привести в порядок свой дом, свой маленький мир — это значит сделать конкретный шаг к освобождению места внутри вас. И пусть Новый год станет по-настоящему новым ❣️
🎄С Наступающим🥂","Почему, приводя в порядок свой дом, вы чувствуете покой и завершённость? Потому что, когда вокруг вас порядок, вы создаете среду, в которой ваш разум, ваша психика больше не должны защищаться. И именно поэтому вы чувствуете облегчение. Вам легче дышаться, вы, наконец, можете расслабиться. И наш дом, среда, которая нас окружает, они не просто с нами взаимосвязаны. Это не просто наше зеркало. Это может быть нашей ресурсной зоной или же зоной токсичных воспоминаний. И здесь совершенно не важно, какой у вас дом. Это одна комната или же 20. Очень важно сделать свой дом своим и держать его в порядке. избавиться от того, что больше вас не отражает, от того, что напоминает вам о том, что осталось уже позади. И поэтому привести в порядок свой дом, привести в порядок свой маленький мир – это первый необходимый конкретный шаг для того, чтобы освободить новое пространство, новое место внутри себя. И пусть этот Новый год станет по-настоящему новым. С наступающим!"
2025-12-30,19714,1026,48,126.477638,https://www.instagram.com/p/DS5H21aDCoN/,"Люди, у которых есть психологическая рана предательства, остаются начеку, даже когда в их жизни все тихо и спокойно. Они постоянно находятся в напряженно-включенном состоянии. Даже когда им хорошо, они хотят отпустить контроль, хотят быть более открытыми и менее подозрительными, но чаще всего им это не удается.

Такие раны могут появиться в любом возрасте, даже в самом раннем. Это происходит, когда вы доверяетесь человеку, отключаете защиты и получаете удар в спину. Вас бьют в самое больное и незащищенное место — туда, откуда вы меньше всего ожидали.

После этого вырабатывается привычка постоянного наблюдения: ваш мозг никогда не отдыхает, и любой минимальный сигнал сразу запускает защитные системы. Вы закрываетесь, отстраняетесь или уходите.

И это не паранойя — это превентивные меры, потому что тело помнит тот самый пропущенный удар, который принес столько боли. Именно поэтому таким людям так сложно полноценно расслабиться, доверять себе и своим эмоциям, не говоря уже о других.

Они постоянно начеку.

И исцеление начинается с осознания, что доверие (а это как раз то, что лечит раны и «размораживает» душу) нужно восстанавливать не к другим людям, а к самому себе. Первый шаг — это выстраивание дружеских, доверительных отношений с собой. Только так вы сможете трансформировать старые раны, боли и обиды в эмоциональный интеллект, в мудрость и в глубину.

Доверия и мудрости вам в новом году! 🎄🥂💋💋",
2026-01-08,81417,5618,253,132.899994,https://www.instagram.com/p/DTPzVhuDFZU/,"Чувствительные и эмпатичные люди могут длительное время терпеть как манипуляции, так и несправедливость, обесценивание, жестокое и потребительское отношение к себе. Даже если они всё это видят и понимают, они не реагируют. Почему? Потому что они сочувствуют, жалеют и входят в положение. Их большое сердце способно понять и пожалеть даже эмоционального насильника. Поэтому они могут долго терпеть, ведь их терпение основано на внутреннем ресурсе веры, надежды и любви.

Именно это удерживает их в позиции жертвы. Раньше подобное насилие над собственной душой оправдывалось религиозно-моральными парадигмами. Но, слава богу, мы живем в эпоху доступности информации, ресурсов и возможностей выбора. Это время, когда эмпаты могут перестать быть жертвами, легкой добычей для манипуляторов и других токсичных персонажей.

Что для этого нужно? Нужна информация, чтобы начать реагировать. Вы должны проснуться и осознать, что вас используют — сознательно, продуманно и открыто. Прекратите оправдывать, входить в положение и жалеть. Свою доброту нужно уметь защищать осознанностью. Именно эмпатам нельзя быть доверчивыми овечками — иначе вас или съедят, или посадят на цепь.

Нужно разрешить себе быть умными и верить своим глазам, доверять своей интуиции. 
Но единственное, что вам нужно научиться делать — проявлять себя и защищать себя! 
Быть добрым — да, наивным дурачком — нет, нет и еще раз НЕТ!

И вот здесь психология вам в помощь!

🧩 Консультирование и Психотерапия 🔗violamaro.com

🔥 Терапевтические Аудио Марафоны в записи
🎧 «Выход из позиции жертвы» 
🎧 «Жизнь без токсичных отношений, абьюза и манипуляций» 
🔗link in bio 🔝","Знаете, именно чувствительные и эмпатичные люди могут длительное время терпеть манипуляции, несправедливость, потребительское к себе отношение, жестокость, обесценивание. Даже если они все это видят и понимают, но они не реагируют. Почему? потому что они сочувствуют, понимают, жалеют, входят в положение даже абьюзеров и насильников. Их большое сердце способно понять и пожалеть даже эмоционального насильника. Именно поэтому они способны длительное время терпеть, потому что их терпение основывается на ресурсе веры, надежды и любви. И именно это удерживает их в позиции жертвы. И раньше подобное насилие на собственной душе оправдывалось и социальными, и религиозно-моральными парадигмами. Но, слава богу, мы живем время доступности информации, доступности ресурсов и возможности выбора. Мы живем во время, когда эмпаты могут перестать быть жертвами и легкой добычей для манипуляторов и других токсичных персонажей. Что для этого нужно? Вам нужна информация, которая заставит вас реагировать. То есть вы должны буквально проснуться и осознать, что вас используют. Сознательно, продуманно и открыто. Вам нужно прекратить оправдывать, входить в положение и жалеть ваших эмоциональных насильников. Именно импатом нельзя, просто нельзя быть доверчивыми овечками. Иначе вас или съедят, или посадят на цепь. Нужно именно разрешить себе быть умными, верить своим глазам и доверять своей интуиции. Но единственное, что вам нужно научиться делать, вам нужно научиться проявлять себя и защищать себя. Быть добрым, да, наивным дурачком нет, нет и еще раз нет. И вот здесь психология вам в помощь."
2026-01-09,17889,1210,54,84.566666,https://www.instagram.com/p/DTSG8ikDNyn/,"Есть такая странная закономерность: когда вам комфортно в тишине, когда вы не чувствуете необходимости заполнять каждый момент словами, шумом или болтовней, большинству людей будет некомфортно в вашем присутствии. Ваша внутренняя тишина и спокойствие становятся раздражающим фактором и могут вызывать даже агрессию. Люди, которые бегут от себя, которым некомфортно с собой, не будут равнодушны к вашей тишине — это их беспокоит и даже делает враждебными. Они будут или демонстративно вас игнорировать, или всеми силами пытаться вытащить вас из вашей тишины. Будут провоцировать, привлекать внимание, вовлекать в общение — они будут спрашивать, всё ли в порядке и что с вами.

Ваше присутствие их раздражает, потому что вы воплощаете то, чего они избегают — тишины и простого присутствия в моменте «здесь и сейчас».
Но помните «вы никому и ничего не должны» - ваше внутреннее равновесие важнее и ценнее всего!

🧩 Консультирование и Психотерапия 🔗violamaro.com

🔥 Терапевтические Аудио Марафоны в записи
🎧 «Выход из позиции жертвы» 
🎧 «Жизнь без токсичных отношений, абьюза и манипуляций» 
🔗link in bio 🔝

🌱Углубленный курс по саморазвитию и Практической Эмпатии 3.0",
2026-01-10,17912,1208,47,168.952347,https://www.instagram.com/p/DTU81TqjASy/,"Когда вы думаете, что ничего не изменить в вашей жизни, что нужно приспосабливаться, терпеть, привыкать к худшему, меньшему; когда вы уговариваете себя привыкнуть к состоянию жертвы — приходят обстоятельства, которые будут идеально соответствовать вашему состоянию жертвы. Приходят токсичные люди, вы слепы к возможностям, вас наполняет страх, тревога и беспомощность.

Но стоит вам внутри сказать: «Нет, я не жертва. Нет, я не хочу и не буду так жить. Это моя жизнь, и я буду решать, как и с кем мне ее проживать».

Да, я создал(а) обстоятельства, которые мне не нравятся, я позволил(а) этим людям войти в мою жизнь и поставить меня в угол. Но я могу решить иначе. В этот момент установки жертвы исчезают, и меняется ваш менталитет и ваше состояние.

Вы запускаете совершенно другую гравитацию, вы транслируете в поле совершенно другой сигнал. В вашей жизни начнут появляться люди, которые и нужны, чтобы вытащить вас из обстоятельств, которые вам не нравятся.

Вы видите нужную информацию в нужное время, вам звонит или приходит человек, который вам нужен именно сейчас, чтобы на практике запустить процесс изменений. И это не случайность. Выбирая себя, вы запускаете процесс синхронистичности. Именно так жизнь помогает: вы получаете нужную вещь в нужное время в нужном месте. То есть вы синхронизировались с тем, что вам было нужно. Вы становитесь центром гравитации для возможностей и людей, которые их приносят.

Когда вы выбираете себя — сама жизнь встает на вашу сторону и начинает вам помогать. Именно так ваша жизненная ситуация начинает выруливать из тупика.

Когда вам страшно, вы транслируете в поле жизни страх — формируются обстоятельства, в которых вы его испытываете. Но если вы транслируете любовь, достоинство — вы транслируете совершенно другую информацию и энергию, а значит, начнете формировать совершенно другие обстоятельства.

Но первый шаг всегда за вами: сначала вы выбираете себя, а потом жизнь встает за вас и для вас!

🧩 Консультирование и Психотерапия 🔗violamaro.com
 🔥Терапевтические Аудио Марафоны в записи
🎧 «Выход из позиции жертвы» 
🎧 «Жизнь без токсичных отношений, абьюза и манипуляций» 
🔗link in bio 🔝",
2026-01-11,28659,2160,148,244.276062,https://www.instagram.com/p/DTX9q4uDNH7/,"Самая большая проблема людей с добрым сердцем, с красивыми, правильными жизненными принципами, в том, что они верят, будто плохих, злых людей не существует. Да, гипотетически они где-то есть, но когда перед ними живой человек, эту гипотезу они не рассматривают.

Они верят, что все желают добра, у всех есть свои благие причины, все стараются изо всех сил. И когда их предают, делают больно, они смотрят на человека и не верят, не хотят и не могут поверить. Им проще найти оправдание.

Такие люди смотрят на мир через проекцию своего сердца, и как бы это ни казалось красиво, это опасная и не взрослая позиция. А в позиции ребенка эти добрые и светлые люди не могут защитить себя, не могут заработать достойные деньги и постоянно попадают в ловушки манипуляторов и токсичных людей, которые их используют. 
Что с этим делать? Ответы в видео 🔝

 Консультирование и Психотерапия 🔗violamaro.com

🔥 Терапевтические Аудио Марафоны в записи
🎧 «Выход из позиции жертвы» 
🎧 «Жизнь без токсичных отношений, абьюза и манипуляций» 
🔗link in bio 🔝

🌱Углубленный курс по саморазвитию и Практической Эмпатии 3.0","Самая большая проблема людей с добрым сердцем, с правильными, хорошими жизненными принципами в том, что они верят, что плохих и злых людей просто не существует. То есть, да, гипотетически они где-то есть, но когда перед ними живой человек, эту гипотезу они даже не рассматривают. Они верят, что все желают добра, у всех есть благие причины, все стараются изо всех сил. И вот когда их предают, когда им делают больно, они буквально смотрят на человека и не верят. Они не могут или же не хотят в это поверить. Им проще найти любое оправдание данному поступку. Такие люди смотрят на мир через проекцию своего собственного сердца. И как бы это ни звучало красиво, это очень опасная и невзрослая позиция. А находясь в позиции ребёнка, эти добрые и светлые люди, во-первых, не умеют защитить себя. Во-вторых, не могут в своей жизни заработать достойные деньги. И в-третьих, постоянно попадают в ловушки манипуляторов или же токсичных людей, которые совершенно без зазрения совести их используют. Что с этим делать? Во-первых, начните с осознания факта, что не все люди думают как вы и видят мир как вы. И большинство людей вас не понимают и недооценивают. Примите тот факт, что есть люди, которые сознательно манипулируют ради своей собственной выгоды. Сознательно угут и сознательно выстраивают различные стратегии и ловушки. И вот таким людям нельзя дарить добро, нельзя дарить понимание, сочувствие. в надежде, что на вашу порядочность в конечном счёте также ответят порядочностью. Помните, что порядочность и честный баланс в отношениях – это вовсе не универсальная вещь. А вы чаще всего на основании своей собственной глубины ищите глубину там, где её вовсе нет. И ваша терпимость подталкивает вас видеть надежду там, где есть лишь интерес и личная выгода. И чем дольше вы отказываетесь принимать подобную реальность, тем больше вы будете винить себя и задаваться вопросами. Может быть, это я что-то делаю не так? Может быть, это мне нужно что-то изменить, улучшить? Может быть, это я многого прошу, многого жду? Но правда гораздо проще. Не у всех людей есть такое сердце, как у вас. Не у всех есть ваша глубина. Да, многие прошли, возможно, тот болезненный опыт, который прошли и вы, но не все вынесли соответствующие уроки, которые вынесли вы. И есть люди, которые могут причинять вам боль и безозрение совести, не оборачиваясь назад, дальше продолжать свой путь. И вот когда вы принимаете эту неоднородность людей, когда вы снимаете свои розовые очки и надеваете честные диоптрии, когда вы перестаёте оправдывать, когда вы перестаёте давать вторые, третьи шансы, когда вы перестаёте давать другим всё самое лучшее в ущерб себе, Вот тогда ваша жизнь начинает меняться. И не думайте, что эти осознания, что эта позиция навредит вашему сердцу, сделав его черствым или же холодным. Наоборот, это защитит ваше сердце, потому что, конечно, в мире есть великолепные, прекрасные люди, но также есть лживые и токсичные. И вот именно их вам нужно уметь держать на безопасном расстоянии. И вот здесь психология вам в помощи."
2026-01-13,12528,863,21,57.11063,https://www.instagram.com/p/DTcvI0QjGik/,"Если что-то приносит вам радость и счастье, необязательно стремиться сделать это понятным для других. Точно так же, если вам что-то не нравится или вы чего-то не хотите, вам необязательно находить оправдания своим чувствам.

Наши эмоции и чувства могут оставаться непонятными для окружающих, не нужно заставлять себя быть понятным. Но то, что нам действительно нужно научиться делать - наш единственный долг — принимать себя, даже порой не понимая, — принимать и любить.

Тогда у нас не будет проблем с самооценкой, тревожностью, уверенностью в себе, креативностью и т. д.

🧩 Консультирование и Психотерапия 🔗violamaro.com

🔥 Терапевтические Аудио Марафоны в записи
🎧 «Выход из позиции жертвы» 
🎧 «Жизнь без токсичных отношений, абьюза и манипуляций» 
🔗link in bio 🔝

🌱Углубленный курс по саморазвитию и Практической Эмпатии 3.0",
2026-01-14,12069,593,14,65.833336,https://www.instagram.com/p/DTfo9VEjBzc/,"Когда вас кто-то упрекает, это значит, что у этого человека есть проблема, обида или неудовольствие, которые человек не может выразить прямо. Упрекая, человек хочет навязать вам чувство вины в надежде, что вы догадаетесь, чего ему/ей не хватает.

К примеру, фраза «ты думаешь только о себе» переводится как: «мне не хватает твоего внимания». За любым упреком всегда стоит просьба, которую человек не может или не хочет произносить прямо.

Конечно, это детская позиция, когда сказать правду напрямую страшно, потому что нас могут отвергнуть, осмеять или игнорировать. Но, поступая так, мы всегда остаемся уязвимыми и слабыми. Взрослая позиция, которая кстати дает вам множество преимуществ и выгод, начинается с ответственности за свои чувства, эмоции и потребности.

🔥 Терапевтические Аудио Марафоны в записи
🎧 «Выход из позиции жертвы» 
🎧 «Жизнь без токсичных отношений, абьюза и манипуляций» 
🔗link in bio 🔝

🌱Углубленный курс по саморазвитию и Практической Эмпатии 3.0",
2026-01-15,16155,777,22,42.966667,https://www.instagram.com/p/DTiMfTBDPma/,"Этому видео 3 года - этому инсайту практикующего  психотерапевта 3 года - я до сих пор помню того человека и его жизненную историю - историю его взлета, его падения, историю его глубины, осознаниий, его гравитацию и его взлет. 
Конечно был взлет! Потому что он принял осознание, что он умеет летать, он научился летать - теперь это его навык! - да этот навык пришел через падение, через кровь, боль и осознание - но именно это лишила его страха и вернуло осознание единственный опоры - на себя самого. 
Если ты научился летать этот навык никто и никогда у тебя не заберёт. Сколько бы раз ты не падал! 

Психотерапия - это осознанность души. Без нее она чувствует себя маленькой чужестранкой в этом жестоком мире. Психотерапия - это путь взрыхления, это школа для нашего внутреннего ребенка, который требует не только любви, но и защиты 🫶🏻

 Консультирование и Психотерапия 🔗violamaro.com

🔥 Терапевтические Аудио Марафоны в записи
🎧 «Выход из позиции жертвы» 
🎧 «Жизнь без токсичных отношений, абьюза и манипуляций» 
🔗link in bio 🔝

🌱Углубленный курс по саморазвитию и Практической Эмпатии 3.0",
2026-01-16,20684,1009,57,149.442184,https://www.instagram.com/p/DTlawcGDNyM/,"🧩 Консультирование и Психотерапия 🔗violamaro.com

🔥 Терапевтические Аудио Марафоны в записи
🎧 «Выход из позиции жертвы» 
🎧 «Жизнь без токсичных отношений, абьюза и манипуляций» 
🔗link in bio 🔝

🌱Углубленный курс по саморазвитию и Практической Эмпатии 3.0",
2026-01-19,25457,1122,59,46.18449,https://www.instagram.com/p/DTr1MNbjNn1/,"🧩 Консультирование и Психотерапия 🔗violamaro.com

🔥 Терапевтические Аудио Марафоны в записи
🎧 «Выход из позиции жертвы» 
🎧 «Жизнь без токсичных отношений, абьюза и манипуляций» 
🔗link in bio 🔝

🌱Углубленный курс по саморазвитию и Практической Эмпатии 3.0",
2026-02-02,10767,491,14,76.966667,https://www.instagram.com/p/DUQMEX-DPKV/,"Негативная призма восприятия мира, смазывает общую картину, превращая её в давящий и тревожный фон. К сожалению, мы чаще всего пассивно терпим давление этого негативного фона, постепенно теряя возможность отдыхать и расслабляться. 
Что с этим делать? 

🧩 Консультирование и Психотерапия 🔗violamaro.com

🔥 Терапевтические Аудио Марафоны в записи
🎧 «Выход из позиции жертвы» 
🎧 «Жизнь без токсичных отношений, абьюза и манипуляций» 
🔗link in bio 🔝

🌱Углубленный курс по саморазвитию и Практической Эмпатии 3.0",
2026-02-02,16074,1261,60,161.562988,https://www.instagram.com/p/DUQva1ADB9Q/,"Для того чтобы не потерять себя в отношениях и вообще чувствовать себя спокойнее и сильнее, нужно научиться не раздавать себя и не сближаться с людьми слишком быстро и просто. Даже если очень хочется — мудрее и безопаснее удерживать нейтральную наблюдающую позицию. В противном случае вас могут с той же легкостью начать обесценивать, недооценивать или воспринимать как должное.

И вот 5 простых установок, которые вам могут в этом помочь:

1 Не настаивайте на разговоре, если партнер или оппонент его не поддерживает или молчит (даже если это манипуляция молчанием — не ведитесь и не настаивайте на коммуникации).

2 Не бегайте за людьми, не преследуйте цель «отношения или связь любой ценой» — вы всегда будете в проигрышной позиции.

3 Не объясняйте ваши жизненные стандарты, ваше мировоззрение, ваш ценностный кодекс в попытке установить или скорректировать отношения. Не сыпьте бисер... не раздавайте свои ценности тем, кто их не видит и не умеет ценить.

4 Даже если вам очень интересен человек (отношения с ним/с ней) или просто какая-то ситуация или возможность — не отвечайте сразу, не соглашайтесь сразу. Дайте вашим эмоциям продышаться и успокоиться, а в это время ваше сознание и разум проанализируют повестку.

5 Не раздавайте свою энергию всем подряд — это особо актуально для эмпатов. Ваша энергия не безгранична и дана вам не только для роста и развития, но и для здоровья, внутреннего покоя и создания поля своего благополучия, как финансового, так и ментального.

🧩 Консультирование и Психотерапия 🔗violamaro.com

🔥 Терапевтические Аудио Марафоны в записи
🎧 «Выход из позиции жертвы» 
🎧 «Жизнь без токсичных отношений, абьюза и манипуляций» 
🔗link in bio 🔝

🌱Углубленный курс по саморазвитию и Практической Эмпатии 3.0",
2026-02-03,10212,583,18,87.199997,https://www.instagram.com/p/DUSqUN9jFZX/,"Полюбить другого человека легко, приняв его недостатки, но вот полюбить себя со всеми своими слабостями и недостатками очень трудно. Однако именно с этого и надо начинать. Если вы ищете здоровые, позитивные и благополучные линии жизни, этого не избежать. Принять и полюбить себя — значит относиться к себе с пониманием. Не давить на себя, а прислушиваться, прощать, позволять себе отдых, воспитывать сердце и эмоции, развивать сознание, но без фанатизма и с любовью. Это путь, на котором есть и радость, и развитие, и отношения, и благополучие, и любовь.

 Консультирование и Психотерапия 🔗violamaro.com

🔥 Терапевтические Аудио Марафоны в записи
🎧 «Выход из позиции жертвы» 
🎧 «Жизнь без токсичных отношений, абьюза и манипуляций» 
🔗link in bio 🔝

🌱Углубленный курс по саморазвитию и Практической Эмпатии 3.0",
2026-02-04,8328,322,17,119.133331,https://www.instagram.com/p/DUVOag_jNqm/,"Да действительно, тревога и травма, которая её порождают, могут быть топливом для ваших достижений, результатов и даже привезти к впечатляющим успехам, но цена, которую вам придётся заплатить, будет непомерно высока: вы будете вынуждены бежатьбыстро, быстрее и ещё быстрее и подгонять вас будет внутренний страх. 
Потому что когда ваши результаты мотивированы тревогой, вы бежите не к чему-то, от чего-то… 
от одиночества, от бедности, от мыслей, от боли, от проблем и так далее
От чего бежите вы?

🧩 Консультирование и Психотерапия 🔗violamaro.com

🔥 Терапевтические Аудио Марафоны в записи
🎧 «Выход из позиции жертвы» 
🎧 «Жизнь без токсичных отношений, абьюза и манипуляций» 
🔗link in bio 🔝",
2026-02-05,22114,1485,60,177.93306,https://www.instagram.com/p/DUYuZWRjNwe/,"Почему нарциссы и манипуляторы выбирают эмпатов?

🎧Послушать небольшой подкаст, в котором я рассказываю 10 основных признаков эмпатии, которые вы можете проверить у себя - для этого переходите в телеграм канал t.me/emphaty3",
2026-02-07,77753,5031,278,100.818184,https://www.instagram.com/p/DUdruWcjLa2/,"«Может ли эмпат, уставший от жестоких людей, ожесточиться и превратиться в манипулятора или нарцисса?»

Эмпат может дойти до точки «ожесточения», но превратиться в манипулятора или нарцисса — нет, это просто противоречит его природе. Эмпат может разрешить себе мстить и не испытывать чувства вины, не жалеть абьюзера, а также быть честным в отношении манипуляций, не участвуя в этой игре.

Чтобы разобраться в этих особенностях эмпатии, вам может помочь небольшой подкаст, который я записала по этой теме:
🎁Прослушать подкаст можно в канале Практической Эмпатии t.me/emphaty3","Может ли эмпат, уставший от жестокости людей, манипуляторности, абьюзивных отношений, сам превратиться в нарцисса и манипулятора? Нет, не может. И не путайте понятия «тёмный эмпат». Это совсем другая история. Да, эмпат может дойти до точки ожесточения, но стать нарциссом и манипулятором никогда, потому что это противоречит его или же её внутренней природе. А что происходит, когда эмпат доходит до этой точки? Эмпат может разрешить себе мстить, дать обратный ответ, не изъедая себя сомнениями и чувством вины. Может разрешить себе больше не жалеть своего абьюзера, разрешить себе не прощать в этот раз и не входить больше ни в чьё положение. Эмпат может разрешить себе честность, видеть манипуляцию и в ней не участвовать. Эмпат, которого довели, становится жесточайшей, непоколебимой, непреклонной скалой с теми, кто сделал ему или ей больно. И знаете, мои дорогие, вам вовсе не нужно доводить себя до этого состояния. Эмпатия – это особенность вашей личности, которой нужно научиться проживать как с собой, так и с другими людьми. И сейчас по этой теме огромное количество информации, но, возможно, вам будут полезны небольшие подкасты по практической эмпатии, которые я записываю в своем канале. Если вам интересно, переходите по ссылочке."
2026-02-09,13733,987,47,153.784302,https://www.instagram.com/p/DUiwW0EjOce/,"Эмпаты, люди с повышенной чувствительностью, чувствуют себя чужими в мире, который понимает только язык цифр и охватов. Пока все вокруг строят личный бренд и твердят про «self-made», вы отчаянно ищете глубину.

Это главная ловушка эмпата: в эпоху поверхностных связей им становится невыносимо одиноко. Они пытаются достучаться до людей, а в итоге просто впитывают их тревогу, холод и разочарование. Без «эмоционального фильтра» вы превращаетесь в губку, которая впитывает чужой стресс, пока ваша собственная нервная система дает сбой. Апатия, депрессия и выгорание — это просто сигнал организма: «Я больше не могу переваривать этот мир».

Невозможно контролировать то, что происходит снаружи, но можно и нужно управлять своим внутренним ПОЛЕМ. Ваша эффективность, ваши результаты — финансовые, профессиональные и личностные — начинаются там, где вы выстроили внутреннюю опору.

Успешный эмпат сегодня — это не тот, кто «терпит и сопереживает», а тот, кто умеет питать свой внутренний мир и создавать зоны безопасности внутри себя. Только из состояния внутренней устойчивости вы сможете строить те самые глубокие связи, о которых мечтаете, не теряя при этом себя. Да, нужна смелость быть собой, смелость на одиночество, смелость быть другим, мыслить по-другому, любить по-другому, не ожидая при этом быть понятным.

Хотите превратить свою чувствительность в броню и свою силу? Это — Практическая Эмпатия. 

✅ Переходите в телеграм-канал, а там вы найдёте подкасты по этой теме и много полезной информации t.me/emphaty3",
2026-02-10,42134,3032,98,163.305481,https://www.instagram.com/p/DUlUJhlDDLY/,"5 вещей в человеческих отношения, которые ваша ПСИХИКА не простит никогда.

🧩 Консультирование и Психотерапия 🔗violamaro.com

🔥 Терапевтические Аудио Марафоны в записи
🎧 «Выход из позиции жертвы» 
🎧 «Жизнь без токсичных отношений, абьюза и манипуляций» 
🔗link in bio 🔝","Знаете, наша психика это очень серьёзная вещь. Есть то, что она не прощает никогда. И вот пять вещей в человеческих отношениях, которые, к сожалению, она не простит никогда. Во-первых, если человека бросили в беде, если к нему повернулись спиной в сложный момент его жизни, если произошло вот такое предательство в беде, вот эта психика не прощает никогда. Да, на словах можно простить, да, можно проявить милость, великодушие, но внутри, вот эти внутренние двери, они закрываются навсегда. Во-вторых, если в отношениях был обман, предательство, измена, после чего было разрушено доверие. Вот такая материя, как доверие, к сожалению, это самая хрупкая материя в отношениях, и она не подлежит восстановлению. В редчайших случаях доверие можно не восстановить, а нарастить заново, но лишь тогда, когда обе стороны, оба оппонента в отношениях согласны с этим процессом. В-третьих, если человека обесценивают, обнуляют его ценность, если ему или же ей постоянно говорят, что они никто, не нужны. Внутри таких людей их психика как бы поворачивается к спиной к своему обидчику. И после этого не просите у них понимания, сочувствия, не обивайте их порог. Их дверь для вас закрыта навсегда. В-четвертых, когда человек открывается, открывает душу, доверяет, и мы говорим не только у взрослых людей, но и о детях тоже. И вот если в этот момент открытости человеку делают больно, психика закрывается навсегда и тотально. происходит просто эмоциональное онемение, даже если речь идёт о родителях. При этом человек может остаться внимательным, близким, заботливым, но не ждите от них любви. И в-пятых, если человек любит, и его или же её партнёр, близкий человек, знает об этом, но при этом манипулирует, делает больно, пользуется вот этой внутренней открытостью человека, Это всё равно, что сделать больно ребёнку. Сердце сначала терпит, но потом не прощает. И в этом случае также психика закрывается навсегда. Психика – это очень хрупкая, при том, что невероятно сильная, но уязвимая материя. И поэтому относиться к ней нужно осознанно, уважительно и с пониманием. И вот здесь психология вам в помощь."
2026-02-11,10987,629,28,134.5,https://www.instagram.com/p/DUnHieQDOBD/,"Как ЭМПАТЫ попадают в токсичные и созависимые отношения?

Очень часто ЭМПАТЫ, буквально как партизаны «творят добро» в чужих жизнях, а затем удивляются почему их не то что не благодарят, но все их усилия не видят и не ценят. 
Проблема в том что эмпат довольствуется второстепенными ролями, потому что ему так спокойнее и безопаснее, но это ловушка ЭГО - за которую приходится очень дорого платить

✅ Открытый канал и подкастами по Практической Эмпатии t.me/emphaty3",
2026-02-12,9582,552,13,106.839333,https://www.instagram.com/p/DUqIu1fjNSO/,"Никогда не говорите про себя или о себе эти 5 фраз, потому что ваша психика вас слышит. Вы закладываете установки, которые определят ваше самовосприятие и сформируют провальные программы и сценарии. 

🧩 Консультирование и Психотерапия
https://violamaro.com/

🔥 Терапевтические Аудио Марафоны в записи
🎧 «Выход из позиции жертвы» 
🎧 «Жизнь без токсичных отношений, абьюза и манипуляций» 
https://violamaro.com/black-friday

🔥 Углубленный курс по саморазвитию и Практической Эмпатии 3.0 
https://t.me/emphaty3",
2026-02-23,8206,364,8,115.32,https://www.instagram.com/p/DVGroHuDCPx/,"Когда в паре вспыхивает открытая агрессия (не просто разговор на повышенных тонах, а именно столкновение), речь почти всегда идёт о борьбе за контроль.

Такие конфликты рождаются из чувства неопределённости. Когда один партнёр перестаёт понимать другого, он пытается через агрессию «захватить» его реакции, мнения или эмоции. Именно поэтому в таких спорах невозможно найти правых или прийти к консенсусу через аргументы — люди просто ходят по кругу, пытаясь подчинить волю другого.

Если в отношениях была или остаётся глубокая эмоциональная связь, то контроль — это яд, который её убивает. Чем сильнее вы стремитесь управлять партнёром, тем дальше он от вас отдаляется.

Природа близости — это тонкая реальность психики. Её нельзя свести к гормонам или импульсам мозга. Психика, особенно чужая, неподвластна контролю. Она как вода: с ней можно взаимодействовать, её можно понять, но при попытке «сжать» её — она лишь оказывает сопротивление.

Если вы чувствуете невозможность удержать или контролировать партнёра, осознайте: это вопрос вашей собственной тревоги. В этой точке нужно работать с собой, а не пытаться менять другого человека.

🧩 Консультирование и Психотерапия 🔗violamaro.com

🔥 Терапевтические Аудио Марафоны в записи
🎧 «Выход из позиции жертвы» 
🎧 «Жизнь без токсичных отношений, абьюза и манипуляций» 
🔗link in bio 🔝

🌱Углубленный курс по саморазвитию и Практической Эмпатии 3.0",
2026-02-24,9229,412,9,176.53334,https://www.instagram.com/p/DVJjggsDMCV/,"Как мышление «дефицита» разрушает вашу жизнь

📍Телеграмм канал по Практической Эмпатии
t.me/emphaty3

🧩 Консультирование и Психотерапия 🔗violamaro.com

🔥 Терапевтические Аудио Марафоны в записи
🎧 «Выход из позиции жертвы» 
🎧 «Жизнь без токсичных отношений, абьюза и манипуляций» 
🔗link in bio 🔝",
2026-03-03,423666,23535,1226,143.366669,https://www.instagram.com/p/DVbH7zqjGEh/,"Держитесь подальше от людей, которые с одной стороны вас не любят или вообще ненавидят, но при этом хотят быть рядом с вами. Это, наверное, самая опасная категория людей. Потому что вы им не нравитесь, они вас не поддерживают ни в горе, ни в радости, но не намерены уходить из вашей жизни; они отказываются оставлять вас в покое. 

А знаете почему? Потому что они хотят иметь постоянный доступ к тому, что вас касается, доступ к тому, чему они в тайне завидуют. Они изучают вас, ваш стиль, ваши действия для того, чтобы это скопировать. Они остаются рядом, чтобы посмотреть, когда же вы споткнётесь или упадёте. 

А если у вас всё в порядке, они будут наблюдать за вашим успехом, приговаривая: «Ну, это ненадолго». Это те самые токсичные люди, которые, как чёрные дыры, поглощают вашу энергию. Они задают вам вопросы не для того, чтобы чему-то научиться, а для того, чтобы вас сравнивать. 

Они улыбаются вам в лицо, но обсуждают вас за спиной. Помните, что настоящим друзьям абсолютно нет никакой необходимости находиться рядом с вами 24/7. Чаще всего они радуются вашим успехам издалека и всегда будут рядом, когда вы в этом нуждаетесь. 

А вот фальшивые друзья постоянно пытаются быть рядом; как липучки, они стараются держаться достаточно близко, чтобы наблюдать, но всегда недостаточно близко, чтобы протянуть руку и помочь. 

Вот таких людей нужно выявлять и буквально выкорчевывать из своего ближнего круга, выводить из своего поля. Потому что такие токсичные люди в вашем пространстве будут стоить вам гораздо дороже, чем любое одиночество.

🔥Телеграмм канал по Практической Эмпатии
t.me/emphaty3

🧩 Консультирование и Психотерапия 🔗violamaro.com

🔥 Терапевтические Аудио Марафоны в записи
🎧 «Выход из позиции жертвы» 
🎧 «Жизнь без токсичных отношений, абьюза и манипуляций» 
🔗link in bio 🔝","Держитесь подальше от людей, которые, с одной стороны, вас не любят, а порой вообще ненавидят, но при этом хотят быть рядом с вами. И вот это, наверное, самая опасная категория людей. Потому что, с одной стороны вы им не нравитесь, они вас не поддерживают ни в горе, ни в радости, но при этом они не намерены уходить из вашей жизни. Они отказываются оставлять вас в покое. А знаете, почему так происходит? Потому что они хотят иметь постоянный доступ к тому, что вас касается. Доступ к тому, чему они втайне завидуют. Они изучают вас, ваш стиль, ваши действия, ваши слова для того, чтобы потом это скопировать. И они остаются рядом для того, чтобы быть свидетелями, для того, чтобы посмотреть, когда же вы, наконец, потыкнётесь и упадёте. А если у вас всё в порядке, то они будут наблюдать за вашими успехами, приговаривая. Ну, это не навсегда. И вот это те самые токсичные люди, которые буквально как чёрные дыры поглощают вашу энергию. И когда они вами интересуются, когда задают вам вопросы, это не для того, чтобы чему-то научиться, а для того, чтобы вас сравнивать. Они улыбаются вам в лицо, но обговаривают вас за спиной. Помните, что настоящим друзьям нет вообще никакой необходимости оставаться рядом с вами постоянно в вашем пространстве 24 на 7. И чаще всего они радуются вашим успехам издалека, но они всегда будут рядом, когда вы в этом нуждаетесь. А вот фальшивые друзья, они всегда постоянно пытаются быть рядом, как липучки, пытаются держаться достаточно близко для того, чтобы наблюдать, но всегда недостаточно близко для того чтобы конкретно протянуть руку и помочь. И вот таких людей нужно не просто выявлять, а буквально выкорчевывать из своего ближнего окружения, из своего ближнего круга, потому что такие люди будут стоить вам гораздо дороже любого одиночества. Если вам нравится такая практическая психология, переходите в канал, там много полезной информации и терапевтических подкастов."
2026-03-04,21531,1363,44,142.366669,https://www.instagram.com/p/DVds4rbjEjh/,"Когда какой-то человек вас сильно разочаровывает, после боли и злости у вас появляется одно чувство — глупости: вы чувствуете себя дураком.

Да, вначале вы злитесь, но потом, оставаясь наедине с самим собой, вы смотрите в зеркало и говорите себе: «Какой же я дурак (или же дура)! Как я мог не увидеть этого раньше и не понять? Как я могла всему этому верить, и так долго? Где я ошибся?»

И в одно мгновение вся ваша уверенность разбивается — то, в чем вы были так уверены, причем не столько относительно других, сколько относительно самого себя. Все то, что, как вы думали, вы понимаете, видите, чувствуете.

И вот здесь перед вами есть два пути. Пойдя по первому, вы говорите себе: «Всё, я больше никогда не хочу через это проходить», — и вы закрываетесь.

Выбирая второй путь, вы даете себе время продышаться, вы вновь поднимаете голову, вы не отказываетесь от жизни. Вы говорите: «Нет, я не позволю этому опыту или этому человеку закрыть мою душу. Да, мое доверие было предано, этот человек предал меня, но это не разрушит мое внутреннее доверие: доверие к себе, доверие к жизни».

Потому что тот, кто по-настоящему отдает себя, раскрывает себя и свои ценности, разделяет их — эти самые ценности не могут быть потеряны или уничтожены. Они лишь должны сменить свою локацию: эти ценности должны быть возвращены обратно домой — в ваш внутренний мир, в ваше сердце.

🔥Телеграмм канал по Практической Эмпатии
t.me/emphaty3

🧩 Консультирование и Психотерапия 🔗violamaro.com

🔥 Терапевтические Аудио Марафоны в записи
🎧 «Выход из позиции жертвы» 
🎧 «Жизнь без токсичных отношений, абьюза и манипуляций» 
🔗link in bio 🔝",
2026-03-05,18759,1174,58,171.233337,https://www.instagram.com/p/DVgLZ-2jGFB/,"Самая болезненная манипуляция — это игнорирование, когда интересующий или значимый для вас человек отвечает вам безразличием и незаинтересованностью. Когда не отвечают на ваши сообщения, хотя это ничего не стоит; когда игнорируют вашу заботу или простые, естественные просьбы.

Такое молчание и отсутствие внимания давят на психику. Вы остаетесь в подвешенном состоянии ожидания, ничего не можете делать, ваши мысли — только об этом. Когда вы не получаете ответа, когда вас оставляют в состоянии неясности, ваша психика парализуется, и вы пытаетесь достучаться. Это манипуляция, так как именно так захватывают ваше внимание: вас привязывают к себе на уровне психики, а точнее — приковывают.

Вы попадаете в зависимость от внимания этого человека, ждете малейшего отклика, начинаете интерпретировать паузу и отсутствие. Начинаете искать проблему в себе и готовы на все, чтобы вернуть себе долгожданное внимание.

Но на самом деле, если вы хотите сохранить себя, свою психику и свой покой, вам не нужно стучаться в закрытые двери, не нужно унижаться и уж ни в коем случае нельзя принимать все на свой счет.

Как только вы почувствовали малейшие признаки игры, нужно максимально использовать это отсутствие и молчание для того, чтобы переключиться на себя или на другие дела. Ключ, который откроет стену безразличия, — это перестать настаивать и перестать стучаться в закрытую дверь. Помните: тот, кто использует манипуляцию игнорирования, всегда пытается повысить свою ценность таким извращенным образом. 
Это слабость, и вы не должны идти у них на поводу.

🔥Телеграмм канал по Практической Эмпатии
t.me/emphaty3

🧩 Консультирование и Психотерапия 🔗violamaro.com

🔥 Терапевтические Аудио Марафоны в записи
🎧 «Выход из позиции жертвы» 
🎧 «Жизнь без токсичных отношений, абьюза и манипуляций» 
🔗link in bio 🔝",
2026-03-06,13171,686,9,119.633331,https://www.instagram.com/p/DViPhuEDO8D/,"Самооценка и восприятие себя очень сильно зависят от того, на каком уровне развития находится личность человека.

Состояние человека в детской позиции крайне зависимо от успешности одного конкретного действия. Так же как ребёнок: прочитал стишок — он «хороший», сломал игрушку — он «плохой». Это зависимость от краткосрочных целей и чужого одобрения.

Состояние ребёнка — это инфантильный подход к жизни. Человек считает, что он является причиной всего, что происходит вокруг него. Так же как в детстве он считал, что папа с мамой ссорятся из-за него, или если родители злятся — в этом его вина. В детской позиции взрослый человек склонен обвинять себя, находясь в абьюзивных или манипулятивных отношениях.

Если же человек застрял в подростковой фазе, то его самооценка будет сильно завязана на коллективе. Такой человек будет чрезмерно ориентироваться на мнение окружающих и зависеть от него.

Человек во взрослой позиции со здоровой самооценкой оценивает себя реалистично. Он опирается на свою внутреннюю шкалу ценностей, на свои навыки, чувства и опыт. Взрослая позиция является наиболее безопасной, здоровой и успешной. Ее можно и нужно формировать, и вот в этом психотерапия. вам в помощь!

🧩 Консультирование и Психотерапия 🔗violamaro.com

🔥 Терапевтические Аудио Марафоны в записи
🎧 «Выход из позиции жертвы» 
🎧 «Жизнь без токсичных отношений, абьюза и манипуляций» 
🔗link in bio 🔝",
2026-03-06,16147,728,47,139.266663,https://www.instagram.com/p/DVjSyqrjNPh/,"Если вы встретили человека с избегающим типом привязанности и пытаетесь выстроить с ним отношения, помните: когда он начинает пропадать, сомневаться или постоянно проявлять нерешительность, он бежит не от вас. Он бежит от того, что может испытать рядом с вами.

Ни в коем случае не принимайте такое поведение на свой счёт. Что бы этот человек ни говорил — а оправданий он может найти массу, и все они будут звучать красиво, но не соответствовать действительности («Я не хочу причинить тебе боль», «Я не готов», «Я не хочу усложнять нам жизнь»), — на самом деле такие люди бегут не от боли, которую могут причинить себе или вам. Они бегут от сильных чувств, от возможности испытать глубокие эмоции.

Они чувствуют: если продолжат проживать эти отношения, продолжат вашу историю, то могут просто потеряться. У них есть страх утратить контроль и быть поглощенными чувствами. Они боятся оказаться беспомощными, в ловушке чего-то, чем не могут управлять.

Поэтому, когда в отношениях такой человек начинает чувствовать что-то глубокое и настоящее, он начинает «вываливаться» из них. Он не исчезает полностью, но словно отстраняется, как будто на каком-то этапе замораживает чувства и отношения. Чаще всего он находит какое-то банальное объяснение, чтобы держать дистанцию. Ведь главный страх человека с избегающим типом привязанности не в том, что он потеряет того, кого любит, а в том, что он потеряет самого себя в этом человеке.

🧩 Консультирование и Психотерапия 🔗violamaro.com

🔥 Терапевтические Аудио Марафоны в записи
🎧 «Выход из позиции жертвы» 
🎧 «Жизнь без токсичных отношений, абьюза и манипуляций» 
🔗link in bio 🔝",
2026-03-08,8492,403,14,228.633331,https://www.instagram.com/p/DVoZlZJDGno/,"Эмпатия — это открытый парадокс. С одной стороны, это дар, способность видеть суть вещей и людей. С другой — тяжелая инертность, склонность к депрессии, риск потерять себя в чужих эмоциях.

Часто эмпаты годами не могут найти свое призвание, потому что их собственное «я» размыто в поле окружающих.

В программе «Эмпатия 3.0 — работа с ПОЛЕМ: Терапия и Трансформация» я объединила все знания, которые проектировала сама, опираясь на свой путь и опыт моих клиентов. Это дорожная карта — не просто обучение, а глубокая терапия.

Мы ищем вашу отправную точку стабильности — ваш уникальный жизненный проект. С него начинается всё: и опоры, и энергия, и сила, и покой. Именно в этом зерне скрыты координаты вашего счастья. Я научу вас самостоятельно развязывать эмоциональные узлы прошлого и выходить из сценариев детских травм, которые годами держали вашу энергию в заложниках.

Затем мы перейдем к принципам работы с Полем. 
Вы научитесь понимать, где ваше, а где чужое, и как интерпретировать образы интуиции, эмпатии и сновидений. Поймете, как блокировать негатив и быть открытыми позитивной информации.

Также вы изучите универсальные циклы развития человека (биологические и психические семилетние циклы). Это даст возможность оперативно решать жизненные кризисы, выйти из координат преждевременного старения и настроить свой путь на рост благополучия и радость в отношениях.

Моя миссия простая: научить вас жить свою единственную жизнь и не терять себя в ней. Чтобы ваша «хрупкость» превратилась в несокрушимый жизненный стержень. Чтобы вы могли строить бизнес и отношения без стресса и выгорания, делая ставку на себя.

Нас ждут 2 месяца работы: 12 лекций и чат со мной. Конвертируйте свою глубину в реальные результаты: здоровье, деньги и успех.

📍Стартуем 30 марта.
Info in bio 🔝",
2026-03-10,7691,406,14,150.600006,https://www.instagram.com/p/DVs5cqSDJ_a/,"Когда человек живёт осознанно, его тело реже входит в режим «бей или беги». Это значит, что кортизол — гормон стресса — не «фонит» постоянно в крови. А ведь именно он разрушает коллаген и ускоряет старение клеток.

Человек, который занимается саморазвитием, буквально светится изнутри — не благодаря косметике, а за счёт внутренней химии покоя. Когда мы умеем отслеживать свои эмоции, мы не застреваем в гневе и обидах. Эти состояния буквально отравляют тело. 
Осознанный человек отпускает их быстрее, поэтому у него, как правило, нет проблем со сном и ЖКТ.

Учёные обнаружили, что у практикующих осознанность уровень теломеразы — фермента, отвечающего за защиту ДНК, — выше на 30%. Это значит, что клетки стареют медленнее: тело живёт в состоянии естественной регенерации, а не износа.

И самое важное: у осознанных людей иное отношение ко времени. Они живут не в спешке, а в присутствии. Время, прожитое осознанно, не оставляет следов на лице, ведь преждевременное старение начинается с внутреннего напряжения.
Возможно, вечная молодость начинается с одного навыка — умения быть здесь и сейчас?

Простые и необходимые алгоритмы осознанности мы будем изучать на курсе «Эмпатия 3.0 - работа с Полем». 
Стартуем в конце марта. Не пропустите!

🔥Углубленный курс по саморазвитию и Практической Эмпатии 3.0 - работа с Полем
Info in bio 🔝

🔥Телеграмм канал по Практической Эмпатии
t.me/emphaty3",
2026-03-10,15513,692,30,71.366669,https://www.instagram.com/p/DVtXmmRDOt6/,"Будьте очень внимательны к разным предсказаниям, прогнозам, раскладам и т. д. Так как если вы доверяете человеку — гадалке, предсказателю и т. д., — все сказанное вы подсознательно воспримете как установку, и это может стать вашей новой программой! Причем до этого ее и не было вовсе.

Но факты вашей жизни выстраивают в смысловую линию и прописывают другую. Проблема в том, что это происходит на уровне подсознания: как только вы услышали предсказание, расклад или прогноз, вы будете вынуждены унести его с собой, и он будет фокусировать ваше внимание и мышление на своих координатах. Предсказание будет сбываться не потому, что это судьба, а потому, что кто-то другой перенастроил ваш внутренний компас.

🔥Углубленный курс по саморазвитию и Практической Эмпатии 3.0 - работа с Полем
Info in bio 🔝

🔥Телеграмм канал по Практической Эмпатии
t.me/emphaty3

🧩 Консультирование и Психотерапия
https://violamaro.com/

📍 Терапевтические Аудио Марафоны в записи
🎧 «Выход из позиции жертвы» 
🎧 «Жизнь без токсичных отношений, абьюза и манипуляций» 
https://violamaro.com/audio-therapy",
2026-03-11,27317,1569,58,92.966667,https://www.instagram.com/p/DVvGL3aDB1m/,"Никогда не выражайте себя под давлением, когда из вас хотят буквально выдавить вашу точку зрения, вашу правду, вашу информацию. И вы из-за вежливости, из-за лояльности, из-за того, что вам как будто нечего скрывать, пытаетесь открывать рот и говорить, притом что внутри чувствуете огромное сопротивление.

Никогда не выражайте себя под давлением — возьмите паузу. Напомните себе, что вы никому ничего не должны объяснять, если вам некомфортно или вы этого не хотите.

Если человек ставит вас своими вопросами в позицию, где вы должны оправдываться, это не потребность понять — это потребность подавить, подчинить или же манипулировать.

И еще помните, что вы не обязаны обсуждать или оправдывать мотивы ваших действий. И последнее: никогда не извиняйтесь, чтобы успокоить ситуацию или деэскалировать возможный конфликт. Такие извинения всегда будут признанием несуществующей вины — вас к этому подводят, и это манипуляция.

🔥Углубленный курс по саморазвитию и Практической Эмпатии 3.0 - работа с Полем
https://violamaro.com/practiheskaya_empatia10

🔥Телеграмм канал по Практической Эмпатии
t.me/emphaty3

🧩 Консультирование и Психотерапия
https://violamaro.com/

📍 Терапевтические Аудио Марафоны в записи
🎧 «Выход из позиции жертвы» 
🎧 «Жизнь без токсичных отношений, абьюза и манипуляций» 
https://violamaro.com/audio-therapy","Помните, никогда не выражайте себя под давлением, когда из вас буквально хотят выдавить ваше мнение, ваше признание, вашу правду, и вы как бы из вежливости, из лояльности, потому что вам нечего скрывать, буквально заставляете себя открывать рот и говорить, при том, что внутри чувствуете огромное сопротивление. Никогда не выражайте себя под таким давлением. Что нужно сделать? Возьмите паузу. Напомните себе, что вы никому и ничего не должны объяснять, если вы этого не хотите или же чувствуете себя некомфортно. И если человек своими словами, своими вопросами ставит вас в позицию, где вы должны как бы защищать себя или же оправдываться, это не желание вас понять. Это потребность вас подавить, подчинить, возможно, унизить или же манипулировать. И ещё помните, что вы ни с кем не обязаны обсуждать мотивы ваших действий. И последнее. Никогда не извиняйтесь, чтобы успокоить ситуацию или же доэскалировать возможный конфликт. Потому что такие извинения всегда будут признанием вашей несуществующей вины. Вас к этому подводят, и это манипуляция. Не забывайте эти простые установки и берегите себя."
2026-03-11,11050,494,17,167.633331,https://www.instagram.com/p/DVv4ZHCDNQI/,"Почему вас тянет к «холодным» людям?
Люди с избегающим типом привязанности часто кажутся загадочными и глубокими. Но отношения с ними — это всегда «игра в одни ворота», где вы в одиночку боретесь за близость и идете на уступки.
С чего начать терапию, если вы устали догонять?
• Осознание сценария. Важно признать: вас притягивают те, кому вы не нужны. Обычно это корень из детства, где ребенка игнорировали, а эмоциональная близость отсутствовала.
• Поиск причин. Не получив опоры от родителей, ребенок привыкает завоевывать внимание. Во взрослом возрасте этот алгоритм превращает любовь в бег с препятствиями ради доказательства своей ценности.
• Подсознательный выбор. Мы выбираем «избегающих», чтобы закрыть старый дефицит и наконец получить подтверждение своей важности от того, кто его не дает.
Цель терапии — на глубинном уровне отключить эту программу. Перестать доказывать через других людей свою значимость и безусловное право на любовь.

🧩 Консультирование и Психотерапия
https://violamaro.com/

📍 Терапевтические Аудио Марафоны в записи
🎧 «Выход из позиции жертвы» 
🎧 «Жизнь без токсичных отношений, абьюза и манипуляций» 
https://violamaro.com/audio-therapy

🔥Углубленный курс по саморазвитию и Практической Эмпатии 3.0 - работа с Полем
https://violamaro.com/practiheskaya_empatia10

🔥Телеграмм канал по Практической Эмпатии
t.me/emphaty3",
2026-03-12,7937,355,9,50.066666,https://www.instagram.com/p/DVyAurljJe8/,"🔥Углубленный курс по саморазвитию и Практической Эмпатии 3.0 - работа с Полем
violamaro.com

🧩 Консультирование и Психотерапия
violamaro.com",
2026-03-13,10182,428,16,109.433334,https://www.instagram.com/p/DV0UEsajIZw/,"Самый вредный паттерн, который сидит в нашей психике и срабатывает на подсознательном уровне, — это паттерн сравнения. Мы постоянно сравниваем себя с другими, и от этой привычки очень сложно избавиться, если вообще возможно.

Но то, от чего мы не можем избавиться, мы, по крайней мере, можем изменить и заставить работать на нас. Вместо того чтобы сравнивать свои внешние качества с фигурой, одеждой, манерой держаться или говорить другого человека, сравнивайте себя по состоянию комфорта.

Насколько вам комфортно? Если вы будете фокусироваться на своем комфорте — на том, насколько вы «в своей тарелке», насколько расслаблены и спокойны, — и именно эту установку поставите во главу угла, паттерн сравнения начнет работать на вас.

С чего начать?

С тела: замедлитесь физически.

Двигайтесь медленнее: особенно когда вы находитесь в комнате с другими людьми.

Фокусируйтесь на себе: выбирайте наиболее комфортное положение, место или аргумент для беседы.

Это поможет экологично переключить фокус внимания на себя. Попробуйте замедлиться хотя бы на неделю, и вы однозначно заметите положительные изменения в своем состоянии, в том как вы себя чувствуете и насколько вы уверенны в себе.

🔥Углубленный курс по саморазвитию и Практической Эмпатии 3.0 - работа с Полем - violamaro.com
Info in bio 

🧩 Консультирование и Психотерапия
violamaro.com",
2026-03-13,7938,300,7,57.866665,https://www.instagram.com/p/DV0sXu9DF_N/,"🔥Углубленный курс по саморазвитию и Практической Эмпатии 3.0 - работа с Полем
violamaro.com

🧩 Консультирование и Психотерапия
violamaro.com

📍 Терапевтические Аудио Марафоны в записи
🎧 «Выход из позиции жертвы» 
🎧 «Жизнь без токсичных отношений, абьюза и манипуляций» 
https://violamaro.com/audio-therapy",
2026-03-14,17721,1331,49,104.466667,https://www.instagram.com/p/DV28PP1DMCU/,"Три типа людей, которые облегчают вашу жизнь и которых нужно безусловно держать в ближнем круге:

💫 Первый тип — люди, с которыми вы чувствуете себя «как дома». В их присутствии вам не нужно притворяться и пытаться быть кем-то другим. С ними вы можете спокойно быть усталым, неумытым, в беспорядке, со спутанными мыслями, неуверенным в себе, в «пижамном варианте». Такие люди выбирают вас и стоят на вашей стороне даже в самые худшие моменты вашей жизни.

💫 Второй тип людей в вашей жизни — «как часы». Это те, кто всегда отвечает на звонки и приезжает в трудную минуту. Вы для них в приоритете. Причем вы можете быть в совершенно разных статусах: друг, партнер, коллега, ребенок или родитель — это не имеет значения, важен сам факт «вы в приоритете».

💫 Третий тип — «компульсивные оптимисты». Это люди-солнышки, они постоянно на позитивной волне, вплоть до того, что могут даже раздражать своим оптимизмом. Это те самые люди, для которых стакан всегда наполовину полон, даже когда в нем остались последние капли. Но именно они обладают уникальной способностью заставить вас увидеть мельчайший лучик света в ваши самые темные дни.

Если  В вашей жизни есть такие люди цените их, потому что они настоящие сокровище. А нет, то, возможно, такой человек — именно вы и тогда я вас поздравляю! 
Как же хорошо что вы есть!

💫 Углубленный курс по саморазвитию и Практической Эмпатии 3.0 - работа с Полем
Info in bio 🔝",
2026-03-15,10938,570,27,139.620132,https://www.instagram.com/p/DV5hKcuDK61/,"🔥Углубленный курс по саморазвитию и Практической Эмпатии 3.0 - работа с Полем
violamaro.com
info in bio🔝

🧩 Консультирование и Психотерапия
violamaro.com",
2026-03-16,29857,1344,77,57.900002,https://www.instagram.com/p/DV8bU9FjEX5/,"🔥Углубленный курс по саморазвитию и Практической Эмпатии 3.0 - работа с Полем
violamaro.com

🧩 Консультирование и Психотерапия
violamaro.com",
2026-03-16,14297,878,52,105.900002,https://www.instagram.com/p/DV9CqfsjFxt/,"Вы когда-нибудь чувствовали, что из вас буквально вытягивают реакцию? Что вас втягивают в чужой сценарий, где вам заранее отведена роль проигравшего или оправдывающегося?

Для эмпата это самая опасная ловушка. Ваша открытость и желание быть понятым становятся оружием в руках манипулятора. Но у вас есть секретный инструмент, который меняет правила игры.

Молчание — это не слабость. Это выход из чужого спектакля.
Когда вас провоцируют, цель агрессора — не понять вас, а ваша энергия. Выбирая тишину, вы не «терпите» — вы просто выключаете звук в его микрофоне.

Тот, кто жаждет быть правым любой ценой, ждет ваших слов, чтобы использовать их против вас.

Ваша пауза — это отказ играть чужими картами.

Промолчать — значит элегантно выйти из удара, сохранив свой ресурс нетронутым.

Две грани тишины в «Поле Эмпатии»
На курсе мы учимся различать эти состояния. Молчание эмпата может быть двух видов:

Защитное: Это ваше окончательное отсутствие в чужой манипулятивной игре. Вы просто перестаете существовать для этого сценария.

Созидательное: Это глубокое присутствие. Когда вы сонастраиваетесь с человеком и формируете единое Поле, где слова не нужны.

Проблема эмпатов в том, что они часто путают эти состояния: защищаются там, где нужно слушать, и пытаются «услышать» тех, от кого нужно закрыться глухим молчанием.

Хотите научиться управлять своим внутренним компасом?
На курсе «Практическая Эмпатия 3.0» мы не просто говорим о чувствах. Мы осваиваем «правила дорожного движения» в мире людей и энергий. Вы научитесь:
✅ Распознавать манипуляцию до того, как она вас ранит.
✅ Использовать тишину как мощный инструмент влияния.
✅ Выстраивать защиту так, чтобы ваша хрупкость превратилась в атомную силу.

Перестаньте выживать в чужих спектаклях. Начните жить по своим правилам.

🔥 Углубленный курс по саморазвитию и Практической Эмпатии 3.0 — работа с Полем:
Info in bio 🔗 violamaro.com",
2026-03-17,5500,176,13,91.833336,https://www.instagram.com/p/DV-mjGuDH0f/,"🔥Углубленный курс по саморазвитию и Практической Эмпатии 3.0 - работа с Полем
Info in bio 🔝

🧩 Консультирование и Психотерапия
violamaro.com",
2026-03-17,12638,730,21,138.833328,https://www.instagram.com/p/DV_T7yYDDMH/,"Ваша жизнь превратилась в «день сурка», хотя внешне всё идеально?

Вам 30, 40 или 50. Дети растут, работа стабильна, в отношениях штиль. Казалось бы, живи и радуйся. Но именно в этот момент включается самый коварный механизм — преждевременное психологическое старение.

Это состояние, когда драйв исчезает, а на его место приходят инертность и фоновая апатия. Вы вроде бы идете вперед, но на самом деле стоите в очереди за старостью. Чтобы перезапустить систему и вернуть жизни вкус, качественный и количественный рост, вам нужна стратегия «5+1».

5 опор для вашего личного ренессанса:

Хобби для денег: Оцифруйте свой опыт. ИИ, публичные выступления или крафтовое дело — это не только доход, это признание вашей актуальности в меняющемся мире.

Хобби для тонуса: Тело — это батарейка для мозга. Если нет физического ресурса, никакие идеи не «взлетят». Найдите свой способ давать мозгу энергию через движение.

Хобби для креатива: Перестаньте только потреблять контент. Начните созидать. Творчество — это единственный способ обмануть время и остаться молодым.

Хобби для знаний (Lifelong Learning): Мозг стареет, когда перестает учиться. Языки или новые навыки — это новые нейронные связи, ваша страховка от ментальной стагнации.

Хобби для спокойствия: Ваша личная «тихая гавань». Место, где вы очищаете мысли от шума и восстанавливаете целостность.

И +1 — Главный элемент системы:
Можно иметь все пять хобби, но продолжать сливать энергию в пустые конфликты, чужие манипуляции и внутренние дефициты.

Курс «Практическая Эмпатия 3.0» — это не про теорию чувств. Это про ваш Эмоциональный Интеллект на стероидах. Это навык видеть мир и людей насквозь, выстраивать непробиваемый баланс в отношениях и больше никогда не отдавать свои ресурсы манипуляторам.
Это инвестиция, которая окупается мгновенно: вы экономите годы жизни, километры нервов и сохраняете самое дорогое — свое здоровье.

Не ждите, пока стагнация станет окончательным приговором. Начните чувствовать жизнь на полной мощности.

🚀 Занять свое место в последнем потоке: 
🔗 https://violamaro.com/practiheskaya_empatia10
  info in bio 🔝",
2026-03-18,13208,826,48,179.100006,https://www.instagram.com/p/DWBXRGajA3W/,"Как дать отпор манипулятору в 3 шага!? 

🔥Углубленный курс по саморазвитию и Практической Эмпатии 3.0 - работа с Полем
violamaro.com
Info in bio 🔝

🧩 Консультирование и Психотерапия
violamaro.com

📍 Терапевтические Аудио Марафоны в записи
🎧 «Выход из позиции жертвы» 
🎧 «Жизнь без токсичных отношений, абьюза и манипуляций» 
https://violamaro.com/audio-therapy",
2026-03-19,10193,635,26,149.199997,https://www.instagram.com/p/DWENwZljEGL/,"Ваша ценность не требует доказательств

Настоящее принятие себя рождается в тот момент, когда вы осознаёте свою ценность вне ваших результатов. Без списка достижений, без умозрительной доказательной базы и без необходимости кого-то обслуживать или приносить пользу.

Именно это осознание делает вас несгибаемыми в моменты любых кризисов — будь то развод, финансовый коллапс или потеря ориентиров. Для людей с высокой эмпатией это жизненно важно. Именно они чаще всего попадают в созависимые отношения, из которых выходят с разбитой самооценкой и полным непониманием, кто они есть на самом деле.
Ваша ценность не должна зависеть ни от кого, кроме вашего собственного внутреннего сознания. Только выстроив эту автономную опору, вы перестанете бояться эмоциональной зависимости. Вы обретаете свободу выбирать людей и отношения не из дефицита, а из состояния наполненности и самодостаточности

Построение этой платформы — не случайный процесс, а последовательная работа. Именно эти три формы внутренних основ мы будем глубоко формировать и буквально «прописывать» в вашем сознании на курсе по практической эмпатии.

Стартуем 30 марта! Не пропустите))

🔥Углубленный курс по саморазвитию и Практической Эмпатии 3.0 - работа с Полем
https://violamaro.com

Info in bio 🔝",
2026-03-20,14495,816,16,158.766663,https://www.instagram.com/p/DWHijbajNrh/,"Самый дефицитный ресурс эмпата — не его чувства, а его время. Но именно его мы сливаем первым, путая сопереживание с обслуживанием чужих травм.

Попадая в ловушку эмоциональных качелей и созависимых отношений, эмпат направляет свою «атомную силу» не на созидание, а на обслуживание чужих дефицитов.

Посмотрите на факты без фильтров:

📍Пока вы месяцами «разгадываете» мотивы токсичного партнера — другие строят карьеру.

📍Пока вы лечите чужие травмы и оправдываете чужую агрессию — другие масштабируют бизнес и реализуют свои мечты.

📍Пока вы восстанавливаетесь после очередной эмоциональной бури — мир уходит далеко вперёд.

Хватит инвестировать в пустоту.

На курсе «Практическая Эмпатия 3.0» мы учимся правилам дорожного движения в мире людей. Мы перенастраиваем ваш фокус с чужих драм на вашу собственную жизнь.

🔥 Последний поток. Старт 30 марта. Осталось 9 мест.
Ваша реализация начинается там, где заканчиваются чужие качели.

🔗 info in bio",
2026-03-21,12022,754,37,172.133331,https://www.instagram.com/p/DWKBWwujG29/,"Почему эмпаты устают не от жизни, а от людей? 🌪️
Часто на эмпатов накатывает странная тяжесть. Это не обычная усталость, а состояние после общения с конкретным человеком. Внезапная тревога, опустошение, желание «умыться»... Вы начинаете думать: «Что со мной не так?».

Главная ловушка эмпата — не чувствительность, а неумение расшифровать свои ощущения. Когда вы чувствуете чужую боль или агрессию, но не понимаете, откуда она взялась, вы автоматически принимаете её за свою. Ваше тело знает правду раньше, чем разум успевает её осознать. Нервная система сканирует пространство: «Безопасно ли здесь?».

Как распознать «чужое» в своём поле:
Разрыв шаблона. Человек безупречно вежлив, но вы чувствуете холод. Улыбка есть, а тепла нет. Это не паранойя — это считывание реального поля человека.

Телесные образы. Ощущение липкости, тумана, «воронок», которые вытягивают силы, или невидимой клетки, в которой трудно дышать.

Внезапные эмоции. Резкий приступ стыда, вины или раздражения «из ниоткуда» в присутствии другого.

Это называется эмпатическим слиянием. Вы буквально поглощаете чужое состояние, становясь беззащитным перед скрытыми манипуляциями или чужим опустошением.

✨ Первый шаг к защите — распознавание.
Когда вы понимаете: «Это не моё, это — резонанс», вы перестаете тонуть в чужих штормах и наконец начинаете чувствовать себя.

На этой неделе мы идем в глубину: учимся настраивать свое поле и перестаем брать на себя лишнее.

🚀 С 30 мая стартует курс «Практическая Эмпатия и Работа с Полем». Ваша чувствительность — это сила, если уметь ею управлять.

🔗 Ссылка на регистрацию — в описании профиля.",
2026-03-23,7550,266,9,150.399994,https://www.instagram.com/p/DWOse05DJ3E/,"Из-за того что эмпаты подменяют реальное взаимодействие ожиданием «идеального понимания», реального человека ожиданием «идеального партнера», они сталкиваются с двумя разрушительными сценариями:

 📍Тотальное одиночество: проще закрыться от мира и объявить его слишком грубым, чем признать свою неспособность выстраивать границы. Изоляция становится единственным способом избежать постоянного раздражения, но она же превращает жизнь в вакуум.
 
📍Нереальные требования к партнеру: в отношениях эмпат часто ждет, что близкий человек должен обладать такой же «сверхпроводимостью». Требования становятся настолько завышенными, что ни один живой человек не может им соответствовать. В итоге — либо череда разочарований, либо поиск мифического «идеального партнера», который поймет всё без слов.

Вместо того чтобы учиться коммуникации, многие выбирают страдать от одиночества, оправдывая это своей «особой глубиной». Однако такая позиция часто скрывает нежелание признать, что отношения — это работа с реальностью, а не ожидание того, что мир подстроится под ваши интуитивные капризы.

Если вы не хотите, чтобы этот механизм психологической защиты в конечном итоге привел вас к закономерному финалу — добровольной изоляции, приходите на курс по практической эмпатии, чтобы найти баланс и гармонию во взаимоотношениях с людьми и с миром.
🚀Стартуем через неделю - info in bio 🔝
https://violamaro.com",
2026-03-24,13225,850,26,141.152649,https://www.instagram.com/p/DWRZoy7jHdH/,"Вы замечали: пока вы на подъеме — всё складывается. Встречи проходят успешно, дела решаются, энергия бьет ключом. Но стоит вам перехватить чью-то тревогу — и жизнь начинает сыпаться. Техника ломается, люди подводят, планы рушатся. Вы будто скользите вниз по ледяной горке.
В такие моменты управление вашим состоянием оказывается в руках окружающих. Паника вокруг — паника внутри.
Но есть люди, рядом с которыми становится легче. Просто от их присутствия. И дело не в правильных словах, а в том, что они сохраняют устойчивость. Они держат поле.
Пока вы, как эмпат, впитываете всё вокруг — страхи партнера, тревогу коллеги, депрессивный фон новостной ленты — вы работаете как усилитель чужого шума. Вы ретранслируете чужие эмоции, которые вам не принадлежат, превращаясь в антенну без фильтра. В итоге большая часть вашего ресурса уходит на постоянное восстановление сил и попытки выбраться из подавленного состояния, в которое вы провалились с чужой помощью.
На самом деле ваш самый ценный актив — это стабильное состояние. В мире, где всё шатко, именно внутренняя стабильность становится главной силой. Это важнее денег или связей.
Человек, который умеет владеть собой, управляет и пространством вокруг. К нему тянутся, ему доверяют, с ним хотят быть рядом.
Если вы хотите научиться управлять своей эмпатией, а не позволять ей распоряжаться вашей жизнью, приглашаю вас на курс по Практической Эмпатии 3.0 — работа с Полем
🚀 Старт 30 марта - info in bio 🔝",
2026-03-25,8053,511,17,162.631104,https://www.instagram.com/p/DWUk3TlDBGT/,"Возникновение психологической травмы во вовсе не зависит от силы удара физического или эмоционального, не зависит от того сколько у вас осталось ран на теле или же на каких-то тонах голоса на вас кричат. 

Все зависит от во-первых от того кто наносит этот удар и во-вторых от уровня вашего внутреннего доверия, открытости и вашей беззащитности в момент принятия этого удара. 

Нас не может ранить случайный прохожий. Настоящая травма случается там, где мы были беззащитны и открыты: со стороны родителей, партнеров или близких друзей. Если боль причинил тот, кто должен был быть опорой, кто должен был защищать, внутри формируется «травмирующий эмоциональный узел».

Почему это важно осознать?
Эмоциональные плотины: Старые обиды не исчезают со временем, они превращаются в пассивный негативный заряд в вашем «архиве воспоминаний», блокируя приток жизненных сил.

Искажение реальности: Травма от родителей создает чувство небезопасности мира. Предательство близких — убеждение, что любые отношения опасны.

Жизнь на ручнике: Пока эти узлы не развязаны, вы не живете в настоящем, а бесконечно защищаетесь от прошлого, что мешает строить карьеру и искреннюю близость.

На курсе «Практическая эмпатия» мы учи",
2026-03-27,12447,879,34,219.766663,https://www.instagram.com/p/DWY_gExDKPD/,"Воин справедливости или заложник прошлого? 🛡️
Эмпат не может оставаться равнодушным перед фактом несправедливости. Когда он видит её, он не просто остро это чувствует, а буквально вскипает изнутри. Возникает моментальная реакция — даже если он не проявляет её внешне, ситуация продолжает крутиться в голове часами, лишая сна и высасывая последние соки. Эмпат проживает чужую боль всем телом, полностью теряя покой.

Многие называют это «высокой чувствительностью» и обостренным моральным компасом. Но у этой медали есть обратная, очень болезненная сторона.

Откуда берется эта сверхчувствительность?
За такой острой реакцией часто стоит личный архив памяти. В жизни эмпата (обычно в детстве) были моменты, когда он сам оказывался беззащитен перед лицом превосходящей силы. Чтобы выжить, ему пришлось замолчать, прогнуться и проглотить эту боль. В тот момент никто не пришел на помощь, и он остался один на один с плитой бессилия.

Именно это беспомощное одиночество прошлого делает эмпата гиперчувствительным к любой несправедливости сегодня. Он подсознательно становится защитником для других, потому что на своем опыте знает, как это — когда некому заступиться.

На курсе «Практическая эмпатия: Р�",
2026-04-01,11421,630,18,79.666664,https://www.instagram.com/p/DWllqY1DDg2/,"Когда человек разочаровывается в чем-то или в ком-то, во что он так искренне верил, это оставляет не просто глубокий внутренний след, но и меняет саму его личность.
Почему так происходит? Дело в том, что при установлении глубокой эмоциональной связи с объектом веры мы вкладываем в него часть себя. И когда мы теряем эту связь или лишаемся ее, частица нашей собственной личности навсегда застревает в этом опыте.
Слишком сильная вера в то, что в итоге принесло разочарование, меняет человека, ведь он отдал этому часть себя, которую уже никогда не сможет вернуть полностью

Как снизить риск разочарования в людях?

🧩 Консультирование и Психотерапия
violamaro.com

📍 Терапевтические Аудио Марафоны в записи
🎧 «Выход из позиции жертвы» 
🎧 «Жизнь без токсичных отношений, абьюза и манипуляций» 
🔗info in bio 🔝",
2026-04-02,16592,1479,69,102.76667,https://www.instagram.com/p/DWn1tGDjHA-/,"Маленький совет от вашего психолога: избавьтесь от ожиданий, что у всех должно быть такое же сердце, как у вас. Не все думают как вы; не для всех внимание и забота о нуждах ближнего так же важны и находятся в том же приоритете, что и для вас.

И тот факт, что вы готовы сделать очень многое для близких или важных для вас людей, вовсе не означает, что они готовы на то же самое ради вас.

Это вовсе не означает, что вам нужно что-то менять, что это ваша ошибка, «непроработка» или проблема. Это означает лишь то, что люди могут быть другими. И если вы по-настоящему начнёте принимать этот факт, действительно осознаете, что другие люди — они по-настоящему другие, они не могут и не обязаны быть такими, как вы, — тогда это осознание невероятно облегчит вам жизнь и поможет не принимать всё так глубоко на свой счёт, как вы делали до этого момента.

Начните больше заботиться о сохранении вашей внутренней энергии, почаще напоминайте себе о том, что не все проблемы мира должны вас касаться и не все они требуют вашего детального внимания, понимания и разбора.

🧩 Консультирование и Психотерапия
violamaro.com

📍 Терапевтические Аудио Марафоны в записи
🎧 «Выход из позиции жертвы» 
🎧 «Жизнь без токсичных отношений, абьюза �",
2026-05-24,22626,1471,48,120,https://www.instagram.com/p/DYuPs-dMin1/,"Свобода от чужих реакций, слов и оценок — это, пожалуй, главный шаг к подлинному внутреннему спокойствию.

Речь идет вовсе не о том, чтобы выстроить вокруг себя глухую каменную стену или, напротив, стать бесконечно понимающими и всепрощающими. Истинная устойчивость выглядит иначе. Это состояние, когда вы смотрите на собеседника и внутренне признаёте: «Я вижу твои эмоции, слышу твои слова. Ты имеешь полное право проявлять себя так, как хочешь. Но у меня есть зеркальное право — не принимать это на свой счет или же нет».

Люди вокруг нас могут быть в плохом настроении, нарушать границы или пытаться переложить на нас чувство вины. Однако вы совершенно не обязаны становиться родителями для чужих взрослых детей или разгадывать их скрытые мотивы.

Выбор — пропустить резкое слово мимо ушей или твердо поставить человека на место — всегда остаётся за вами. Способность управлять этим выбором и есть тот самый ключ, который открывает и закрывает двери ваших личных границ.

Прийти к такой автономии и научиться чувствовать эту грань не на словах, а на глубоком внутреннем уровне — это большая и бережная работа, которая шаг за шагом проживается и закрепляется в процессе психотерапии. Именно так формируется настоящая опора на себя, внутренняя уверенность и стабильная самооценка.

🧩 Консультирование и Психотерапия
violamaro.com

📍 Терапевтические Аудио Марафоны в записи
🎧 «Выход из позиции жертвы» 
🎧 «Жизнь без токсичных отношений, абьюза и манипуляций» 
🔗info in bio 🔝",
2026-05-25,10694,567,18,73.566666,https://www.instagram.com/p/DYwvm08MJSI/,"Человеческое поведение редко бывает хаотичным — в его основе всегда лежат определенные психологические паттерны. Если кто-то ранил вас своим поступком, а затем уверяет, что это досадная случайность, велика вероятность, что человек искренне обманывает — причем не столько вас, сколько самого себя. То, что проявилось однажды, с высокой долей вероятности повторится снова. Пусть неосознанно, но повторится.

Поэтому, если какое-то проявление в самом начале отношений вас разочаровало, насторожило или принесло дискомфорт, не стоит малодушно закрывать на это глаза. Займите наблюдающую позицию. И главное — наблюдайте за тем, что человек делает, а не за тем, что он говорит.

Мы способны оправдать тоннами красивых слов абсолютно любые свои слабости. Однако истинное значение имеют только видимые действия. Если болезненный для вас сценарий дублируется — перед вами устойчивая, неосознаваемая модель поведения, которая будет определять поступки человека и в будущем.

Замечать эти скрытые маркеры, верить своим предчувствиям и не вовлекаться в чужие разрушительные сценарии — это признак высокой личностной зрелости. Очень часто нам мешает увидеть правду собственный прошлый опыт или страх одиночества. Навык распознавать эти паттерны, вовремя замедляться и бережно защищать свое благополучие — это глубокий внутренний процесс, который системно и качественно выстраивается в ходе психотерапии. Именно в терапии мы учимся честно видеть реальность, а свои решения — делать осознанными

🧩 Консультирование и Психотерапия
violamaro.com

📍 Терапевтические Аудио Марафоны в записи
🎧 «Выход из позиции жертвы» 
🎧 «Жизнь без токсичных отношений, абьюза и манипуляций» 
🔗info in bio 🔝",
2026-05-26,11519,617,15,46.966667,https://www.instagram.com/p/DYy56L2sq0R/,"🧩 Консультирование и Психотерапия
violamaro.com

📍 Терапевтические Аудио Марафоны в записи
🎧 «Выход из позиции жертвы» 
🎧 «Жизнь без токсичных отношений, абьюза и манипуляций» 
🔗info in bio 🔝

https://violamaro.com/audio-therapy",
2026-05-26,29825,2087,77,54.5,https://www.instagram.com/p/DYzajnHMPpq/,"🧩 Консультирование и Психотерапия
violamaro.com

📍 Терапевтические Аудио Марафоны в записи
🎧 «Выход из позиции жертвы» 
🎧 «Жизнь без токсичных отношений, абьюза и манипуляций» 
https://violamaro.com/audio-therapy

🔗info in bio 🔝","Помните, что самая лучшая терапия, которую у вас всегда есть под рукой, это дистанция. Если вы видите, что человек на вас плохо влияет, после общения с ним или с ней у вас остается неприятный осадок, вы как будто бы проглотили лужку яда и очень долго не можете избавиться, вывести этот яд из организма. То есть вы пообщались с токсичным человеком, и у вас остался токсичный осадок. И подобное токсичное общение не только портит вам настроение, оно приводит к апатии, депрессии, эмоциональному обесточиванию, вплоть до психосоматики. И вот как только вы почувствовали это, лучшее средство – это дистанция. То есть вы поняли, что общение с этим человеком вас отравляет? Так не принимайте этот яд."
2026-05-27,10972,555,10,45.400002,https://www.instagram.com/p/DY1RDBPs37u/,"🧩 Консультирование и Психотерапия
violamaro.com

📍 Терапевтические Аудио Марафоны в записи
🎧 «Выход из позиции жертвы» 
🎧 «Жизнь без токсичных отношений, абьюза и манипуляций» 
https://violamaro.com/audio-therapy

🔗info in bio 🔝",
2026-05-27,9262,324,15,179.070847,https://www.instagram.com/p/DY19Zfms3Jp/,"🧩 Консультирование и Психотерапия
violamaro.com

📍 Терапевтические Аудио Марафоны в записи
🎧 «Выход из позиции жертвы» 
🎧 «Жизнь без токсичных отношений, абьюза и манипуляций» 
https://violamaro.com/audio-therapy

🔗info in bio 🔝",
2026-05-28,19565,1239,43,117.800003,https://www.instagram.com/p/DY3-cjrsypV/,"Главная иллюзия в отношениях с людьми возникает тогда, когда мы принимаем их социальную роль или внешние проявления за их подлинную суть.

Когда мы безоговорочно верим маске — безупречной вежливости, дежурной улыбке, знакам внимания — и принимаем это за искреннее расположение, мы неизбежно приближаем себя к разочарованию. Очень важно научиться видеть человека за пределами его сценария. Ведь роли могут быть самыми разными: партнер, родитель, коллега, врач, друг или случайный собеседник.

Мы склонны путать профессиональную или социальную заботу с глубокой внутренней добротой. На основании этого внешнего тепла мы открываемся и начинаем доверять. Но реальность тоньше. Порой тот, кто выполняет привычные семейные обязанности, просто безупречно отыгрывает сценарий, не испытывая глубокой близости. А тот, кто приветливо улыбается, может быть увлечен лишь собственной выгодой.

Речь идет вовсе не о том, чтобы погрузиться в подозрительность или перестать доверять миру. Речь о формировании взрослой, ясной позиции, которая позволяет бережно отличать маску от самого человека.

Такой объемный взгляд защищает наши ресурсы, избавляет от душевных травм и делает нас по-настоящему зрелыми. Освободит�",
2026-05-28,3199,49,2,165.44072,https://www.instagram.com/p/DY4V2iosvSY/,"Самое сложное в отношениях — оставить не того, кого ты больше не любишь. Намного тяжелее уйти от того, кого ты любишь недостаточно, но кто питает к тебе огромную любовь, привязанность и преданность.
Отказываться от человека, для которого ты — центр вселенной, в то время как он для тебя — лишь тот, к кому ты испытываешь теплое, доброе, возможно, просто дружеское отношение, — это колоссальное испытание.
И часто в этой точке мы совершаем ошибку. Чтобы разорвать эту связь и как-то оправдать свой уход, мы подсознательно начинаем искать в партнере изъяны. Фокусируемся на мелких промахах, культивируем в себе раздражение, пытаемся разозлиться. Но эта стратегия дает обратный эффект: внутри рождается тяжелое, липкое чувство вины. Появляется ощущение, будто ты обижаешь невинного ребенка, и ты начинаешь казаться себе эгоистом и плохим человеком.
Единственно верный, хоть и бесконечно сложный путь — отпустить партнера с четким осознанием: этот человек по-настоящему заслуживает счастья. Но — не с нами. Счастье для него ждет в другом месте.
Даже если он прямо сейчас этого не понимает, не знает и не хочет принимать. Мы не имеем права оставаться центром чужой жизни, если не способны и не готовы поставить этого человека в центр своей.
Иногда проявлять уважение — это больно. Делать правильные вещи — больно. Но такой отчетливый, честный и аккуратный отрез должен быть произведен. Как последний акт любви, зрелости и уважения к тому, кто был с вами рядом. Да, это ранит. Но отпустить того, кого ты любишь недостаточно, — это способ спасти чужое сердце и дать ему возможность дышать и любить дальше.
Почему же мы годами остаемся там, где не любим?
Потому что за этим решением стоит огромный пласт внутренних запретов: страх остаться виноватым, синдром «спасателя», непереносимость чужой боли или детский паттерн быть для всех хорошим. Разобрать этот тяжелый эмоциональный узел самостоятельно практически невозможно — психика защищает нас от боли вины. Именно в таких кризисных точках необходима глубинная психотерапия.

🧩 Консультирование и Психотерапия
violamaro.com",
2026-05-28,17124,642,23,165.44072,https://www.instagram.com/p/DY45xBBMUUb/,"Самое сложное в отношениях — оставить не того, кого ты больше не любишь. Намного тяжелее уйти от того, кого ты любишь недостаточно, но кто питает к тебе огромную любовь, привязанность и преданность.
Отказываться от человека, для которого ты — центр вселенной, в то время как он для тебя — лишь тот, к кому ты испытываешь теплое, доброе, возможно, просто дружеское отношение, — это колоссальное испытание.
И часто в этой точке мы совершаем ошибку. Чтобы разорвать эту связь и как-то оправдать свой уход, мы подсознательно начинаем искать в партнере изъяны. Фокусируемся на мелких промахах, культивируем в себе раздражение, пытаемся разозлиться. Но эта стратегия дает обратный эффект: внутри рождается тяжелое, липкое чувство вины. Появляется ощущение, будто ты обижаешь невинного ребенка, и ты начинаешь казаться себе эгоистом и плохим человеком.
Единственно верный, хоть и бесконечно сложный путь — отпустить партнера с четким осознанием: этот человек по-настоящему заслуживает счастья. Но — не с нами. Счастье для него ждет в другом месте.
Даже если он прямо сейчас этого не понимает, не знает и не хочет принимать. Мы не имеем права оставаться центром чужой жизни, если не способны и не готовы поставить этого человека в центр своей.
Иногда проявлять уважение — это больно. Делать правильные вещи — больно. Но такой отчетливый, честный и аккуратный отрез должен быть произведен. Как последний акт любви, зрелости и уважения к тому, кто был с вами рядом. Да, это ранит. Но отпустить того, кого ты любишь недостаточно, — это способ спасти чужое сердце и дать ему возможность дышать и любить дальше.
Почему же мы годами остаемся там, где не любим?
Потому что за этим решением стоит огромный пласт внутренних запретов: страх остаться виноватым, синдром «спасателя», непереносимость чужой боли или детский паттерн быть для всех хорошим. Разобрать этот тяжелый эмоциональный узел самостоятельно практически невозможно — психика защищает нас от боли вины. Именно в таких кризисных точках необходима глубинная психотерапия.

🧩 Консультирование и Психотерапия
violamaro.com",
2026-05-29,8767,461,7,119.300003,https://www.instagram.com/p/DY60UhIsXXe/,"Злость, которую мы не выпускаем наружу, никуда не исчезает. Она трансформируется. И чаще всего — оседает в теле, проявляясь через хронические боли в животе, отеки, спазмы или проблемы с ЖКТ.
Тело буквально удерживает ту несправедливость и обиду, которую мы не смогли или не разрешили себе высказать.
Этой модели «удержания» мы учимся еще в детстве, когда проявлять гнев было попросту небезопасно. В итоге мы привыкаем прятать злость — прежде всего от самих себя, убеждая окружающих и свой разум: «Я спокойный, уравновешенный человек, меня это не задевает». Такой человек не кричит, он проглатывает обиду и делает вид, что все в порядке.
Но тело не обмануть. Оно помнит все, что разум пытается контролировать.
Важно понять: злость возникает не для того, чтобы разрушать. Это эволюционный маркер, который показывает, где проходят наши личные границы и что они нарушены. Если не научиться вовремя и экологично сигнализировать об этом, гнев неизбежно будет копиться. А подавленный гнев тело начинает разворачивать против нас самих.
Как разорвать этот замкнутый круг?
Самостоятельно заметить и изменить эти глубокие детские паттерны крайне сложно — они становятся частью нашей личности. Именно здесь начинается глубинная психотерапия.
В терапии вы не просто учитесь «справляться со стрессом». Вы исследуете и поднимаете на поверхность сознания свои автоматические блоки, возвращаете голосу силу, а телу — свободу от накопленного груза. Это процесс, вы научаетесь слышать свои границы, выражать чувства и возвращать себе управление собственной жизнью и здоровьем.

🧩 Консультирование и Психотерапия
violamaro.com",
2026-05-30,17936,1351,40,87.30558,https://www.instagram.com/p/DY9ZyqmMhLY/,"🧩 Консультирование и Психотерапия
violamaro.com

📍 Терапевтические Аудио Марафоны в записи
🎧 «Выход из позиции жертвы» 
🎧 «Жизнь без токсичных отношений, абьюза и манипуляций» 
https://violamaro.com/audio-therapy

🔗info in bio 🔝",
2026-05-30,84111,3539,225,165.974777,https://www.instagram.com/p/DY9wqwoMgAZ/,"Часто после тяжелого развода партнер, который повел себя некорректно и запустил разрыв, начинает активно очернять вас. Напрямую или завуалированно он выставляет вас виноватым, неправильным и неспособным на отношения.

В этом сценарии бывшие партнеры мастерски играют роль невинной жертвы, у которой просто «не было другого выбора», кроме как пойти на измену или предательство.

Зачем им этот театр?

Это способ защитить собственное эго. Им нужно не просто договориться с совестью, а буквально обмануть себя. Убедить мир в своей безупречности, чтобы не встречаться с удушающим чувством вины за то, что они сделали с вами, с близкими людьми и с общим будущим.

Самая большая ловушка для вас — включиться в эту игру, начать оправдываться или пытаться доказать правду тому, кто занят спасением своей психики. Под лавиной чужих обвинений внутри незаметно начинает прорастать сомнение: «А вдруг я действительно в чем-то виноват(а)?». Чужие проекции начинают разъедать вашу самооценку.

Как вернуть себе почву под ногами?

Доказывать что-то бывшему партнеру или общему окружению — это тупиковый путь, который лишь истощает ваши ресурсы.
Бесполезно заниматься разбором поступков вашего «бывшего» — необходимо восстановить ваши собственные опоры. Первое что нужно сделать это бережно отчистить ваше восприятие и сознание от навязанного чувства вины, вернуть всю эту токсичную гадость их автору. Восстановить честное восприятие себя, когда вы смотрите на себя с любовью. Это очень важно сделать для того, чтобы продолжить жить дальше без оглядки на прошлое и без оглядки на чужие искаженные представления о вас.
И это точка, где необходима профессиональная психотерапия.

🧩 Консультирование и Психотерапия
violamaro.com","Очень часто, когда отношения заканчиваются на негативной ноте, тяжелым разводом, партнер, который повел себя некорректно и запустил всю динамику развала отношений, вот именно он или же она начинают активно создавать ваш негативный образ. Они напрямую или завуалированно начинают транслировать окружающим, что это именно из-за вас все рухнуло. И вот в этом очернении бывшие партнеры доходят буквально до абсурда, выставляя себя такой невинной овечкой, невинной жертвой, у которой просто не было другого выхода, кроме как пойти на измену. Ложь, предательство или же совершить какой-то поступок, который стал последней точкой. Зачем им нужен этот театр? Это подсознательное желание защитить свое эго. Им важно не просто договориться со своей совестью, они хотят убедить и себя, и окружающих в своей белоснежности. Для чего? Для того, чтобы не столкнуться с удушливым чувством вины за то, что они сделали с вами, с близкими людьми, общим будущим, которое развалилось. Им легче разрушить вашу репутацию, чем признать собственную ответственность за случившееся. Но самое опасное здесь оказаться под завалами чужой лжи. То есть включиться в эту игру и начать защищаться. Потому что когда вас долго и изощренно обвиняют в том, чего вы не делали, внутри вас может незаметно начать прорастать сомнение. А вдруг я действительно в чем-то виноват или же виновата? А вдруг и вправду это я спровоцировал или спровоцировала? И вот таким образом чужая, но навязанная вам вина начинает изнутри разъедать вашу самооценку и лишать вас почвы под ногами. И знаете, начать доказывать что-то бывшему партнеру или же общему окружению, это на самом деле тупиковый путь. Первое, что вам нужно делать, очистить ваше собственное восприятие, ваше собственное осознание от навязанного вам чувству вины. Буквально вернуть всю эту токсичную гадость его автору и восстановить честное восприятия себя, где вы смотрите на себя с любовью. И это очень важно сделать для того, чтобы продолжать жить без оглядки на прошлое и без оглядки на чужие искаженные представления о вас. И вот здесь психотерапия вам в помощь."
2026-05-31,13540,817,23,141.291977,https://www.instagram.com/p/DZAAqJQszL1/,"Пары, которые сохраняют связь долгие годы, отличает одно: они ясно осознают, что им повезло. Это очень четкое внутреннее ощущение: «Мне выпал счастливый билет».

Речь не об идеальной картинке. Они точно так же проходят через кризисы. Но их союз держится на глубоком уважении к ценностям и выбору друг друга. В таких парах люди искренне гордятся связью, которую они создали. А когда ты уважаешь того, кто рядом, взгляд не «замыливается» — ты никогда не воспринимаешь человека как должное.

Но одного осознания мало. Долговечные пары постоянно делятся этим. Они напоминают друг другу: «Я ценю это в тебе» — и никогда не забывают говорить «спасибо». Благодарность для них — это не просто пассивное чувство, это ежедневное поведение, где ни один маленький жест не остается незамеченным.

Почему же в реальности это так сложно?

На практике место благодарности часто занимают претензии, обиды и глухота. Нам мешают говорить «спасибо» собственные дефициты, прошлые травмы, страх уязвимости или детская привычка защищаться. Мы отчаянно хотим, чтобы ценили нас, но сами не находим ресурса заметить другого.

Именно в этой точке необходима психотерапия.

Она помогает осознать внутренние барьеры и сценарии, которые мешают вам по-настоящему увидеть своего партнера. Только залечив старые обиды и вернув себе внутренний ресурс, можно заново выстроить ту бережную связь, в которой оба будут чувствовать: «Мне с тобой невероятно повезло».

🧩 Консультирование и Психотерапия
violamaro.com",
2026-06-02,7013,273,7,142.53334,https://www.instagram.com/p/DZFiIqbsuI6/,"Почему некоторым людям неудобно принимать комплименты? Они стесняются, краснеют и чувствуют себя не в своей тарелке. Тому может быть несколько причин.

1. Образ себя. Комплименты могут идти вразрез с тем образом себя, который вы сформировали на протяжении жизни. То есть похвала не соответствует вашим собственным представлениям о себе — или тем, которые вам сформировали другие.

2. Отсутствие привычки. Это дефицит похвалы, оставшийся еще из детства, когда никто не замечал ваши успехи, заботу, поступки и усердие. Вы просто привыкли быть невидимкой. И когда кто-то подсвечивает ваши добрые дела, вы чувствуете, будто вас раскрыли. Это непривычно и небезопасно.

3. Нарушен баланс «брать-давать». Вы не хотите принимать похвалу, потому что подсознательно будете чувствовать себя должным что-то дать взамен. А вы не хотите быть должным, поэтому максимально отказываетесь даже от позитивного взаимодействия.

4. Привычка быть закрытым. Вы просто не хотите, чтобы кто-то трогал вас внутри. Здесь идет речь о касании как негативном, так и о позитивном. То есть вы установили очень жесткую дистанцию безопасности — это даже не личные границы, это буквально пограничная полоса, где вы транслируете людям: «Оставайся там, где ты есть, а я буду оставаться там, где я есть, спасибо».

Но все это — ограничивающие системы, которые являются результатом необходимости выживать, а не жить. Если вы хотите переключиться с программы выживания и начать не просто жить, а расцветать, нужно обратить внимание на этот маркер — дискомфорт от комплиментов.

🧩 Консультирование и Психотерапия
violamaro.com",
2026-06-03,14953,517,67,169.573883,https://www.instagram.com/p/DZIDFj0sJIY/,"Если вы влюбляетесь в кого-то, у кого есть дети, вы влюбляетесь в человека с определенной ответственностью. В человека, который умеет расставлять приоритеты, от чего-то отказываться и быть по-хорошему терпеливым.
С одной стороны, это очаровывает. Вы можете искренне восхищаться тем, сколько вещей этот человек способен везти на себе в одиночку. Именно это глубокое уважение часто ложится в основу вашей теплой привязанности, а затем — и любви.
Но позже вы неизбежно подойдете к деликатному моменту, который, к сожалению, не проходят 90% людей.
В какие-то дни вы почувствуете, что внимание к вам — не в приоритете. Вы ощутите себя неважным. Вам могут в последний момент отменить ужин или отказать в совместных выходных, потому что ребенку резко потребовалось включение. И очень часто люди уходят из таких отношений, излишне драматизируя эти моменты.
Конечно, есть те 10%, которые проходят эту фазу. Это люди, умеющие ощущать свою ценность, даже если они прямо сейчас не находятся в центре внимания своего партнера. Они понимают, что любовь — это не попытка оккупировать все пространство в чужой жизни. Они умеют ценить тот факт, что, невзирая на всю ответственность, хаотичность и детей, для них в этой жизни все равно находится место.
Почему же 90% людей проваливают этот тест на зрелость?
Потому что внезапная отмена планов или смещение фокуса на ребенка мгновенно бьют по нашей собственной уязвимости. В этот момент человек проваливается в свое детское дефицитное состояние: «Я снова не важен, меня опять отодвинули на второй план». Справиться с этой эмоциональной лавиной детской обиды и удержать внутреннюю устойчивость самостоятельно очень непросто — включаются автоматические защиты. 
Процесс эмоционального взросления требует внимания и осознанности, это путь саморазвития и психотерапии.

🧩 Консультирование и Психотерапия
violamaro.com",
2026-06-05,13146,600,28,74.866669,https://www.instagram.com/p/DZM17DmsOJE/,"Прекратите романтизировать ваших бывших партнеров. То, что заставляет вас с ностальгией вспоминать о прошлых отношениях, — это лишь самый первый этап, где были счастливые моменты. Тогда вы видели только один пазл, а не всю картину целиком.
Когда возникает ностальгия, чаще всего вы скучаете не по реальному человеку, а по тем планам, надеждам и мечтам, которые вы выстроили вместе в самом начале отношений. Вы тоскуете по ожиданиям, которые в дальнейшем, к сожалению, так и не оправдались.
Такая романтизация вызывает временную амнезию на все те раны и боль, которые нанес вам этот человек. Именно поэтому критически важно удерживать в фокусе всю картину целиком, со всеми ее тяжелыми фактами. Только это поможет вам избавиться от хронической привычки постоянно оборачиваться назад.

🧩 Консультирование и Психотерапия
violamaro.com",
2026-07-04,15670,1085,42,131.833328,https://www.instagram.com/p/DaXScg2BdaU/,"Самая некрасивая человеческая эмоция — это зависть, потому что она всегда является признанием своего недостатка, ущербности, слабости, бессилия. Человек уже эмоционально внизу, он уже саботирует жизнь, он уже проявляет пассивную агрессию. Это всегда самопожирающее чувство. Да, есть так называемая белая зависть — это когда человек понимает, что сейчас у него нет того, что он хочет, и тогда это становится стимулом.
Но вообще зависть стоит на одном из самых токсичных механизмов человеческой психики — это сравнение себя с другими, с тем, что у них есть, а у меня нет, — это подтверждение своей нехватки и тихая злость за отсутствие.
Когда запускается алгоритм зависти, выйти из него очень сложно, но можно. Один из простых обходных путей — использовать механизм сравнения, который запускает зависть в обратном направлении.
То есть сравнивать себя не с тем, у кого есть больше, а с тем, у кого есть меньше. Это остановит данный саморазрушительный механизм и запустит созидательный механизм благодарности. Благодарность за то, что у вас есть: здоровье, крыша над головой, живые родители, здоровые дети, работа, здравое сознание, — когда вы благодарите за то, что есть, понимая, что у многих этого нет.
Потому что когда человек фокусируется на том, чего ему не хватает, это становится невротической зацикленностью. Такая зависть разрушает его жизнь, его покой, его психику, это начинает разрушать здоровые основы нашей жизни. А вот благодарность за простые проявления жизни заземляет и дает возможность быть счастливым здесь и сейчас.

📍Консультирование и Психотерапия - violamaro.com

📍 Терапевтические Аудио Марафоны в записи
🎧 «Выход из позиции жертвы» 
🎧 «Жизнь без токсичных отношений, абьюза и манипуляций» 

🔗info in bio 🔝",
2026-07-05,16576,1092,30,76.699997,https://www.instagram.com/p/DaaGdZABt6C/,"Чтобы держать свой внутренний мир в безопасности, нужно понимать психологию провокации. Есть люди, которыеprovocируют вас сознательно не только потому, что они раздражены или злятся на вас. Они провоцируют для того, чтобы вас протестировать, прощупать ваши границы, ваше терпение, вашу способность контролировать себя, насколько вы владеете своими эмоциями и реакциями. 

И любая, абсолютно любая реакция, которую вы будете выдавать, будете вы кричать, молчать, краснеть, смущаться или запинаться, будет для них информативной. Провокаторы всегда собирают информацию о вас, и поэтому чем спокойнее и невозмутимее вы будете оставаться, тем меньше информации они получат. Так вы будете менее уязвимыми. Чем меньше они понимают ваши болевые точки и ваши границы, тем в большей безопасности вы находитесь.
🫶🏻

📍Консультирование и Психотерапия - violamaro.com

📍 Терапевтические Аудио Марафоны в записи
🎧 «Выход из позиции жертвы» 
🎧 «Жизнь без токсичных отношений, абьюза и манипуляций» 

🔗info in bio 🔝",
2026-07-05,29746,2127,118,169.133331,https://www.instagram.com/p/Daag803BZKJ/,"Как эмпату выжить в коммуникации и перестать быть уязвимым?
Людей с повышенной чувствительностью часто подводит их «эмоциональный радар». Если собеседник говорит на повышенных тонах, эмпат мгновенно реагирует — закрывается или едва сдерживает слезы. Тон голоса выбивает из колеи надолго, полностью выбрасывая из контекста общения.
В этот момент происходит главная ошибка: реакция идет на то, «как» говорится, а не «почему».
Важнейшее правило для эмпатов — натренировать себя не реагировать на форму, а смотреть в суть. Видеть подлинное намерение человека и читать между строк, какими бы громкими они ни были. Вы умеете это как никто другой, нужно лишь переключить фокус.
Помните, самые опасные манипуляторы часто говорят нежно, ласково и вкрадчиво, легко обходя ваши защиты.
Пока вы автоматически реагируете на децибелы и интонации, вы слепы к реальным мотивам собеседника. Стремление распознавать суть, а не цепляться за внешнюю форму, делает вас умным наблюдателем. 
А вместе с этим приходят внутренняя стабильность, взрослая позиция и настоящая защищенность.

📍Консультирование и Психотерапия - violamaro.com

📍 Терапевтические Аудио Марафоны в записи
🎧 «Выход из позиции жертвы» 
🎧 «Жизнь без токси�","Знаете, людям с повышенной чувствительностью и эмпатом нужно научиться одному важнейшему правилу в общении с другими людьми, в коммуникации. Научиться не реагировать на тон голоса собеседника. Научиться прислушиваться к сути, к намерению. к тому, что человек хочет до вас донести. И вот именно эмпатов еще в начале общения, в начале коммуникации подводит их собственный эмоциональный радар. То есть, когда собеседник говорит на повышенных тонах или в агрессивной тональности голоса, эмпат реагирует эмоционально. либо слезами, либо начинает закрываться. У всех это индивидуально. Но как бы то ни было, это всегда выбрасывает эмпата из коммуникации еще на начальных этапах. И как раз это делает его или же ее социально уязвимым и неуверенным в себе человеком. То есть чаще всего эмпаты реагируют на то, как что-то говорится, а не почему это говорится. Именно тональность, тон голоса собеседника выбивает эмпата из себя, из ситуации, причём надолго. Что с этим делать? Нужно буквально натренировать себя прислушиваться к сути, видеть намерение, читать между строк, пусть даже громогласных. буквально видеть суть за внешними проявлениями. И эмпаты умеют это делать прекрасно, лучше, чем кто бы то ни был другой. Просто им нужно внутренне переключиться и натренировать эту способность. И не забывайте, что именно самые злостные манипуляторы, вот они всегда будут с вами говорить нежно и ласково. вкрадчиво проникая сквозь ваши защиты, буквально влезут вам под кожу. Вы этого даже не заметите. Точно так же порой очень простые и открытые люди, которые, да, могут переходить на высокую тональность голоса, но в реальности они искренне стоят на вашей стороне и пытаются вас защитить. И вот вам нужно стать умным наблюдателем и стремиться видеть и распознавать суть, а не только цепляться за форму. И это сделает вас более стабильными, более взрослыми и более защищенными."
2026-07-06,82482,4702,190,163.100006,https://www.instagram.com/p/Dacs68yBFOo/,"Никогда не показывайте свое отчаяние, безнадежность вашего положения или состояния, свою слабость от разочарования более сильному человеку, которому эмоционально вы не доверяете. Человеку, который проявлял манипуляции.

Ваше отчаянное положение или состояние выводит вас из паритета общения. С вами никто больше не будет говорить на равных, вы мгновенно лишаетесь своей переговорной силы.

Когда человек в более сильной позиции и с потенциальной склонностью к манипулированию видит, что вы отчаянно нуждаетесь в одобрении, возможностях, внимании, принятии, поддержке, — это дает ему преимущество, и практически всегда он будет использовать эту козырную карту против вас.

Они начнут ставить свои условия. Они начнут по ложечке выдавать вам то, в чем вы нуждаетесь, — они будут контролировать тайминг, они будут играться с вашими ожиданиями.

И все это начнется постепенно, начнется, возможно, с благими побуждениями вам помочь, но десятки, сотни социальных экспериментов показывают: если человеку в руки попадает власть над другим человеком в более уязвимой позиции, через какое-то время он или она начинают вести себя бесчеловечно и злоупотреблять властью.

Чтобы не попасть в подобную ловушку, вам нужно быть эмоционально независимым, даже находясь в самом отчаянном положении. Только так вы сможете защитить себя и не стать игрушкой в чужих руках.

Поэтому чем меньше вы показываете все отчаяние, свою слабость, тем больше уважения будет транслировать ваше присутствие, тем меньше шансов, что психологически нечистоплотные люди воспользуются вашим положением и состоянием.

Будьте бдительны и берегите себя, и психология вам в помощь.

📍Консультирование и Психотерапия - violamaro.com","Никогда не показывайте свое отчаяние, безнадежность своего положения или же состояния, свою внутреннюю слабость от разочарования более сильному человеку, но которому эмоционально вы не доверяете. человеку, который склонен к манипулированию. А знаете почему? Потому что ваше отчаянное положение или же состояние выводит вас из паритета общения. То есть вы больше не играете на равных. и вы мгновенно лишаетесь своей переговорной силы. Так вот, когда перед вами человек в более сильной позиции, при этом склонный к манипулированию, видит, что вы отчаянно нуждаетесь в одобрении, возможностях, внимании, принятие, поддержки. Это дает ему или ей преимущество. И практически всегда они будут использовать эту козырную карту против вас. Они начнут ставить свои условия, они будут буквально по ложечке выдавать вам то, в чем вы так отчаянно нуждаетесь. Они будут контролировать тайминг, они будут играться с вашими ожиданиями. И это все начнется постепенно. Возможно, даже с благими намерениями вам помочь. Но десятки, сотни социальных экспериментов, которые изучали этот феномен, показывают, что если в руки человека попадает власть над другим человеком в более уязвимой позиции, через какое-то время он или она начинают вести себя бесчеловечно и злоупотреблять властью своего положения. И вот для того, чтобы не попасть в подобную ловушку, вам нужно стать эмоционально независимыми, даже находясь в самом отчаянном положении. Только так вы сможете защитить себя и не стать игрушкой в чужих руках. Поэтому, чем меньше вы показываете свое отчаяние, свою слабость, тем больше стабильности и уважения транслирует ваше присутствие. И тем меньше шансов, что психологически нечистоплотные люди воспользуются вашим положением и состоянием. Будьте вдительны и берегите себя, дорогие мои. И вот здесь психология вам в помощь."
2026-07-07,2807,100,1,58.443176,https://www.instagram.com/p/DafE1MFB_Hq/,📍Консультирование и Психотерапия - violamaro.com,
2026-07-07,35357,2201,87,225.417862,https://www.instagram.com/p/DafJKj3BYpZ/,"Одно из самых мощных и недооцененных психологических орудий — это эмоциональная нейтральность. Не путайте её со слабостью, неуверенностью или закрытостью.
Эмоциональный нейтралитет делает вас непредсказуемым. Когда манипулятор не может прочесть ваше состояние, он теряет способность просчитать ваш следующий шаг. Эта дисциплина надежно скрывает ваши намерения, триггеры и, главное, уязвимости.
Когда окружающие поймут, что вас невозможно спровоцировать, они станут гораздо осмотрительнее и сами начнут держать дистанцию. Видя, что давление не заставляет вас суетиться или оправдываться, они отступят — просто осознав, что вы больше не подходите для их игр.
Как только деструктивные тактики перестают влиять на ваши эмоции, ваши болевые точки обесточиваются. Именно тогда люди начинают уважать ваши границы, подбирать слова и держать уважительный тон.
Эмоциональный контроль экологично и без конфликтов перестроит все ваше окружение. Это оздоровительное сито, которое отсеет токсичных персонажей — им с вами будет нечего ловить. Вы станете для них ментально непригодными.
Поэтому учитесь быть эмоционально нейтральными и берегите себя 🫶🏻

📍Консультирование и Психотерапия - violamaro.com","Одно из самых мощных психологических орудий, которые вы можете освоить,— это эмоциональная нейтральность. Да-да, это настоящее оружие, которое чаще всего недооценивают или же неправильно понимают. То есть не понимают, какая сила в нём скрыта и как правильно её использовать. И ни в коем случае не путайте эмоциональный нейтралитет со слабостью, неуверенностью себе или же внутренней закрытостью. Эмоциональный нейтралитет делает вас непредсказуемыми. Именно непредсказуемость ваших реакций и дальнейшего вашего поведения даёт вам высшую степень психологической защищённости. От кого? Ну, прежде всего, от манипуляторов. Причём абсолютно разного калибра. Да, в принципе, не только от них. Поймите, когда кто-то не может прочесть ваше эмоциональное состояние, он теряет способность просчитать ваш следующий шаг. И вот подобный эмоциональный нейтралитет надёжно скрывает от окружающих ваше состояние, ваши истинные намерения, ваши внутренние паттерны и триггеры. То есть он делает невидимым не только ваши стратегии, но, что самое главное, ваши уязвимости. Эмоциональный нейтралитет, ну или можно сказать эмоциональная дисциплина может кардинально изменить отношение окружающих людей к вам, когда манипуляторы, да и вообще просто окружающие вас люди поймут, что вас невозможно задеть за живое или же спровоцировать, они станут гораздо осмотрительнее и осторожнее. Они сами начнут удерживать должную дистанцию с вами. То есть, видя, что давление не выбивает вас из колеи, не заставляет суетиться, извиняться, оправдываться, объясняться, в этот момент они сами отступают. Но помните, они не меняют свои сути, они просто не хотят с вами возиться. Они просто понимают, что вы не подходите для их игр. То есть, когда деструктивные тактики перестают влиять на ваши эмоции, ваши болевые кнопочки обестачиваются. И манипуляторы просто понимают, что как на них не дави, желаемой реакции им не получить. И вот именно тогда люди начинают корректировать своё поведение. Они очень быстро, мгновенно вдруг начинают понимать, как уважать ваши личные границы. начинают уметь подбирать правильный тон, правильные слова. И вот именно эмоциональный контроль, внутренняя дисциплина, очень экологично, незаметно, но верно перестроят все ваше окружение. без агрессии и без ненужных конфликтов. Эмоциональный нейтралитет – это буквально оздоровительное сито, которое отсеет манипуляторов, психологических потребителей. и вообще всех токсичных персонажей. Им с вами просто нечего будет ловить. Вы для них станете просто ментально непригодными. Поэтому учитесь быть эмоционально нейтральными и берегите себя, дорогие мои. И вот здесь психология вам в помощь."
2026-07-08,1621,56,1,59.099998,https://www.instagram.com/p/Dag9x5MBAuh/,📍Консультирование и Психотерапия - violamaro.com,
2026-07-08,1101,13,0,58.433334,https://www.instagram.com/p/DahTO1bhB6L/,"@viola.maro.psy 
📍Консультирование и Психотерапия - violamaro.com",
2026-07-09,15410,939,35,128.566666,https://www.instagram.com/p/DakKXcUhXbY/,"Хотите прокачать свои навыки взаимодействия с манипуляторами? 
Научитесь контролировать вашу потребность ответить сразу, нетерпеливое желание выдать реакцию.

Молчание — вообще очень некомфортная реакция для большинства людей. А дискомфорт создает внутреннее давление и стремление забить словами эту неловкую тишину. Главное чтобы это стремление появлялось не у вас а у вашего собеседника

Постарайтесь отказаться от нетерпеливых и быстрых ответов, потому что чаще всего это указывает на эмоциональное мышление, а это уязвимая позиция. 

Помните: умение выдержать паузу, стратегически удерживать молчание создает не только ваше преимущество в коммуникации, но и делает вашу позицию более стабильной и уверенной.
Это побудит собеседника говорить, проявлять себя, заставит его раскрываться, а вам даст возможность наблюдать и понимать.

Знаете, иногда простое молчание может полностью изменить динамику коммуникации, установить более сбалансированный контакт и поднять на поверхность то, что должно было остаться в тени.
Пауза и молчание — это ваш щит и ваше оружие, но нужно научиться их держать.

📍Консультирование и Психотерапия - violamaro.com

📍 Терапевтические Аудио Марафоны в записи
🎧 «Выход �",
2026-07-09,2197,57,11,59.279095,https://www.instagram.com/p/DakKuW8hsGk/,"@viola.maro.psy 
📍Консультирование и Психотерапия - violamaro.com",
2026-07-10,1792,55,0,59,https://www.instagram.com/p/Dams2J_BNJc/,"@viola.maro.psy 
📍Консультирование и Психотерапия - violamaro.com",
2026-07-11,1143,50,0,58.700001,https://www.instagram.com/p/DapH6pzhS7m/,"@viola.maro.psy 
📍Консультирование и Психотерапия - violamaro.com",
2026-07-11,20505,791,29,231.037094,https://www.instagram.com/p/Dapiov6BsJp/,"Люди после тяжелых расставаний часто попадают в ловушку, мешающую им построить новые отношения.

Они говорят: «Мне прекрасно в одиночестве. Больше я не соглашусь на меньшее. Если и впущу кого-то в жизнь, это должен быть исключительный человек». И выставляют огромный список требований к гипотетическому партнеру.

Эти критерии понятны. Они рождены опытом и желанием защитить себя. Но за красивой картинкой скрывается риск: планка становится настолько завышенной, что любое общение обрывается при малейшем недопонимании на самых ранних этапах.

За такой бескомпромиссностью стоит не столько забота о покое, сколько страх. Страх снова привязаться и пережить прежнюю боль.

Важно понять: готовность к союзу не требует занижать стандарты. Прекрасно знать, как вы хотите любить и быть любимыми. Но чтобы этот манифест не стал глухой стеной, важно сместить фокус внимания внутрь. Залогом вашей безопасности в контакте с другими является ваша собственная автономная личность.

Укрепление внутреннего стержня и исцеление прошлых травм — это глубокий процесс, требующий бережного профессионального сопровождения. Именно в пространстве психотерапии можно безопасно проработать накопленный страх, навести порядок в своих опорах и обнаружить: чем вы сильнее и целостнее внутри, тем вы мягче, свободнее и открытее в реальных, живых отношениях.

@viola.maro.psy 
📍Консультирование и Психотерапия - violamaro.com",
2026-07-12,14210,1051,29,164.766663,https://www.instagram.com/p/Dar6oaMh9RM/,"Нет в мире ничего, что может навредить вам больше, чем ваши собственные мысли. Но в то же время нет ничего, что способно столь же эффективно и в короткие сроки поставить вас на ноги и исцелить внутренние раны, как ваше мышление.
Если вы все время будете жить прошлым, то страхи, обиды и сожаления станут управлять вашей жизнью.
Если вы будете постоянно находиться головой в будущем, тревога станет вашей ежедневной спутницей.
Если вы будете жить оглядываясь на других, сравнивая себя с чужими жизнями и успехами, вы потеряете внутреннюю свободу. Каждый ваш выбор, каждое суждение или мысль будут определять другие, а не вы.
Если вы будете бесконечно прокручивать в памяти свою боль, если она постоянно будет в центре вашего внимания — она вас никогда «не отпустит», и вы будете продолжать страдать.
Но если вы станете подходить к пережитому опыту как к уроку, то научитесь закрывать старые тетради и идти дальше. Внутри вы ощутите, что растете, становитесь мудрее, но самое главное — вам станет легче. Закрывая старые тетради, вы сбрасываете груз, который тащите на себе, — самый тяжелый для психики груз разочарований, обид и сожалений.
Именно поэтому то, как вы привыкли мыслить, полностью определяет то, как вы живете. Ваши собственные мысли, словно стрелка компаса, ведут вас либо в глухой тупик, либо к свободе, свежему воздуху и миру открытых возможностей.

@viola.maro.psy 
📍Консультирование и Психотерапия - violamaro.com",
2026-07-14,37227,3306,199,179.333328,https://www.instagram.com/p/DawzmAChYqL/,"Знаете, многие думают, что проработанный, залечивший свои раны эмпат становится мягче, добрее и ещё более открытым миру.
Но парадокс в том, что происходит практически обратное. Исцелившийся эмпат — тот, кто научился понимать и принимать себя, увидел реальное положение дел в человеческих отношениях и принял противоречивую, дуальную природу людей, — вовсе не становится святым.
Он становится непробиваемым. Он становится крепостью. Поэтому чаще всего повзрослевший эмпат слышит в свой адрес: «Ты стал холодным, бессердечным, ты изменился в худшую сторону, с тобой невозможно общаться».
Но на самом деле у него просто разбились иллюзии. Он перестал видеть только одну сторону мира — светлую и добрую. Да, она есть в каждом, но есть и теневая часть, скрытая в подсознании. И именно она отвечает за манипулятивную, токсичную, а порой и бесчеловечную сторону человеческой психики.
В начале пути эмпаты сочувствуют, глубоко проникаются чужой болью и проблемами. Но пройдя через множественные предательства и разочарования, они приходят к пониманию: их слепая сострадательность становится их главной уязвимостью. И тогда они словно просыпаются — перестают бесконечно прощать, прогибаться, «входить в положение» и быть безгранично удобными.
То, что даёт им эту невероятную силу, — честное, ясное осознание и принятие реальности. Без грусти и сопротивления. Это знание становится мощнейшей внутренней опорой.
Чаще всего этот апгрейд происходит через глубокие раны. Но дойдя до точки невозврата, эмпат просыпается. Происходит внутреннее: «Нет. Хватит». И больше он не позволяет себя разрушать.

@viola.maro.psy 
📍Консультирование и Психотерапия - violamaro.com","Знаете, многие думают, что... проработанный и залечивший свои раны эмпат становится мягче, добрее, открытие миру. Но парадокс в том, что происходит полностью обратное. Исцелившийся эмпат, тот, кто научился понимать и принимать себя, увидел реальное положение дел в отношениях между людьми, внутренне принял вот эту противоречивую, дуальную природу человека, вот он или она, они не становятся святыми, они становятся непробиваемыми, они становятся крепостью. Именно поэтому повзрослевший импат очень часто в свой адрес слышит, ты стал холодным, бессердечным, ты изменился в худшую сторону, с тобой стало просто невозможно общаться. Но на самом деле у него или же у неё просто разбились иллюзии. Они перестали видеть только одну сторону мира, ту самую светлую и добрую. Да, конечно, эта часть есть в каждом, но есть и другая часть, теневая, скрытая в бессознательном. И вот именно она отвечает за манипуляторную, токсичную, а порой и бесчеловечную сторону человеческой психики. И в начале своего пути эмпаты всегда глубоко сопереживают, проникаются чужой болью, проблемами. Но пройдя через множественные предательства и разочарования, они приходят к пониманию, что их слепая сострадательность становится их главной уязвимостью. И вот тогда они словно просыпаются и перестают бесконечно прощать. прогибаться, входить в чужое положение и быть безгранично удобными. И то, что дает им вот эту невероятную внутреннюю силу, это честное и ясное осознание и принятие реальности. без грусти и без внутреннего сопротивления. То есть вот без этого скульяжа. Почему мир такой несправедливый? Почему Бог создал его так неправильно? Так не должно быть. Все должны жить с открытым сердцем и поступать по совести. Это красиво, правильно, но это не наша с вами реальность. Поэтому хотите обрести внутреннюю силу, вам нужно честное принятие реальности без грусти и внутреннего сопротивления. И вот этот апгрейд, к сожалению, происходит всегда через глубокие внутренние раны. И вот только дойдя до дна, до точки невозврата, вот только тогда эмпат просыпается. Только тогда происходит эта внутренняя магия, когда наконец он или же она говорит, вот здесь всё, хватит. И вот с этого момента он больше не позволяет разрушать себя."
2026-07-15,172699,6746,188,179.744217,https://www.instagram.com/p/DazdgD-BoJC/,"Парадокс в том, что человек не станет ценить или уважать вас больше, если вы будете всеми силами пытаться объяснить ему, насколько глубоко он вас ранил.

Это один из самых болезненных перевертышей в отношениях. Когда партнер пытается показать свои раны, надеясь на трепетное отношение, в реальности это не делает его более ценным. Обнажая душу перед тем, кто причинил боль, мы не становимся сильнее. Напротив, демонстрация уязвимости чаще всего лишь утяжеляет общение, а деструктивный партнер начинает воспринимать вас как слабого игрока и относиться к вам снисходительно.

Если вы единожды перетерпели неуважение, ушли в объяснения и просто простили — это повторится.

Люди не меняются из одного лишь понимания вашей боли. Это происходит в очень редких случаях — только тогда, когда вы изначально являетесь для человека огромной ценностью. В остальном люди меняются лишь тогда, когда сами принимают решение: они больше не хотят быть теми, кто ранит. Если у человека есть зрелые внутренние принципы, он сам будет беречь вас. Но реальность такова, что нужно научиться сначала проверять и только потом доверять.

В двух словах: ваше самоуважение всегда должно быть сильнее, чем ваше желание понравиться и ваше стремление быть выбранными.

Помните: ни любовь, ни уважение не должны быть выстраданы.

@viola.maro.psy 
📍Консультирование и Психотерапия - violamaro.com

📍 Терапевтические Аудио Марафоны в записи
🎧 «Выход из позиции жертвы» 
🎧 «Жизнь без токсичных отношений, абьюза и манипуляций» 

🔗info in bio","Знаете, парадокс в том, что человек не станет любить, ценить и уважать вас больше, если вы будете пытаться всеми силами объяснить, насколько глубоко он или же она вас ранили, предали или сделали вам больно. И это один из самых болезненных перевертышей отношений. Когда партнер пытается объяснить свою хрупкость, показать свои раны, свою уязвимость, в большинстве случаев это не делает его или же ее более ценными. Да, вы хотите, чтобы к вам относились аккуратнее, трепетнее, но, к сожалению, эта демонстрация боли лишь утяжеляет общение. Чаще всего вы думаете, если я смогу показать, как сильно ты сделал мне больно, как ты меня ранил, но при этом я продемонстрирую готовность простить, И тогда ты все поймешь. Вам кажется, что эта логика поднимает вашу ценность? Ведь вы открываетесь, доверяете, перешагивая при этом через свою боль. Вы уверены, что это улучшит контакт. Но на самом деле люди не меняются только потому, что вы перед ними обнажили душу. Более того, они, к сожалению, могут начать воспринимать вас как более слабого партнера и относиться к вам снисходительно. Помните, что если вы единожды претерпели, пережили неуважение к себе и ушли в долгие объяснения, разъяснения и в итоге просто простили, помните, что всё прожитое может повториться. Люди не меняются из-за одного лишь чувства долга или же внезапного понимания осознания вашей боли. Это происходит в очень редких случаях, когда вы для человека изначально являетесь огромной ценностью. Во всех остальных случаях люди меняются лишь когда они сами принимают решение, что они больше не хотят быть теми, кто причиняет боль. Если у человека есть здоровые моральные принципы и внутренние ценности, он сам будет заботиться и внимательно наблюдать, как на вас влияет их поведение. Они сами будут стремиться понять и изучить ваши уязвимые места, чтобы не делать вам больно и постараться никогда не заставлять вас страдать. Но реальность такова, что далеко не все люди обладают подобной внутренней зрелостью. И поэтому нужно научиться вначале проверять и лишь потом доверять. В двух словах, ваше самоуважение всегда должно быть сильнее, чем ваше желание понравиться и стремление быть выбранными. Помните, что любовь, уважение, они никогда не должны быть выстраданы."
2026-07-16,20463,1276,35,121.633331,https://www.instagram.com/p/Da2SSYCBTO4/,"Один из основных показателей психологической зрелости человека — это момент, когда он перестает принимать все (ну, или практически все) на свой личный счет.
Проверить этот показатель вы можете в те минуты, когда, находясь в привычной ситуации — будь то резкий комментарий в ваш адрес, неловкая пауза в общении или момент, когда вы оказались в центре внимания, — вы замечаете удивительную вещь. Там, где раньше вы мгновенно включались, тревожились, расстраивались и реагировали эмоционально, сейчас ничего подобного не происходит.
Вы находитесь в знакомой ситуации, в знакомом положении, но выдаете совершенно незнакомую для себя реакцию. Причем происходит это естественным путем. Вы сами видите и осознаете это как будто бы со стороны.
Такое случается, когда вы перестаете быть зависимыми от мнения окружающих. Когда приходит глубокое понимание: поведение людей, их слова и проявления отражают исключительно их собственную реальность, их проблемы и их внутреннюю ситуацию, а вовсе не ваши.
Это происходит потому, что у вас сформировалось достаточно внутреннего пространства между внешним стимулом, информацией извне, и той реакцией, которую вы выдаете. Теперь между стимулом и реакцией есть место для рефлексии и осознания.
Это и есть ваша личная полоса безопасности. И ее можно — и нужно — в себе сформировать.

@viola.maro.psy 
📍Консультирование и Психотерапия - violamaro.com",
2026-07-18,98485,5641,266,126.666664,https://www.instagram.com/p/Da7K5m5hnP_/,"Нарциссы хотят отношений, в которых им вздумается делать всё что угодно. Они говорят, что ищут любви, но их истинная цель — полная свобода действий без малейшей ответственности. Как удобно! Словом «любовь» вообще часто покрываются жуткие вещи.
В первой фазе они всеми силами убеждают вас в своих чувствах, чтобы позже требовать восхищения и преданности. Но на неравноправных условиях: эти правила действуют исключительно в одностороннем порядке. Они ведут себя как дети, уверенные, что им обязаны прощать любые шалости просто за факт их существования.
Перестаньте путать любовь со всепрощающим терпением. Перед вами взрослый человек — чужой разбалованный ребёнок, которого вы не должны перевоспитывать и любить в ущерб себе.
Перестанете терпеть то что терпеть не обязаны. Вы не обязаны заниматься перевоспитание чужих выросших детей. 
Это плохая игра, которая ведет к плохой жизни, и не обманывайте себя что это ЛЮБОВЬ!

@viola.maro.psy 
📍Консультирование и Психотерапия - violamaro.com

📍 Терапевтические Аудио Марафоны в записи
🎧 «Выход из позиции жертвы» 
🎧 «Жизнь без токсичных отношений, абьюза и манипуляций» 

🔗info in bio","Знаете, нарциссы хотят отношений, в которых они будут делать всё, что они хотят, всё, что им вздумается, и при этом им ничего за это не будет. Ну, вы, наверное, слышали от людей, когда они говорят, что для меня самое важное – это любовь, всё, что мне нужно – это любовь. Но на самом деле то, что они действительно хотят, это полная свобода действий без ответственности. Вести себя как угодно, прикрываясь любовью таким образом, избегая последствий. Как удобно! Вообще слово «любовь» может прикрывать самые отвратительные и ужасные вещи. И нарцисс в отношениях хочет именно этого. Именно потому в первой фазе отношений нарцисс будет пытаться вас всеми силами убедить вот в этой любви, чтобы потом вы позволяли все что угодно и прощали все что угодно. Они ищут восхищение, лояльность, преданность, но на неравноправных условиях. То есть все эти правила в отношениях действуют только в одностороннем порядке. То есть они будут делать всё, что хотят. А вот от вас они ждут лояльности, преданности и терпимости. В этом смысле они как дети, которые ждут, что вы будете любить их и прощать им все их шалости только потому, что они есть. Но это не ваши дети. Поэтому прекратите путать любовь с толерантностью и всепрощающим терпением. Это не ваш ребенок, это взрослый, это чужой, разбалованный, плохо воспитанный, капризный ребенок, которого вы не должны перевоспитывать, любить и принимать в ущерб себе. Перестаньте терпеть то, что терпеть вы не обязаны. Вы не обязаны заниматься перевоспитанием чужих выросших детей. Это плохая игра, которая ведет к плохой жизни. И не обманывайте себя, называя это любовью."
2026-07-20,253,7,0,55.299999,https://www.instagram.com/p/DbALgWJBYZB/,"@viola.maro.psy 
📍Консультирование и Психотерапия - violamaro.com",
2026-07-21,30139,1932,126,206.609711,https://www.instagram.com/p/DbDTmffBuRy/,"Абьюзеры и дисфункциональные системы используют эмпатов как эмоциональные амортизаторы. Когда возникает конфликт и в воздухе разливается ярость, туда всегда помещают эмпата — чтобы он, как губка, впитал в себя весь яд.

Атмосфера мгновенно разряжается, всем становится комфортно. А эмпат остаётся без сил, проваливаясь в депрессию и болезни. Он абсорбирует чужой хаос, создавая для окружающих удобную иллюзию, что их деструктивное поведение — это абсолютная норма.

Но эмпаты далеко не глупы. Они могут долго молчать, но при этом скрупулёзно собирают свой архив предательств. Они детально помнят каждую сцену психологического насилия, каждую манипуляцию и каждую ложь.

Эмпаты помнят всё. Они не забывают. И когда они окончательно проснутся, они с абсолютно холодным лицом предъявят вам этот счёт.

@viola.maro.psy 
📍Консультирование и Психотерапия - violamaro.com","Знаете, чаще всего манипуляторы, абьюзеры, токсичные персонажи используют эмпатов как эмоциональные амортизаторы. Дисфункциональные семьи, деструктивные партнёры, токсичные рабочие коллективы, они обращаются к эмпату каждый раз, когда возникает проблема. Когда воздух буквально пропитан злостью и яростью в каком-то конфликте, вот туда помещают эмпата. для того, чтобы он или же она буквально впитали в себя вот этот вот негатив, вот эту злость и ярость. А вся среда после этого буквально успокаивается и очищается. А кто поглощает весь этот яд? Ну, конечно же, эмпат. Ну вот представьте, произошёл какой-то конфликт, какая-то ссора, и эмпат начинает вникать в эту проблему, выслушивать стороны, пропускать буквально через себя все токсичные эмоции. Гнев, негодование сторон, он как губка, впитывает в себя весь яд, и атмосфера разряжается. И всем становится легко и замечательно. А вот у эмпата меняется состояние, меняется настроение, он может впадать в депрессию, он остается без энергии и без сил. А если это происходит на постоянной основе, даже если его психика терпит, тело рано или поздно не выдерживает и эмпат заболевает. Эмпат буквально забирает чужую боль для того, чтобы другим людям жилось легче. Он буквально абсорбирует, впитывает в себя весь хаос, весь дисбаланс, благодаря чему у окружающих сохраняются иллюзии, будто их деструктивное поведение – это вообще норма. Но это не может длиться вечно. И даже если вот те самые окружающие будут считать эмпатов добрыми дурачками, эмпаты далеко не глупы. Они очень точно и детально запоминают все эти токсичные сцены, все эти абьюзивные короткометражки. Да, они могут очень долго терпеть и молчать, но при этом они скурпулезно собирают свой архив предательств. Они детально помнят каждую историю манипуляции. всю ложь и всё эмоциональное насилие. Поэтому даже по прошествии многих лет ЭМПАД может с абсолютно холодным лицом предъявить своим абьюзерам детальный список тех моментов, когда его или же её эмоционально использовали. Я уверена, что очень многие члены вот тех самых дисфункциональных семей, Те самые деструктивные партнёры испытали на себе вот ту самую холодную память эмпата. Эмпаты помнят всё, они не забывают. И когда они окончательно придут в себя, они предъявят вам свой счёт. Поэтому, дорогие мои эмпаты, берегите себя, просыпайтесь, и вот в этом психология вам в помощь."
2026-07-24,19270,637,23,119.166664,https://www.instagram.com/p/DbKlTnLBQVU/,"Когда заканчиваются очень важные для человека отношения, вы расстаётесь, приходите в себя, встречаете нового человека, начинаете встречаться, но у вас создаётся впечатление, что на встречах вас не двое, а трое.
То есть вы встретили человека, который вам нравится, вам с ним или с ней хорошо, но вам как-то некомфортно, и вы толком не понимаете, в чём причина. Вы едете на уикенд, всё замечательно, но в какой-то момент вам становится грустно, ничего не хочется, как будто бы накрывает лёгкая депрессия. Вы останавливаетесь, поворачиваетесь к своему сердцу и понимаете, что у вас ощущение, как будто бы вы совершаете предательство, как будто бы вы кому-то изменяете.
И здесь первое, что я вам хочу сказать: помните, что эта фаза — временная. Не спешите принимать никаких решений и делать какие-то выводы.
Это нормальная фаза отработки прошлого, где настоящее сопоставляется с прошлым опытом, новый опыт сравнивается с прошлым, новый человек неизбежно сопоставляется с прошлым партнёром.
И это происходит потому, что у вас остались эмоциональные узелки из прошлого. Они развяжутся сами собой в потоке жизни, в потоке новых отношений и взаимодействий. Самое главное — на этом не циклиться, не принимать это как знак чего-то серьёзного, как показатель того, что вы должны вернуться в прошлое.
Это совершенно нормальная фаза, присущая сердцу, которое переезжает на новое место жительства.

@viola.maro.psy 
📍Консультирование и Психотерапия - violamaro.com",
2026-07-25,13606,842,21,146.702225,https://www.instagram.com/p/DbNsQTehFeJ/,"Сложнее всего молчать, когда ты прав. Кажется: промолчишь — проиграл, предал правду.

Но это иллюзия.

Не всякая правда требует доказательства. Не каждое несовпадение должно стать конфликтом. Умение промолчать, пройти мимо — не слабость, а мудрость.

Эмоциональный интеллект проявляется не только в том, что ты глубоко видишь и можешь сказать. Но и в том, что решаешь промолчать. Отпустить.

Иначе ты победишь в споре, но проиграешь в отношениях. Победишь за правду — и потеряешь человека.

Выбирай битвы, которые укрепляют связь. Не те, что её рвут.

@viola.maro.psy 
📍Консультирование и Психотерапия - violamaro.com",
2026-07-26,106281,5559,145,123.366669,https://www.instagram.com/p/DbP91G6BCDe/,"Три способа стать неприятным человеком для манипуляторов, абьюзеров и остальных токсичных персонажей

1. Перестаньте бегать за человеком. Перестаньте приглядываться, прислушиваться, бесконечно следовать за его мыслями, действиями и эмоциями. Тот, кто привык иметь доступ к вашим уязвимым кнопкам и триггерам, испытывает сильнейшее раздражение, когда теряет возможность вас контролировать. Потеря контроля над вашим вниманием раздражает манипуляторовв.

2. Установите свои границы и начинайте очерчивать их словом «нет». Простым, спокойным, утвердительным и безапелляционным «нет». Не вдавайтесь в объяснения, пояснения и разжёвывание своей позиции. Не оправдывайте своё «нет». Помните: одно спокойное «нет» стоит сотен изнуряющих споров.

3. Занимайтесь своей жизнью. Развивайте собственные интересы, следуйте за личным любопытством, оглядывайтесь по сторонам и замечайте то, что привлекает именно ваше внимание. Не забывайте выгуливать своего внутреннего ребёнка, которому этот мир искренне интересен. Укрепляйте внутренние опоры, формируйте внешние, приводите свою жизнь в порядок — причем на постоянной основе. Это очень здоровая привычка, которая дарует внутренний покой, эмоциональную удовлетворённость и снижает тревожность в нашем не простом мире. 
А это уже очень и очень много!

@viola.maro.psy 
📍Консультирование и Психотерапия - violamaro.com","Вот три способа стать очень неприятным человеком для всех манипуляторов, абьюзеров и остальных токсичных персонажей. Во-первых, перестаньте бегать за человеком, перестаньте прислушиваться, приглядываться, бесконечно следовать за его мыслями, действиями, эмоциями. Выйдите из внутренней настройки на этого человека. Не слушайте, не смотрите, смотрите в другую сторону. Помните, что тот, кто привык иметь доступ к вашим уязвимым моментам, к вашим триггерам, испытывает сильнейшее раздражение, когда теряет возможность вас контролировать. Именно потеря контроля над вашим вниманием больше всего раздражает манипулятора. Во-вторых, установите простые личные границы и очертите их словом «нет». простым, спокойным, утвердительным и безапелляционным «нет». При этом не вдавайтесь в разъяснение, пояснение и разжевывание вашей позиции. Не надо постоянно оправдывать ваше «нет». Знаете, что одно спокойное «нет» стоит сотни изнурительных споров. В-третьих, занимайтесь своей жизнью. Это очень важно. Развивайте свои интересы, следуйте за своим любопытством, оглядывайтесь по сторонам, смотрите, что привлекает ваше внимание. Не забывайте выгуливать своего внутреннего ребенка, которому этот мир искренне любопытен. На постоянной основе укрепляйте свои внутренние опоры, формируйте внешнее, приводите свою жизнь в порядок, причем всегда. Это очень здоровая привычка, которая, во-первых, принесет вам внутренний покой, эмоциональную удовлетворенность и снизит тревожность в нашем очень непростом мире. А это уже очень и очень много."
2026-07-27,39434,1204,54,179.96666,https://www.instagram.com/p/DbSSyHGhFce/,"Кто страдает сильнее в момент отдаления, паузы в общении или окончательного расставания — человек с тревожным или избегающим типом привязанности? «Тревожник» или «бегунок»?

Тревожный тип проживает ад сразу: паника, страх покинутости, открытое горе буквально на разрыв. Не блокируя чувства, он относительно быстро проходит все стадии и возвращается к жизни.
Избегающий тип сначала надевает жесткий бронежилет: внешне холоден и словно испытывает облегчение. Но его психика лишь консервирует этот эмоциональный яд. Настоящий взрыв догоняет «бегунка» через недели или месяцы — в виде психосоматики, бессонницы и депрессивных эпизодов, когда спадает эйфория автономии.
Тревожник проживает боль «здесь и сейчас», а избегающий прячет её внутрь, пока она не начинает разъедать изнутри. Оба сценария — лишь защита от уязвимости и потери опоры.
Настоящее облегчение наступает, когда вы замечаете эту привычную игру в эмоциональные прятки и позволяете психике естественным образом залечить раны. Главное — не мешайте ей и поменьше ставьте себе диагнозов: за ними очень легко спрятаться, но восстановиться они точно не помогут.

@viola.maro.psy 
📍Консультирование и Психотерапия - violamaro.com

📍 Терапевтические Аудио Марафоны в записи
🎧 «Выход из позиции жертвы» 
🎧 «Жизнь без токсичных отношений, абьюза и манипуляций» 

🔗info in bio",
2026-07-28,25974,1940,85,105.199997,https://www.instagram.com/p/DbVTYuVhXFY/,"Небольшой совет от вашего психолога: ваши личные границы в отношениях с людьми всегда должны быть сильнее вашей эмпатии, иначе вы будете продолжать оправдывать и пытаться понять тех, кто делает вам больно. Эмпатия позволяет вам заглянуть за фасад чужой жизни, и вы через сочувствие к чужой боли, проблемам, ранам будете прощать и давать возможности и шансы. И вами будут пользоваться.
Эмпат не может не включиться, если видит. Вот личные границы как раз и ограничат свойственное эмпатам распаковывание человека. Границы эмпат должен установить у себя, но и уважать чужие — не лезть самим сразу смотреть вглубь, в душу, под кожу, за фасад человека. Люди это чувствуют и им может это не нравиться. Вы можете это, но не надо — это в одной стороны утяжеляет общение, это сделает вас самих уязвимыми и чуть-чуть, но токсичными.
Сначала границы, а потом эмпатия.

@viola.maro.psy 
📍Консультирование и Психотерапия - violamaro.com","Небольшой совет от вашего психолога. Помните, что личные границы в отношениях с людьми всегда, абсолютно всегда, должны быть сильнее, чем ваша эмпатия. Иначе вы всегда будете склонны пытаться понять, войти в положение или же оправдать тех, кто делает вам больно. Да, эмпатия дает вам возможность буквально заглянуть за фасад чужой жизни. И вы через со-чувствование сможете глубже, точнее понимать чужие проблемы, боли, раны. Но если вы не умеете останавливаться, разделять ваши жизни, вы будете идти на поводу чужих проблем. Вы будете бесконечно прощать, давать вторые, третьи, пятые шансы. И, к сожалению, вами будут продолжать пользоваться. И вот личные границы останавливают прежде всего свойственное эмпатам распаковывание человека. Эмпат должен научиться устанавливать не только свои границы, но и уважать границы другого человека. Научиться без спроса не заглядывать за фасад, не начинать сразу смотреть вглубь, в душу, под кожу. Знаете, что люди это чувствуют? И многим это не нравится. Да, вы это можете, но не нужно этого делать. Потому что с одной стороны это может утяжелять общение, люди могут чувствовать некомфортно себя в вашем присутствии. Плюс ко всему вы открываетесь, становитесь уязвимыми и чуть-чуть токсичными. Поэтому сначала границы, а потом эмпатия."
2026-07-29,38118,2777,90,108.066666,https://www.instagram.com/p/DbXx7z4BMuL/,"Небольшой совет от вашего психолога: не нужно искать себе только настоящих друзей с большой буквы на всю жизнь. Очень важно иметь более лёгкие формы дружбы и приятельство по интересам. На работе, люди, с которыми вы мило общаетесь, когда выгуливаете питомцев, занимаетесь спортом, с кем-то перекинуться парой слов или посплетничать в баре, с кем-то пройти 10 км... Разные форматы дружбы приносят разные эмоции.

Дифференцируйте эмоции: есть ежедневные небольшие приятные моменты, есть короткие встречи, есть что-то, что формируется годами. Всё это важно, но всё это — разные вещи. И нам важны они все.

Если вы перестанете ожидать от каждого глубины, понимания и заинтересованности выстроить с вами отношения навсегда, вы перестанете разочаровываться и грустить и начнёте получать удовольствие от общения с живыми людьми в моменте. Есть те, с кем получается открыться, кто понимает вас глубоко, но есть и те, с кем приятно провести день на поверхности, проживая простые, короткие эмоции.

Эмоциональная дифференциация важна: есть эмоции-деликатесы, есть эмоции, питающие нас на постоянной основе, а есть эмоции-перекусы. Нам важны все! Не лишайте себя здоровой и полезной пищи, но баловать себя вкусняшкой, да и просто снеком, не забывайте.

Помните, что эмоции — это палитра, и не лишайте её многоцветия и многокрасочности.

@viola.maro.psy 
📍Консультирование и Психотерапия - violamaro.com","Небольшой совет от вашего психолога. Не нужно себе искать только настоящих друзей с большой бупой и на всю жизнь. Очень важно создавать себе и более облегченные варианты дружбы и приятельствования по интересам. Друзья по работе, люди, с которыми вы мило общаетесь, пока вы гуливаете домашних питомцев. Люди, с которыми вы перекидываетесь пару слов за чашкой кофе, или сплетничаете в баре, или же идете 10 километров. Разные форматы дружбы приносят разные эмоции. И нужно уметь их дифференцировать. Есть короткие встречи, а есть то, что формируется годами. Это разные вещи, но все они важны. Если вы перестанете ожидать, где-то требовать от каждого человека глубинного понимания вас, вы будете меньше разочаровываться и грустить, и начнёте получать больше удовлетворения, удовольствия от общения с живыми людьми в моменте. Конечно, есть люди, с которыми вы можете открыться, которые понимают вас глубоко, и это очень ценное и редкое общение. И есть те, с кем приятно провести день на поверхности, проживая простые, короткие эмоции. И для того, чтобы быть здоровым, наполненным и счастливым человеком, эмоциональная дифференциация очень важна. Есть эмоции деликатесы, и есть эмоции, питающие вас ежедневно на постоянной основе. И есть даже эмоции перекусы. И для нас важны все, и поэтому не лишайте себя как здоровой и полезной пищи, но не забывайте баловать себя и вкусняшками. Помните, что эмоции – это палитра, и не ограничивайте себя, не лишайте себя этой многокрасочности."
2026-07-30,15717,878,35,66.366669,https://www.instagram.com/p/DbaW9LHh_Tw/,"Когда вы чувствуете потребность что-то поменять в своей жизни или устали от себя и хотите измениться, потому что внутри уже чувствуете себя другим, но до сих пор проявляетесь по-старому, — начните с этих двух простых вещей.
Во-первых, выбросьте вон все упрёки самому себе: о потерянном времени, о своей слабости или глупости в каких-то ситуациях, о вашей некрасивости и неидеальности по сравнению с теми, другими, о вашей лени или бездействии, о ваших откатах и моментах грусти и депрессии. Хотите что-то изменить к лучшему — прекратите сравнивать себя в минус себе. Хватит быть и жертвой, и абьюзером в одном лице.
И во-вторых, перестаньте бегать и догонять тех, кому вы не нужны. Заберите своё внимание и эмоции, уведите своё сердце буквально за ручку из тех мест и от тех людей, где нет любви.
Только так ваше стремление к переменам, к лучшему перестанет быть бегом на месте: шаг вперёд и два назад.

@viola.maro.psy 
📍Консультирование и Психотерапия - violamaro.com

📍 Терапевтические Аудио Марафоны в записи
🎧 «Выход из позиции жертвы» 
🎧 «Жизнь без токсичных отношений, абьюза и манипуляций» 

🔗info in bio",
2026-07-30,16288,709,20,43.768162,https://www.instagram.com/p/DbbHEfUBVC_/,"📍Смотрите полное видео на моем YouTube Viola.Maro

📍Консультирование и Психотерапия - violamaro.com",
2026-07-31,18113,881,32,334.621307,https://www.instagram.com/p/DbdB0xtBCBi/,"Иногда человек приходит в такую точку осознания, где понимает, что всё, что ему на данный момент удавалось в жизни хорошо, — это выживать…

@viola.maro.psy 
📍Консультирование и Психотерапия - violamaro.com

📍 Терапевтические Аудио Марафоны в записи
🎧 «Выход из позиции жертвы» 
🎧 «Жизнь без токсичных отношений, абьюза и манипуляций» 

🔗info in bio",
2026-08-02,16596,849,39,372.799988,https://www.instagram.com/p/DbhmpDaBjW_/,"Ты уже чувствуешь нового себя внутри, но продолжаешь жить по-старому.
Создание новой версии себя почти всегда начинается с полного сноса старой.
С тех представлений, целей, привычек и образа, который ты годами собирал по кусочкам.
Самый большой внутренний конфликт — оставаться верным тому, кем ты «должен» быть.
Но ты не обязан.
Твоё прошлое не имеет права диктовать твоё будущее.
Да, процесс похож на стройку: пыль, грязь, ощущение чужака в собственной жизни.
Это нормально.
Не торопись собирать всё заново.
Просто отпусти.
Дай жизни заполнить пустоты.
Ты можешь всё изменить.
Сегодня. Сейчас.

@viola.maro.psy 
📍Консультирование и Психотерапия - violamaro.com

📍 Терапевтические Аудио Марафоны в записи
🎧 «Выход из позиции жертвы» 
🎧 «Жизнь без токсичных отношений, абьюза и манипуляций» 

🔗info in bio",
2026-08-02,198,3,0,80.177055,https://www.instagram.com/p/DbiOUcyBkuW/,"@viola.maro.psy 
📍Консультирование и Психотерапия - violamaro.com",
2026-08-03,28235,2321,124,95.833336,https://www.instagram.com/p/DbkZOHxB0qM/,"Больше всего эмпатам и людям с повышенной чувствительностью боли и неприятия доставляет их ощущение, их видение фальшивости других людей. Они видят неискренность, они видят многоходовки манипуляторов, они видят маски, фальшь — вот просто как дети смотрят на этот театр, и им от этого больно. У меня для вас одна новость — это видите только вы, они этого даже не замечают.
И вот эмпаты, чувствительные люди и очень часто дети видят фальшь, маски, они видят, что люди притворяются тем, кем не являются.
И правда человека проявляется в действиях, а не в словах, и вот именно несоответствие проявлений, поступков, действий со словами делает видимой маску человека.
Это неприятно, порой страшно, и это приносит эмпатам много грусти, разочарования в жизни, в людях, глубину экзистенциальную тоску, а порой и депрессию.
Что с этим делать? Нужно выходить из детской позиции, когда вы только наблюдаете и терпите, во взрослую, когда вы принимаете решение, на что вам смотреть, с кем вам дружить, кого любить и куда идти.

@viola.maro.psy 
📍Консультирование и Психотерапия - violamaro.com

📍 Терапевтические Аудио Марафоны в записи
🎧 «Выход из позиции жертвы» 
🎧 «Жизнь без токсичных отношений, абьюза и манипуляций» 

🔗info in bio","Знаете, больше всего боли и внутреннего неприятия эмпатам и людям с повышенной чувствительностью доставляет их видение фальше других людей. Они видят неискренность, они видят многоходовки манипуляторов, они видят маски, они видят фальшь. Вот просто как дети, они смотрят, они видят этот театр, и им от этого больно. И у меня для вас одна новость. Это видите только вы. Все другие это даже не замечают, даже не обращают на это внимание. А вот эмпаты, люди с повышенной чувствительностью и очень часто дети видят фальшь, видят маски. Они видят, что люди притворяются тем, чем они на самом деле не являются. А в чём проявляется настоящая природа человека? В действиях, в проявлениях, а не в словах. И вот именно несоответствие действий, поступков со словами делает видимой маску человека. И да, это неприятно, порой страшно, и это приносит эмпатам очень много грусти, разочарования в жизни, в людях. Человек может столкнуться с глубинной экзистенциальной тоской, а порой и депрессией. Что с этим делать? Нужно выходить из детской позиции, когда вы только видите и терпите. Во взрослую, когда вы принимаете решение, на что вам смотреть, с кем вам дружить, кого вам любить и куда вам идти."
2026-08-04,91960,4244,272,151.671295,https://www.instagram.com/p/Dbm0x3dhbkA/,"Настоящего завистника, который внутри завидует вам отнюдь не белой завистью, сравнивает с собой, а злится на то, что есть у вас, крадёт ваш образ, копирует вашу жизнь, — таких людей сложно выявить, потому что чаще всего они находятся очень близко к вам, умеют хорошо мимикрировать под добрых друзей, советчиков, помощников.
Но есть моменты, когда их сущность можно раскрыть, когда их маска сползает. Вы можете воочию увидеть эти моменты, если будете внимательно наблюдать за микромимикой лица.

Когда вы приносите хорошую новость, делитесь своей удачей, успехом, просто чем-то хорошим, — будьте внимательны в первую секунду, даже в половину секунды, прежде чем вас осыплют комплиментами. Вы сможете заметить злую гримасу. Вот в первые полсекунды вы можете как вспышку увидеть микромимику злости и ненависти. 
Если вам кажется, что вам показалось, — нет, вам не показалось. Кстати, они замечают, если вы обращаете на это внимание, и с двойной силой начинают поддерживать вас, хвалить, осыпать комплиментами.

Точно так же, когда вы приходите с плохой новостью: что-то в вашей жизни пошло не так, не получилось с работой, отказали в кредите, человек, который был для вас важен, не звонит, вам больно. И вот когда вы делитесь плохой для себя новостью, в первую секунду вы увидите гримасу счастья, наслаждения. А потом человек на словах уходит в поддерживающую и сочувствующуую риторику.
Это моменты, когда сползает маска, небольшой сбой в программе, который показывает, что по-настоящему скрывает от вас этот персонаж, которому вы, скорее всего, очень верите.

Поэтому вам «не показалось», и к этому человеку стоит присмотреться повнимательнее, чтобы потом не стать жертвой предательства или не оказаться в неприятной и неловкой ситуации.
Будьте бдительны, дорогие мои, берегите себя 🫶🏻

@
📍Консультирование и Психотерапия - violamaro.com

📍 Терапевтические Аудио Марафоны в записи
🎧 «Выход из позиции жертвы» 
🎧 «Жизнь без токсичных отношений, абьюза и манипуляций» 

🔗info in bio","Знаете, настоящего завистника, который завидует вам отнюдь не белой завистью, сравнивает с собой, злится на то, что у вас есть, крадет ваш образ, копирует вашу жизнь. Таких людей очень сложно выявить, потому что чаще всего они находятся очень близко к вам. Они умеют очень хорошо мимикрировать под добрых друзей, помощников и советчиков. Но есть моменты, когда их сущность можно раскрыть, когда их маска сползает. И вы можете воочию увидеть эти моменты, если будете внимательно наблюдать за микро-мимикой лица. Вот когда вы приносите хорошую новость, делитесь каким-то своим успехом, удачей, ну вообще просто рассказываете что-то хорошее. Вот будьте внимательны в первую секунду, даже лучше сказать в первые полсекунды, прежде чем вас начнут осыпать комплиментами, вы можете как бы разглядеть, заметить случайную злую гримасу. Первые полсекунды вы можете увидеть как будто бы вспышку на лице злости, микромимику ненависти. И если вам кажется, что вам показалось, нет, вам не показалось. Кстати, если они замечают, что вы обратили на это внимание, впоследствии они начинают засыпать в вас с двойной силой, комплиментами, хвалить, поддерживать. И точно так же, когда вы приходите с плохой новостью, когда вы рассказываете, что что-то в жизни пошло не так, ну вот не получилось с работой, в кредите отказали. Человек, который был для вас значим и важен, ну вот не звонит, и вам грустно, больно. И вот когда вы делитесь плохой для себя новостью, в эту первую секунду вы можете буквально увидеть гримасу радости и счастья. А потом человек сразу уходит в такую поддерживающую и сочувствующую риторику. Это моменты, когда маска сползает, происходит такой небольшой сбой в программе, который показывает, что по-настоящему скрывает вас человек, которому вы, скорее всего, доверяете. Поэтому, когда вам кажется, что вам показалось, нет, вам не показалось. И к этому человеку стоит присмотреться повнимательнее, чтобы потом не стать жертвой предательства или оказаться в неловкой и неприятной ситуации. Будьте бдительны, дорогие мои, и берегите себя."
2026-08-05,28703,1296,49,94.933334,https://www.instagram.com/p/DbqU3kUhgDl/,"Те, кто уходят сразу после ссор и конфликтов, чаще всего уже хотели уйти. И конфликт стал только алиби для того, чтобы уйти как бы с чистой совестью и желательно оставив ответственность и вину вам.
В таких случаях люди уходят со сцены быстро, снимая с себя необходимость логических объяснений.
И если вы продолжаете эмоционально себя истязать, разбираться в ситуации, задаваться вопросами, ходить по психологам, а ваш оппонент, ваш партнёр, кажется, двинулся дальше налегке, более того — уже стал заводить новые связи и быстро строить новую жизнь… Знаете, что этот уход готовился очень давно. Человек искал повода, сознательно сформировал причину, театрально разыграл конфликт, а вы лишь последовательно прошли по его воронке.
Осознать это очень важно для того, чтобы перестать стучаться в закрытые двери, собрать свои эмоции, собрать себя, понять, что произошло, и увидеть, кто был перед вами.
Ясность сознания освобождает от эмоциональной зависимости.

@viola.maro.psy 
📍Консультирование и Психотерапия - violamaro.com",
2026-08-06,110473,7828,494,177.46666,https://www.instagram.com/p/DbskxcjhNDY/,"Когда токсичные, завистливые, эгозависимые люди не могут разрушить вас изнутри — подорвать уверенность и самооценку — они начинают уничтожать вашу репутацию. Очерняют ваш образ в глазах окружения.
Они ходят и вливают грязь в уши всем, кто готов слушать. Правдоподобно, эмоционально, раскрашивая ваш образ в тёмные цвета. Убеждённость их слов идёт от того, что они на самом деле описывают себя, только указывают пальцем на вас.
Делают это профессионально: знают, что если вы начнёте оправдываться, станете выглядеть ещё более виновным.
Зачем? Им нравится видеть, как другие начинают вас ненавидеть. «На меня ты не реагируешь — вот на это точно отреагируешь». Они хотят, чтобы в глазах людей и в истории вы навсегда остались запятнанным.
Им неважно быть любимыми. Им важна сила слова и власть решать, кто вы есть. Это не месть. Это стиль жизни: самоутверждаться за чужой счёт, чувствовать себя значимыми только через чужие жизни.
Всё, что можно сделать, — держаться подальше и выйти из игры любой ценой. Если кампания уже началась — становитесь им неинтересными как можно быстрее. Кого-то придётся потерять, но нормальные, здоровые останутся. Своих вы не потеряете.

@viola.maro.psy 
📍Консультирование и Психотерапи�","Когда токсичные, завистливые, эго-зависимые люди не могут вас разрушить, нанести вам конкретный дред, ну вот в каких-то манипуляторных отношениях, они будут пытаться разрушить вашу репутацию. То есть пытаться очернить ваш образ в глазах вашего окружения, ну или же вообще других людей. Вот когда им не удается разрушить вашу личность изнутри, разрушить ваша уверенность в себе, разрушить вашу самооценку, вот тогда они будут пытаться закидать вас грязью извне. И они будут ходить по всем, они будут вливать грязь в уши всех тех, кто готов их слушать. И они будут очень правдоподобно, очень эмоционально насыщенно раскрашивать в темные цвета ваш образ. И правдоподобность их слов происходит из-за того, что на самом деле описывают они себя. Они будут говорить о себе, но показывать пальцем на вас. Делают они это очень профессионально, зная, что если вы будете оправдываться, защищаться, вы будете выглядеть еще более виноватым. Зачем они это делают? Им нравится смотреть, как другие люди будут вас ненавидеть, как они будут высказывать свое отвращение. Они как бы посмеиваясь говорят внутри себя, ну раз на меня ты не реагируешь, то вот на все это тебе точно придется отреагировать. Ты научился принимать удары от меня? Ну посмотрим, посмотрим, как ты будешь отбиваться от всего этого. Причем они хотят, чтобы о вас не только думали плохо, чтобы о вас помнили плохо, чтобы в истории вы навсегда остались запятнанным. И знаете, что на самом деле им не важно быть любимыми, им важно, чтобы только их слово имело вес, чтобы только у их слова была власть и сила сказать и определить, кто вы есть. И не думайте, что это какая-то единичная месть только вам. Это их стиль жизни. Токсичные и эго-зависимые люди, нарциссы, они живут самоутверждаясь за чужой счет. Они ощущают себя живыми только за счет чужих жизней. К сожалению, люди с негативной психологией окружают нас повсеместно, и все, что вы можете сделать, это просто держаться подальше от таких людей. Если вдруг они попали в ваше окружение, очень важно поддерживать нейтралитет и выходить из игры любой ценой. И самое главное, научиться распознавать их вовремя. И вот здесь, дорогие мои, психология однозначно всегда будет вам в помощи. Продолжение следует..."
2026-08-07,23978,1418,127,179.233383,https://www.instagram.com/p/Dbvs-qlBTFy/,"Жили-были Эмпат и Нарцисс.
Оба несли в сердце одни и те же детские раны — чувство ненужности и брошенности. Только один научился выживать, отдавая всего себя, а другой — прячась за холодной маской.
Эмпат видел боль под этой маской и не отвернулся. Он разглядел раненого ребёнка за контролем и холодом, полюбил сильнее, простил глубже.
Но трагедия в том, что эмпат теряет себя в этом процессе.
Его сострадание превращается в отказ от себя. Эта связь становится все поглощающие и поглощает прежде всего самого Эпата.
Его терпение становится токсичной терпимостью.
И пока нарцисса «спасают», эмпат медленно иссыхает и ломается.
В конце концов эмпат доходит до точки, после которой или сломается или проснётся.
Эта точка  осознание как электрошок приводит эмпата в себя -  это не значит что он/она перестали любить, просто они перестают прятаться и понимают понимает болезненную правду:
любовь не может исцелить того, кто отказывается брать ответственность за свои раны.
Эмпат уходит, чтобы спасти себя.
А нарцисс теряет единственного человека, который увидел его за маской… видел и  оставался.
Вот и сказочке конец, а кто проснулся — молодец! 

@viola.maro.psy 
📍Консультирование и Психотерапия - violamaro.com

📍Телеграмм канал - t.me/violamaro1

📍 Терапевтические Аудио Марафоны в записи
🎧 «Выход из позиции жертвы» 
🎧 «Жизнь без токсичных отношений, абьюза и манипуляций» 

🔗info in bio",
2026-08-10,19289,990,30,52.333332,https://www.instagram.com/p/Db2RzYYhmDW/,"@viola.maro.psy 
📍Консультирование и Психотерапия - violamaro.com

📍Телеграмм канал - t.me/violamaro1",
2026-08-12,13787,719,39,134.372421,https://www.instagram.com/p/Db7lzArBgKc/,"Как выйти из токсичных отношений? 
Что делать и с чего начать:
Первое — перестать искать в нём хорошее, которое «точно есть». Иногда его нет. Есть только роль, которую он хорошо играет.
Второе — перестать оправдываться. Каждое ваше оправдание — это топливо для манипуляции.
Третье — учиться выдерживать его недовольство. Его обиду. Его молчание. Его упрёки. Это будет тяжело. Телу будет плохо. Но именно в этом месте начинается выход.
И четвёртое — помнить: человек, который по-настоящему вас любит, не будет разрушать вас, чтобы чувствовать себя сильным. Он не будет кормить своё эго вашей виной. Он не будет держать вас на поводке.
Токсичные отношения всегда оставляют после себя один и тот же след: вы выходите из них меньше, чем были. Усталые. Неуверенные. С ощущением, что с вами что-то не так.
Это не так. Это просто результат долгой работы чужого эго на вашей психике.
Держитесь подальше. Выходите раньше, чем успеете привыкнуть к боли. И берегите тех, кто рядом с вами не уменьшает вас, а делает больше!

@viola.maro.psy 
📍Консультирование и Психотерапия - violamaro.com

📍Телеграмм канал - t.me/violamaro1",
2026-08-12,1440,47,1,27.366667,https://www.instagram.com/p/Db75gjkhbMC/,"@viola.maro.psy 
📍Консультирование и Психотерапия - violamaro.com

📍Телеграмм канал - t.me/violamaro1",
2026-08-16,1664,69,4,38.5,https://www.instagram.com/p/DcFyfmFBWvF/,"🧩Хотите узнать, эмпат вы на самом деле или нет? Напишите слово «ТЕСТ» под рилсом, и я отправлю вам тест на эмпата в ЛС. Узнаете, какой именно вы эмпат и в чём ваша сила🩵

@viola.maro.psy 
📍Консультирование и Психотерапия - violamaro.com",
2026-08-17,1336,26,0,24.402721,https://www.instagram.com/p/DcIUqLhhxFV/,"@viola.maro.psy 

🧩 Эмпат ли вы на самом деле? Пройдите тест в моём ТГ 👇🏼
📍Телеграмм канал - t.me/violamaro1

📍Консультирование и Психотерапия - violamaro.com",
2026-08-17,9175,531,107,222.600006,https://www.instagram.com/p/DcIxgEohKBW/,"🧩Хотите узнать, эмпат вы на самом деле или нет? Напишите слово «ТЕСТ» под рилсом, и я отправлю вам тест на эмпата в ЛС. Узнаете, какой именно вы эмпат и в чём ваша сила!

СДВГ и эмпатия (высокая чувствительность) — это разные вещи, хотя внешне они часто пересекаются и путаются.
Как отличить на практике
Полезные вопросы:
1. В тихой, спокойной обстановке внимание держится хорошо? — Да → больше в сторону высокой чувствительности. — Нет, даже там «уплывает» → больше в сторону СДВГ.
2. Импульсивность — действуете «сначала, потом думаю» или, наоборот, долго взвешиваете? — Долго взвешиваете → чувствительность. — Часто действуете импульсивно → СДВГ.
3. После общения что нужно для восстановления? — Полная тишина и уединение → чувствительность/эмпатия. — Смена деятельности, движение, новая стимуляция → чаще СДВГ.
4. Чужие эмоции — вы их буквально «впитываете» и потом не можете отделить от своих? — Да, очень сильно → эмпатия. — Чувствуете, но больше страдаете от собственной эмоциональной дисрегуляции → может быть СДВГ.
Важно
Эти особенности не исключают друг друга. Человек может быть и высокочувствительным, и иметь СДВГ. Тогда симптомы усиливают друг друга: глубина обработки + проблемы с регуляцией дают особенно сильную перегрузку.
📍Консультирование и Психотерапия - violamaro.com",
2026-08-18,21553,1378,277,207.654602,https://www.instagram.com/p/DcLi_hPh8sD/,"🧩Хотите узнать, эмпат вы на самом деле или нет? Напишите слово «ТЕСТ» под рилсом, и я отправлю вам тест на эмпата в ЛС. Узнаете, какой именно вы эмпат и в чём ваша сила🫶🏻

Если вас никогда не любили люди, которые должны были бы любить, вы будете находиться в постоянном поиске этой любви. Любое тёплое объятие, забота, добрые слова, чуткость, внимание будут вами интерпретированы как любовь.
В дружеских отношениях, в близких отношениях с любимыми они всегда ищут, что им дадут то, чего они так долго ждали. Именно из-за этого ожидания они влюбляются очень быстро и очень глубоко, порой не замечая негативные манипулятивные сигналы в поведении партнёра.
Такие люди ищут что-то, чего им не хватало всю их жизнь. Чаще всего они сами не могут объяснить, что это именно, и дают абстрактные, очень завышенные, идеалистические, высокопарные описания этой любви.
Если вы узнаёте себя в этом описании, нужно очень хорошо понимать, что вы ищете что-то, что ни один партнёр не сможет вам дать. То, в чём вы нуждались когда-то, к сожалению, в то время вы не получили. Поэтому нужно очень заботливо, трепетно, по-родительски относиться к себе, потому что эту любовь можете дать себе только вы сами.
Тот факт, что у вас были такие родители, тот факт, что вам пришлось пережить то, что вы пережили, — все эти раны вы не выбирали. Вы с этим столкнулись, вы это пережили, и все ваши раны — это вообще не ваша вина. Но ту любовь, в которой вы нуждались тогда, сегодня никто не может вам дать, кроме вас самих. Эта любовь связана с пониманием, с заботой о себе, с нежным, трепетным, безусловным принятием самого себя. Вы нуждаетесь в любви к себе.

📍Консультирование и Психотерапия - violamaro.com",
2026-08-19,8061,499,42,78.166664,https://www.instagram.com/p/DcOAcWUB4dR/,"🧩Хотите узнать, эмпат вы на самом деле или нет? Напишите слово «ТЕСТ» под рилсом, и я отправлю вам тест на эмпата в ЛС. 

Наши эмоции — это посланники, мессенджеры.
Ревность показывает вам то, что вы боитесь потерять.
Зависть показывает вам то, что вы страстно желаете.
Злость — это показатель того, что где-то на вас давят, нарушают ваши личные границы, где вы чувствуете слабость и бессилие.
И тревожность показывает, где вам не хватает уверенности и контроля.
Поэтому эмоции всего спектра — как позитивного, так и негативного — полезны для нас. Их не нужно пытаться подавить или отказаться от них, к ним нужно прислушаться, и их нужно понять.
Мы не должны сразу же на них реагировать — наоборот, нужно притормозить, остановиться и спросить себя: «Что именно говорят мне мои чувства? О чем информирует меня эта эмоция?»
Именно поэтому так важно развивать эмоциональный интеллект.

📍Консультирование и Психотерапия - violamaro.com",
2026-08-20,13240,858,121,140.566666,https://www.instagram.com/p/DcQPLOKhxJd/,"🧩Хотите узнать, эмпат вы на самом деле или нет? Напишите слово «ТЕСТ» под рилсом, и я отправлю вам тест на эмпата в ЛС. Узнаете, какой именно вы эмпат и в чём ваша сила

Когда женщина в стрессе, ей нужно поговорить. Если у неё нет возможности выговориться, её стресс будет всё расти и расти.

Для мужчины это может быть не нужно и не важно, но для женщины критически необходимо проговорить чувства, озвучить эмоции.

Во-первых, проговорённый груз становится немного легче. Во-вторых, если есть кто-то, кто уделяет внимание, кто слушает не с безразличием, — по сути, нужно всего-то немного эмпатии. Женщине нужно понимающее, принимающее её зеркало.

Но мужчина чаще всего воспринимает всё как оператор или техник — по схеме: услышал, понял, пошёл решать. Мозг мужчины заточен на решение проблем. А если нет спущенного колеса и никто не умер, то и решать вроде нечего.

Мозг мужчины не видит реальной проблемы и с оптимизмом, а порой и с снисходительностью делает вывод, что она сама себя накручивает на пустом месте и всё это ерунда.

Но это происходит потому, что мужчина отрывает факты от эмоций. А разговор о них как раз и снижает стресс женщины.

А мужчина что говорит? «Да не парься», «не переживай», «это ерунда», «это не проблема», «не накручивай» — и таким образом буквально «сводит женщину с ума». И она начинает не говорить, а орать о своих эмоциях или вообще замолкает, что, поверьте мне, гораздо хуже!

Эмпатия — эмоциональный интеллект — это именно тот золотой ключик для решения проблем непонимания в паре.

📍Консультирование и Психотерапия - violamaro.com",
2026-08-21,1051,23,1,65.966667,https://www.instagram.com/p/DcStKJ9BU_B/,"@v

🧩Хотите узнать, эмпат вы на самом деле или нет? Пройдите ТЕСТ в моем ТГ 👇🏻

📍Телеграмм канал - t.me/violamaro1

📍Консультирование и Психотерапия - violamaro.com",
2026-08-21,6760,257,30,165.433334,https://www.instagram.com/p/DcTZLlsBvGd/,"У вас чувствительный ребенок? Небольшой совет от вашего психолога - вам нужны не только спорт и кружки, вам нужно развивать его эмоциональный интеллект. Дети учатся эмпатии прежде всего на том, как относятся к их собственным чувствам.
•Эмпатию (Эмоциональная — чувствовать то же, что и другой. Когнитивная — понимать, почему человек чувствует именно так (поставить себя на его место). Поведенческая (сострадательная) — захотеть помочь или хотя бы не усугублять ситуацию.) развиваем вместе с границами (понимать чувства другого ≠ жертв. 

Практические инструменты
•  Эмоциональный комментарий (называть чувства вслух).
•  Обсуждение книг и мультфильмов («Что чувствует герой?»).
•  Ролевые игры и смена ролей.
•  Игры на распознавание эмоций.
•  Разбор реальных конфликтов с двух сторон после успокоения.
•  Практика заботы (растения, животные, помощь другим).

Эмоциональный интеллект — это навык, а не врождённый талант. Регулярная практика даёт заметные изменения уже через 4–8 недель.

🧩Хотите узнать, эмпат вы на самом деле или нет? Напишите слово «ТЕСТ» под рилсом, и я отправлю вам тест на эмпата в ЛС. Узнаете, какой именно вы эмпат и в чём ваша сила

📍Консультирование и Психотерапия - violamaro.com",
2026-08-22,7688,437,38,170.804535,https://www.instagram.com/p/DcVTkPAhDkN/,"🧩Хотите узнать, эмпат вы на самом деле или нет? Напишите слово «ТЕСТ» под рилсом, и я отправлю вам тест на эмпата в ЛС. Узнаете, какой именно вы эмпат и в чём ваша сила

 Чаще всего люди добрые, чувствительные и эмпатичные имеют проблемы с сердцем: оно у них то закрыто, то открыто, то плачет, то радуется. Его они чувствуют больше всего, но оно всегда на передовой — без защиты и без поддержки.
Да, с рождения мы живем в очень непростом мире и везде сталкиваемся с болезненным опытом, где любовь не приносит только радость — любовь приносит и боль.
Это жестокий и грубый мир, и беззащитное сердце — особенно у людей чувствительных и эмпатичных — видит, что словом «любовь» могут оправдывать насилие, бесчеловечность, агрессивность.
Что происходит, когда эмпат понимает, что любовь для других условна? Выбирает закрыться. Закрыть сердце, чтобы вообще не чувствовать, потому что чувствовать стало равно чувствовать боль. Из каждого опыта взаимодействия с людьми выходить битым. Из раскрытого состояния с каждым опытом предательства или формулы «любовь — это боль» сердце закрывается.
Есть те, кто держат его открытым, несут внутри множество ран — и заживших, и вечно открытых. Они все в шрамах и живут с фоновым ощущением боли. И есть те, кто его закрывают, закупоривают, начинают формировать психосоматические узлы — болезни сердца самые распространенные.
Чаще всего люди живут в закрытом состоянии, защищаясь от мира механизмами контроля, и постоянно приглушают боль незаживших ран.
Но, закрывая сердце, вы закрываете и возможность проживать радость, счастье и любовь.
Это тонкие балансы, которые поможет вам восстановить именно психология.

📍Консультирование и Психотерапия - violamaro.com",
2026-08-24,11410,698,28,78.400002,https://www.instagram.com/p/DcbPaTThQIN/,"Обвинения, упрёки, оскорбления — это тест.
Вам кидают приманку и смотрят, насколько вы на неё поведётесь.
Если вы реагируете, любая ваша реакция — это цена: вас протестировали, и там, где вы отреагировали, туда вам будут бить снова и снова.
Приучите себя не реагировать, дышите и не выдавайте читаемой реакции — и тогда оскорблению некуда будет приземлиться. Оно просто упадёт на пол между вами и обидчиком.
Любые ваши оправдания, объяснения, все ваши «это не правда» — это информация о ваших слабых триггерных зонах,
куда вас будут бить снова и снова.
Ваше молчание лишает их карты для будущих атак и точных мишеней.
Помните: внутри они вас не видят.
И не получая реакции, вы делаете обидчику туше 🤺

📍Консультирование и Психотерапия - violamaro.com

🧩Хотите узнать, эмпат вы на самом деле или нет? Пройдите ТЕСТ в моем ТГ 👇🏻
📍Телеграмм канал - t.me/violamaro1",
